-- MySQL dump 10.14  Distrib 5.5.47-MariaDB, for Linux (x86_64)
--
-- Host: localhost    Database: ihealth
-- ------------------------------------------------------
-- Server version	5.5.47-MariaDB

/*!40101 SET @OLD_CHARACTER_SET_CLIENT=@@CHARACTER_SET_CLIENT */;
/*!40101 SET @OLD_CHARACTER_SET_RESULTS=@@CHARACTER_SET_RESULTS */;
/*!40101 SET @OLD_COLLATION_CONNECTION=@@COLLATION_CONNECTION */;
/*!40101 SET NAMES utf8 */;
/*!40103 SET @OLD_TIME_ZONE=@@TIME_ZONE */;
/*!40103 SET TIME_ZONE='+00:00' */;
/*!40014 SET @OLD_UNIQUE_CHECKS=@@UNIQUE_CHECKS, UNIQUE_CHECKS=0 */;
/*!40014 SET @OLD_FOREIGN_KEY_CHECKS=@@FOREIGN_KEY_CHECKS, FOREIGN_KEY_CHECKS=0 */;
/*!40101 SET @OLD_SQL_MODE=@@SQL_MODE, SQL_MODE='NO_AUTO_VALUE_ON_ZERO' */;
/*!40111 SET @OLD_SQL_NOTES=@@SQL_NOTES, SQL_NOTES=0 */;

--
-- Table structure for table `admin_disease`
--

DROP TABLE IF EXISTS `admin_disease`;
/*!40101 SET @saved_cs_client     = @@character_set_client */;
/*!40101 SET character_set_client = utf8 */;
CREATE TABLE `admin_disease` (
  `DISEASE_ID` varchar(100) NOT NULL,
  `NAME` varchar(255) DEFAULT NULL COMMENT '名称',
  `DESCRIPTION` varchar(255) DEFAULT NULL COMMENT '描述',
  `ISINHERITABLE` int(11) NOT NULL COMMENT '是否遗传倾向',
  `ISHIGHINCIDENCE` int(11) NOT NULL COMMENT '是否高发',
  `CREATEBY` varchar(255) DEFAULT NULL COMMENT '创建记录员工id',
  `CREATEON` timestamp NULL DEFAULT NULL COMMENT '创建记录时间',
  `DISEASECATEGORY_ID` varchar(32) DEFAULT NULL COMMENT '疾病分类外键',
  PRIMARY KEY (`DISEASE_ID`)
) ENGINE=InnoDB DEFAULT CHARSET=utf8;
/*!40101 SET character_set_client = @saved_cs_client */;

--
-- Dumping data for table `admin_disease`
--

LOCK TABLES `admin_disease` WRITE;
/*!40000 ALTER TABLE `admin_disease` DISABLE KEYS */;
INSERT INTO `admin_disease` VALUES ('145909f7189e4aabade2564902f76f2c','结直肠癌','',1,1,'0183ed31711943ad9abf193b07bcc570','2016-05-10 16:00:00','bee83403dfca4cd1a73d7035ef13c6e9'),('2581ac8eef924352935347cad12a127d','甲状腺癌（乳头状癌、滤泡样癌）','',1,1,'0183ed31711943ad9abf193b07bcc570','2016-05-10 16:00:00','bc1f25fce0144f638f00ff5e5260a1fe'),('29dd3f1a0461496eb79bbb08f02b8ce8','龋齿','',0,1,'0183ed31711943ad9abf193b07bcc570','2016-05-10 16:00:00','f5f786b46cdb4acc91d2e4fbfa39d3f6'),('2a084f88cc9c4c5984fd6cb49535338d','乙型病毒性肝炎','乙型病毒性肝炎',0,1,'f5c882b90236479d803369bd580c2ae2','2016-05-25 09:10:32','ab5984ff96ae40a7a99c958a03f3470e'),('2b8571eaf4c24a0db9f4411185cf3990','骨质疏松','',0,1,'0183ed31711943ad9abf193b07bcc570','2016-05-10 16:00:00','674fe0004c0f4f278dfa0c3b26af67c9'),('361a207e57464933a70c447376f4b8f2','鼻咽癌','',0,1,'0183ed31711943ad9abf193b07bcc570','2016-05-10 16:00:00','579504a844f048e7ace25e7ef0ea26ff'),('3da0332052ba46b586a94772f65db2cf','丙型病毒性肝炎','丙型病毒性肝炎',0,1,'f5c882b90236479d803369bd580c2ae2','2016-05-25 09:10:16','ab5984ff96ae40a7a99c958a03f3470e'),('3e8727d3ca9349a58b4990edaa0db903','腹主动脉瘤','',0,1,'0183ed31711943ad9abf193b07bcc570','2016-05-10 16:00:00','1358ff94ba9d4dd2a7acec14d779ba04'),('4128397e3ca24d9785da2d80c8aea6cc','阻塞性睡眠呼吸暂停低通气综合征','',0,1,'0183ed31711943ad9abf193b07bcc570','2016-05-10 16:00:00','bdf608f3ce154cc284b12f85f0ff0b40'),('443726ff3f7b4f668d6ca4a412f2001a','卵巢癌','',1,1,'0183ed31711943ad9abf193b07bcc570','2016-05-10 16:00:00','099a6e1b28b64263ba011c2a4552b8c1'),('481738c1e22b4e48abd4b37cf20359aa','牙周病','',0,1,'0183ed31711943ad9abf193b07bcc570','2016-05-10 16:00:00','f5f786b46cdb4acc91d2e4fbfa39d3f6'),('4927a9a1f70f4a4697acd2b62cf65971','胆囊癌','',0,1,'0183ed31711943ad9abf193b07bcc570','2016-05-10 16:00:00','bee83403dfca4cd1a73d7035ef13c6e9'),('49bb5cf885a44d068f6cc839f44b0fe5','甲状腺髓样癌','',1,1,'0183ed31711943ad9abf193b07bcc570','2016-05-10 16:00:00','bc1f25fce0144f638f00ff5e5260a1fe'),('66e8a724efea4d1d8d54c900ffd1984b','颈动脉狭窄','',0,1,'0183ed31711943ad9abf193b07bcc570','2016-05-10 16:00:00','081a178d080f4f33ae90d147c604d6ba'),('67b14f7fb6164db38b34f9cecbc78a9e','肺动脉高压','',0,1,'0183ed31711943ad9abf193b07bcc570','2016-05-10 16:00:00','a926dee046854d88af100b1e98d4cb4c'),('6c8ce194bbd1426da1170781819a890b','肝癌','肝细胞肝癌',1,1,'0183ed31711943ad9abf193b07bcc570','2016-05-10 16:00:00','bee83403dfca4cd1a73d7035ef13c6e9'),('6e3256bed9694c11930bc5251ef42678','高血压','',0,1,'0183ed31711943ad9abf193b07bcc570','2016-05-10 16:00:00','06f4516b62d94764af64911ea13f6f80'),('750ea039c8b24154b0017c9ba46ce0f5','脑动脉粥样硬化','',0,1,'0183ed31711943ad9abf193b07bcc570','2016-05-10 16:00:00','081a178d080f4f33ae90d147c604d6ba'),('83faa64fdebb4af7be83fe05ec2898d7','成人2型糖尿病','成人2型糖尿病',1,1,'0183ed31711943ad9abf193b07bcc570','2016-05-10 16:00:00','7b66f9aab0f8497ba5a400c70ac1a7bf'),('8a5fd8556a8f470ca9ad276c3f7181cf','口腔癌','',0,1,'0183ed31711943ad9abf193b07bcc570','2016-05-10 16:00:00','579504a844f048e7ace25e7ef0ea26ff'),('96c7f45f8f6c44b9aa9047335f385b02','宫颈癌','',0,1,'0183ed31711943ad9abf193b07bcc570','2016-05-10 16:00:00','099a6e1b28b64263ba011c2a4552b8c1'),('af2b3396f5454bccaf0d5fb9327ce24d','恶性淋巴瘤','',1,1,'0183ed31711943ad9abf193b07bcc570','2016-05-10 16:00:00','2645311c5c6e4feba7b54952fe00971e'),('bb1a5c5baed54286ad3d097ad0bc8622','食管癌','',1,1,'0183ed31711943ad9abf193b07bcc570','2016-05-10 16:00:00','bee83403dfca4cd1a73d7035ef13c6e9'),('be36269e1960417a8fe60ed93fd465d3','乳腺癌','',0,1,'0183ed31711943ad9abf193b07bcc570','2016-05-10 16:00:00','e37bb4a891934a01a446cc290f6fb606'),('c2aef940bbc14bb598c88223d83c614b','胰腺癌','',0,1,'0183ed31711943ad9abf193b07bcc570','2016-05-10 16:00:00','bee83403dfca4cd1a73d7035ef13c6e9'),('d512d601abf64077ba881afb6b0de817','肺癌','？',1,1,'0183ed31711943ad9abf193b07bcc570','2016-05-10 16:00:00','9dd57f9fde1d463e972c74b3764f2015'),('d58141ace4fa4dd8868daa8864aed5ff','急性冠脉综合征','',0,1,'0183ed31711943ad9abf193b07bcc570','2016-05-10 16:00:00','3640dd55e2e142bcb1a0e907aa966d5a'),('e301591d7cb24381b364fb9f43ad864e','前列腺癌','',0,1,'0183ed31711943ad9abf193b07bcc570','2016-05-10 16:00:00','502598fded3041169d142f6ce23d7603'),('e613c52489824f9c8c51bf55d2b8cddb','胃癌','含有贲门癌',1,1,'0183ed31711943ad9abf193b07bcc570','2016-05-10 16:00:00','bee83403dfca4cd1a73d7035ef13c6e9'),('fb863969b48b4590ac9a1ce8580bda34','外周动脉疾病（PAD）','',0,1,'0183ed31711943ad9abf193b07bcc570','2016-05-10 16:00:00','1358ff94ba9d4dd2a7acec14d779ba04');
/*!40000 ALTER TABLE `admin_disease` ENABLE KEYS */;
UNLOCK TABLES;

--
-- Table structure for table `admin_diseaseandarticle`
--

DROP TABLE IF EXISTS `admin_diseaseandarticle`;
/*!40101 SET @saved_cs_client     = @@character_set_client */;
/*!40101 SET character_set_client = utf8 */;
CREATE TABLE `admin_diseaseandarticle` (
  `diseaseandarticle_id` varchar(32) NOT NULL,
  `article_id` varchar(32) DEFAULT NULL,
  `disease_id` varchar(32) DEFAULT NULL,
  PRIMARY KEY (`diseaseandarticle_id`)
) ENGINE=InnoDB DEFAULT CHARSET=utf8;
/*!40101 SET character_set_client = @saved_cs_client */;

--
-- Dumping data for table `admin_diseaseandarticle`
--

LOCK TABLES `admin_diseaseandarticle` WRITE;
/*!40000 ALTER TABLE `admin_diseaseandarticle` DISABLE KEYS */;
INSERT INTO `admin_diseaseandarticle` VALUES ('be78fd331499493da17ac03d16724907','250f603188da4b2f82578f5553656d7f','d58141ace4fa4dd8868daa8864aed5ff');
/*!40000 ALTER TABLE `admin_diseaseandarticle` ENABLE KEYS */;
UNLOCK TABLES;

--
-- Table structure for table `admin_diseasecategory`
--

DROP TABLE IF EXISTS `admin_diseasecategory`;
/*!40101 SET @saved_cs_client     = @@character_set_client */;
/*!40101 SET character_set_client = utf8 */;
CREATE TABLE `admin_diseasecategory` (
  `DISEASECATEGORY_ID` varchar(100) NOT NULL,
  `NAME` varchar(255) DEFAULT NULL COMMENT '名称',
  `DESCRIPTION` varchar(255) DEFAULT NULL COMMENT '描述',
  `CREATEBY` varchar(255) DEFAULT NULL COMMENT '创建记录员工id',
  `CREATEON` timestamp NULL DEFAULT NULL COMMENT '创建记录时间',
  `PARENT_ID` varchar(100) DEFAULT NULL,
  PRIMARY KEY (`DISEASECATEGORY_ID`)
) ENGINE=InnoDB DEFAULT CHARSET=utf8;
/*!40101 SET character_set_client = @saved_cs_client */;

--
-- Dumping data for table `admin_diseasecategory`
--

LOCK TABLES `admin_diseasecategory` WRITE;
/*!40000 ALTER TABLE `admin_diseasecategory` DISABLE KEYS */;
INSERT INTO `admin_diseasecategory` VALUES ('06f4516b62d94764af64911ea13f6f80','高血压病','','0183ed31711943ad9abf193b07bcc570','2016-05-10 16:00:00','5db9ec5cf57c450e9b39d02155e86e98'),('081a178d080f4f33ae90d147c604d6ba','脑血管病','','0183ed31711943ad9abf193b07bcc570','2016-05-10 16:00:00','5db9ec5cf57c450e9b39d02155e86e98'),('099a6e1b28b64263ba011c2a4552b8c1','女性生殖器官恶性肿瘤','','0183ed31711943ad9abf193b07bcc570','2016-05-10 16:00:00','4db5e27c17e04390b4e52c4c60d99923'),('0ece640f5c5f442eaef4790420ca5e82','主要为性传播模式的感染','','0183ed31711943ad9abf193b07bcc570','2016-05-10 16:00:00','97e52777ae0f40e0a23680b421a64893'),('1358ff94ba9d4dd2a7acec14d779ba04','动脉、小动脉和毛细血管疾病','','0183ed31711943ad9abf193b07bcc570','2016-05-10 16:00:00','5db9ec5cf57c450e9b39d02155e86e98'),('15248483b34c4a79aa8b75678df48442','呼吸系统疾病','','0183ed31711943ad9abf193b07bcc570','2016-05-10 16:00:00','0'),('16d2ed23fedb49d9bc1c2a8213593e06','起源于围生期的某些情况','','0183ed31711943ad9abf193b07bcc570','2016-05-10 16:00:00','0'),('1a2a976b6fae47ad9ef2413e8139b7f0','血液及造血器官疾病和涉及免疫机制的某些疾患','不包含血液及淋巴肿瘤','0183ed31711943ad9abf193b07bcc570','2016-05-10 16:00:00','0'),('1bc4b4747ee9490ea68004eb8bf67d85','由衣原体引起的其他疾病','','0183ed31711943ad9abf193b07bcc570','2016-05-10 16:00:00','97e52777ae0f40e0a23680b421a64893'),('1c7b1a9218b14bf5bca6517b8b5f41e4','皮肤和皮下组织疾病','','0183ed31711943ad9abf193b07bcc570','2016-05-10 16:00:00','0'),('1cdbb959479445e18f30bf5e9cbb34b2','疾病和死亡的外因','','0183ed31711943ad9abf193b07bcc570','2016-05-10 16:00:00','0'),('23b1e9f7601d45aa9d004bea11bf5756','其余无法归类的分类','无法归因或有其它特殊目的的分类','0183ed31711943ad9abf193b07bcc570','2016-05-10 16:00:00','0'),('2645311c5c6e4feba7b54952fe00971e','淋巴、造血和有关组织的恶性肿瘤','','0183ed31711943ad9abf193b07bcc570','2016-05-10 16:00:00','4db5e27c17e04390b4e52c4c60d99923'),('3640dd55e2e142bcb1a0e907aa966d5a','缺血性心脏病','','0183ed31711943ad9abf193b07bcc570','2016-05-10 16:00:00','5db9ec5cf57c450e9b39d02155e86e98'),('3f7a486213be4404a06a9ba4f9554a24','甲状腺功能异常','','f5c882b90236479d803369bd580c2ae2','2016-05-21 02:18:30','678880e0b2344763b6f171cadfab1db9'),('402d178c671241c7ae4aee3a70f9a2ac','妊娠、分娩和产褥期','','0183ed31711943ad9abf193b07bcc570','2016-05-10 16:00:00','0'),('4db5e27c17e04390b4e52c4c60d99923','肿瘤','包含良、恶性、动态未定及动态未知的肿瘤','0183ed31711943ad9abf193b07bcc570','2016-05-10 16:00:00','0'),('502598fded3041169d142f6ce23d7603','男性生殖器官恶性肿瘤','','0183ed31711943ad9abf193b07bcc570','2016-05-10 16:00:00','4db5e27c17e04390b4e52c4c60d99923'),('56e022a1623c489fabae3cad01d7c2bf','循环系统其他和未特指的疾患','','0183ed31711943ad9abf193b07bcc570','2016-05-10 16:00:00','5db9ec5cf57c450e9b39d02155e86e98'),('579504a844f048e7ace25e7ef0ea26ff','唇、口腔和咽恶性肿瘤','','0183ed31711943ad9abf193b07bcc570','2016-05-10 16:00:00','4db5e27c17e04390b4e52c4c60d99923'),('5a025fcd2bef476cb8cc2110e1692055','甲减及亚临床甲减','','f5c882b90236479d803369bd580c2ae2','2016-05-21 02:38:53','3f7a486213be4404a06a9ba4f9554a24'),('5db9ec5cf57c450e9b39d02155e86e98','循环系统疾病','','0183ed31711943ad9abf193b07bcc570','2016-05-10 16:00:00','0'),('5f2e851e480f4a84a77830ed4a5d31a9','先天性畸形、变形和染色体异常','','0183ed31711943ad9abf193b07bcc570','2016-05-10 16:00:00','0'),('5f620c1df7b34c2a8ac9ba9682d759ae','损伤、中毒和外因的某些其他后果','','0183ed31711943ad9abf193b07bcc570','2016-05-10 16:00:00','0'),('674fe0004c0f4f278dfa0c3b26af67c9','骨密度和结构的疾患','','0183ed31711943ad9abf193b07bcc570','2016-05-10 16:00:00','bc920948454d432aa09b6780185c8f4c'),('678880e0b2344763b6f171cadfab1db9','甲状腺疾病','','0183ed31711943ad9abf193b07bcc570','2016-05-10 16:00:00','98e3745360db42d185b23e7b716e8244'),('7b66f9aab0f8497ba5a400c70ac1a7bf','糖尿病','','0183ed31711943ad9abf193b07bcc570','2016-05-10 16:00:00','98e3745360db42d185b23e7b716e8244'),('82e1b019c7fa42c39eb949dfef70891a','精神和行为障碍','','0183ed31711943ad9abf193b07bcc570','2016-05-10 16:00:00','0'),('88717d11feb54ab9b4724f549eac5a9e','泌尿生殖系统疾病','','0183ed31711943ad9abf193b07bcc570','2016-05-10 16:00:00','0'),('8a408fc713114d09a119ca6317600362','影响健康状态和与保健机构接触的因素','','0183ed31711943ad9abf193b07bcc570','2016-05-10 16:00:00','0'),('911671dd601b47dcadafb9ba81fd0e49','眼和附器疾病','','0183ed31711943ad9abf193b07bcc570','2016-05-10 16:00:00','0'),('97e52777ae0f40e0a23680b421a64893','某些传染病和寄生虫病','包含细菌、真菌、病毒及寄生虫','0183ed31711943ad9abf193b07bcc570','2016-05-10 16:00:00','0'),('98e3745360db42d185b23e7b716e8244','内分泌、营养和代谢疾病','','0183ed31711943ad9abf193b07bcc570','2016-05-10 16:00:00','0'),('9aec6b9580f24ff1bdddbaba0bc0eb8c','代谢紊乱','','0183ed31711943ad9abf193b07bcc570','2016-05-10 16:00:00','98e3745360db42d185b23e7b716e8244'),('9dd57f9fde1d463e972c74b3764f2015','呼吸和胸腔内器官恶性肿瘤','','0183ed31711943ad9abf193b07bcc570','2016-05-10 16:00:00','4db5e27c17e04390b4e52c4c60d99923'),('a4f48ba9c6ee425bb7ee3399939d0371','青光眼','','0183ed31711943ad9abf193b07bcc570','2016-05-10 16:00:00','911671dd601b47dcadafb9ba81fd0e49'),('a6bde465f0cf49b0a46d89a838ecbe02','脉络膜和视网膜疾患','','0183ed31711943ad9abf193b07bcc570','2016-05-10 16:00:00','911671dd601b47dcadafb9ba81fd0e49'),('a7849215bf3e433aa85b90bed5f24bf5','症状、体征和临床与实验室异常所见，不可归类在他处者','','0183ed31711943ad9abf193b07bcc570','2016-05-10 16:00:00','0'),('a926dee046854d88af100b1e98d4cb4c','肺源性心脏病和肺循环疾病','','0183ed31711943ad9abf193b07bcc570','2016-05-10 16:00:00','5db9ec5cf57c450e9b39d02155e86e98'),('ab5984ff96ae40a7a99c958a03f3470e','病毒性肝炎','','0183ed31711943ad9abf193b07bcc570','2016-05-10 16:00:00','97e52777ae0f40e0a23680b421a64893'),('b0014339ff0d44668018931d924f3897','甲亢及亚临床甲亢','','f5c882b90236479d803369bd580c2ae2','2016-05-21 02:38:40','3f7a486213be4404a06a9ba4f9554a24'),('b1f070d19cd54ce6945b0b31d67c5922','消化系统疾病','','0183ed31711943ad9abf193b07bcc570','2016-05-10 16:00:00','0'),('bc1f25fce0144f638f00ff5e5260a1fe','甲状腺和其他内分泌腺恶性肿瘤','','0183ed31711943ad9abf193b07bcc570','2016-05-10 16:00:00','4db5e27c17e04390b4e52c4c60d99923'),('bc920948454d432aa09b6780185c8f4c','肌肉骨骼系统和结缔组织疾病','','0183ed31711943ad9abf193b07bcc570','2016-05-10 16:00:00','0'),('bdf608f3ce154cc284b12f85f0ff0b40','上呼吸道的其它疾病','','0183ed31711943ad9abf193b07bcc570','2016-05-10 16:00:00','15248483b34c4a79aa8b75678df48442'),('bee83403dfca4cd1a73d7035ef13c6e9','消化器官恶性肿瘤','','0183ed31711943ad9abf193b07bcc570','2016-05-10 16:00:00','4db5e27c17e04390b4e52c4c60d99923'),('c84000ab43be43fe96f0ce67b8c1e1f4','耳和乳突疾病','','0183ed31711943ad9abf193b07bcc570','2016-05-10 16:00:00','0'),('d9bc93088d5644618af435a903012288','器质性（包括症状性）精神障碍','','0183ed31711943ad9abf193b07bcc570','2016-05-10 16:00:00','82e1b019c7fa42c39eb949dfef70891a'),('e37bb4a891934a01a446cc290f6fb606','乳房恶性肿瘤','','0183ed31711943ad9abf193b07bcc570','2016-05-10 16:00:00','4db5e27c17e04390b4e52c4c60d99923'),('ed40ef0125064f9ca5c4a97f60bbaac4','神经系统疾病','','0183ed31711943ad9abf193b07bcc570','2016-05-10 16:00:00','0'),('f5f786b46cdb4acc91d2e4fbfa39d3f6','口腔、涎腺和颌疾病','','0183ed31711943ad9abf193b07bcc570','2016-05-10 16:00:00','b1f070d19cd54ce6945b0b31d67c5922');
/*!40000 ALTER TABLE `admin_diseasecategory` ENABLE KEYS */;
UNLOCK TABLES;

--
-- Table structure for table `admin_tag`
--

DROP TABLE IF EXISTS `admin_tag`;
/*!40101 SET @saved_cs_client     = @@character_set_client */;
/*!40101 SET character_set_client = utf8 */;
CREATE TABLE `admin_tag` (
  `TAG_ID` varchar(100) NOT NULL,
  `NAME` varchar(255) DEFAULT NULL COMMENT '名称',
  `EXPRESSION` varchar(255) DEFAULT NULL COMMENT '表达式',
  `CREATEBY` varchar(255) DEFAULT NULL COMMENT '用户id',
  `CREATEON` timestamp NULL DEFAULT NULL COMMENT '创建记录时间',
  `TAGCATEGORY_ID` varchar(32) DEFAULT NULL COMMENT '所属分类id',
  `DESCRIPTION` varchar(255) DEFAULT NULL,
  `fieldName` varchar(512) DEFAULT NULL COMMENT '字段名称',
  `fieldType` varchar(512) DEFAULT NULL COMMENT '字段属性',
  PRIMARY KEY (`TAG_ID`)
) ENGINE=InnoDB DEFAULT CHARSET=utf8;
/*!40101 SET character_set_client = @saved_cs_client */;

--
-- Dumping data for table `admin_tag`
--

LOCK TABLES `admin_tag` WRITE;
/*!40000 ALTER TABLE `admin_tag` DISABLE KEYS */;
INSERT INTO `admin_tag` VALUES ('00ded0d99f694c57bd128b806316075d','烟熏','foodStyle=concat(tag_foodStyle,\',\',\'smoked\')','7e444063e18b4c059c7346bb11f26f6d','2016-06-13 02:43:17','6d101d6fd03f4ccca87c3e19323554f5','烟熏','foodStyle','varchar(255)'),('09fc6bf5e5af4be1854dc7ac22d3a872','体力活动缺乏','','f5c882b90236479d803369bd580c2ae2','2016-06-09 14:49:53','9b40552918c64bab932c8cc9aa43dbf6','体力活动缺乏','',''),('10426381d2f6463cb343e875ee0b8769','每天一包半','smoke_quantity=30','7e444063e18b4c059c7346bb11f26f6d','2016-06-12 03:03:57','4acd510267664fb993ae35e3212444b9','每天30支','smoke_quantity','int'),('1044b77496354eb283c8a7090b810cc5','20年','smoke_age=20','7e444063e18b4c059c7346bb11f26f6d','2016-06-12 03:06:45','a1d2e5cc4bf34a449146a56639404421','吸烟20年','smoke_age','int'),('113d1114f516482d9e89b7a11d90fb5d','饮酒','','f5c882b90236479d803369bd580c2ae2','2016-06-10 16:46:06','9b40552918c64bab932c8cc9aa43dbf6','饮酒','',''),('15b9332f4d05437cb65fd28cd093c5da','过量应用咖啡','','f5c882b90236479d803369bd580c2ae2','2016-06-09 11:57:12','9b40552918c64bab932c8cc9aa43dbf6','过量应用咖啡','',''),('1afd90e211454b1b9dd479992220756e','高大身材','','f5c882b90236479d803369bd580c2ae2','2016-06-10 17:06:14','63b2c18fe7034824852c8b2e74d07261','身高大于175cm','',''),('222f25b8769c41c799240cfcd1f29ff1','每天半包','smoke_quantity=10','7e444063e18b4c059c7346bb11f26f6d','2016-06-12 03:02:15','4acd510267664fb993ae35e3212444b9','每天10支','smoke_quantity','int'),('27aba8246112438497da00f675549668','每天一包','smoke_quantity=20','7e444063e18b4c059c7346bb11f26f6d','2016-06-12 03:02:46','4acd510267664fb993ae35e3212444b9','每天20支','smoke_quantity','int'),('29af2d61ce81472587d31cc34da28361','膳食中钙缺乏','','f5c882b90236479d803369bd580c2ae2','2016-06-09 14:50:15','9b40552918c64bab932c8cc9aa43dbf6','膳食中钙缺乏','',''),('2e7bc83dd8a6486789ae2e1da383a53b','偶尔吸烟','smoke_style=\'medium\'','7e444063e18b4c059c7346bb11f26f6d','2016-06-12 02:59:34','51d75561ee794d15a5b98687c1527e51','中度吸烟依赖','smoke_style','varchar(10)'),('3114c31a8fe440d3805fc875ef69e6dd','喜食腌腊','foodStyle=concat(tag_foodStyle,\',\',\'cured\')','7e444063e18b4c059c7346bb11f26f6d','2016-06-12 09:22:42','6d101d6fd03f4ccca87c3e19323554f5','喜食腌腊','foodStyle','varchar(255)'),('35d6c3451d814a19bb37fbffa7fa8e44','静脉药瘾史','','f5c882b90236479d803369bd580c2ae2','2016-06-07 13:45:37','9b40552918c64bab932c8cc9aa43dbf6','静脉药瘾史','',''),('4bf81244200f44d7937407917ac58bf1','常吃高热食品','foodStyle=concat(tag_foodStyle,\',\',\'highheat\')','7e444063e18b4c059c7346bb11f26f6d','2016-06-12 09:31:05','6d101d6fd03f4ccca87c3e19323554f5','常吃高热食品','foodStyle','varchar(255)'),('53c9d95143f643cf8c470542a8e776f3','酗酒','','f5c882b90236479d803369bd580c2ae2','2016-06-09 11:56:05','9b40552918c64bab932c8cc9aa43dbf6','酗酒','',''),('58b527bec3c1414c997deb1ad212fe3e','无性行为','hasSexBehavior=false','7e444063e18b4c059c7346bb11f26f6d','2016-06-12 08:52:23','251d01719d334d17a09129ac66702dd6','无性交史','hasSexBehavior','boolean'),('6117c6ca69ba4c47993b6f34fef5fa3d','不吸烟','smoke_style=\'no\'','7e444063e18b4c059c7346bb11f26f6d','2016-06-12 02:47:14','51d75561ee794d15a5b98687c1527e51','平时不抽烟或只是偶尔抽烟','smoke_style','varchar(10)'),('63501d7f41054907bb55233c48445696','喜油腻','foodStyle=concat(tag_foodStyle,\',\',\'greasy\')','7e444063e18b4c059c7346bb11f26f6d','2016-06-12 09:29:49','6d101d6fd03f4ccca87c3e19323554f5','喜好油腻','foodStyle','varchar(255)'),('671db8e58429410e9a0c3832af69f0d8','性生活良好','sexBehaviorStyle=\'ok\',tag_hasSexBehavior=true','7e444063e18b4c059c7346bb11f26f6d','2016-06-12 09:00:51','251d01719d334d17a09129ac66702dd6','性生活良好','sexBehaviorStyle','varchar(20)'),('67c20f29c32c43bb989cf720fb6f6ca0','爱吃甜食','foodStyle=concat(tag_foodStyle,\',\',\'sweet\')','7e444063e18b4c059c7346bb11f26f6d','2016-06-12 09:27:46','6d101d6fd03f4ccca87c3e19323554f5','爱吃甜食','foodStyle','varchar(255)'),('6845a2c383c84c18a5ba3eb22cd62593','超过30年','smoke_age=30','7e444063e18b4c059c7346bb11f26f6d','2016-06-12 03:07:47','a1d2e5cc4bf34a449146a56639404421','吸烟超过30年','smoke_age','int'),('709a1d3cdbbd450480737a15f36862d9','5年','smoke_age=5','7e444063e18b4c059c7346bb11f26f6d','2016-06-12 03:05:52','a1d2e5cc4bf34a449146a56639404421','吸烟不超过5年','smoke_age','int'),('79b922fc55a54954b00e08a0164b35f6','有多个性伴侣','sexParterners=2,tag_hasSexBehavior=true','7e444063e18b4c059c7346bb11f26f6d','2016-06-12 08:55:30','251d01719d334d17a09129ac66702dd6','有多个性伴侣','sexParterners','int'),('7cec09faf9a8436b81e3395d0a072f77','吸毒','','f5c882b90236479d803369bd580c2ae2','2016-06-05 23:23:42','9b40552918c64bab932c8cc9aa43dbf6',' 吸毒','',''),('7d48e2f35a8e48ae87ffc911f4f04d64','过早性生活','','f5c882b90236479d803369bd580c2ae2','2016-06-10 16:38:43','9b40552918c64bab932c8cc9aa43dbf6','过早性生活','',''),('809b0590ef0e442c9929f2fe8cafcb9f','二手烟','smoke_style=\'passive\'','7e444063e18b4c059c7346bb11f26f6d','2016-06-12 02:48:13','51d75561ee794d15a5b98687c1527e51','经常被动吸烟','smoke_style','varchar(10)'),('84316a42db3d446c9c32f15438423908','经常晒太阳','','f5c882b90236479d803369bd580c2ae2','2016-06-09 14:50:48','9b40552918c64bab932c8cc9aa43dbf6','经常晒太阳','',''),('91cd5fc1a5d845c1bd8a78987c672e46','10年','smoke_age=10','7e444063e18b4c059c7346bb11f26f6d','2016-06-12 03:06:18','a1d2e5cc4bf34a449146a56639404421','吸烟10年','smoke_age','int'),('94021b3633b246e589692ca36c52ea27','久坐','','f5c882b90236479d803369bd580c2ae2','2016-06-10 16:22:01','9b40552918c64bab932c8cc9aa43dbf6','久坐','',''),('96d998f1bbd5402293a33693fea49b0f','膳食中维生素D缺乏','','f5c882b90236479d803369bd580c2ae2','2016-06-09 14:50:29','9b40552918c64bab932c8cc9aa43dbf6','膳食中维生素D缺乏','',''),('9cea587a1b5a4e57a3f8ef6b42bb9116','性生活早于21岁','sexBehaviorAge=20,tag_hasSexBehavior=true','7e444063e18b4c059c7346bb11f26f6d','2016-06-12 08:54:13','251d01719d334d17a09129ac66702dd6','早于21岁开始性生活','sexBehaviorAge','int'),('9e775ca48e954b23bc51cec540d2dd1c','同性性行为','sexHomosex=true,tag_hasSexBehavior=true','7e444063e18b4c059c7346bb11f26f6d','2016-06-12 08:57:43','251d01719d334d17a09129ac66702dd6','有男男、女女性行为','sexHomosex','boolean'),('9ed5eb29b9de4563969e42b99fe43b99','戒烟15年','smoke_style=\'quit15\'','7e444063e18b4c059c7346bb11f26f6d','2016-06-12 02:50:10','51d75561ee794d15a5b98687c1527e51','戒烟超过15年','smoke_style','varchar(10)'),('a775fb984a134da0b52c095f28a3e6e9','热烫饮食','foodStyle=concat(tag_foodStyle,\',\',\'hot\')','7e444063e18b4c059c7346bb11f26f6d','2016-06-13 03:06:54','6d101d6fd03f4ccca87c3e19323554f5','经常热烫饮食','foodStyle','varchar(255)'),('bdbd92411f3b46529b320a76b6dab4eb','烧烤','foodStyle=concat(tag_foodStyle,\',\',\'barbecue\')','7e444063e18b4c059c7346bb11f26f6d','2016-06-13 02:43:56','6d101d6fd03f4ccca87c3e19323554f5','烧烤','foodStyle','varchar(255)'),('ce208c4346f646abb657662822dfb20e','重盐','foodStyle=concat(tag_foodStyle,\',\',\'salty\')','7e444063e18b4c059c7346bb11f26f6d','2016-06-13 02:41:54','6d101d6fd03f4ccca87c3e19323554f5','重盐','foodStyle','varchar(255)'),('d2898c35cff1489f822e3839abb86810','不超过5支','smoke_quantity=5','7e444063e18b4c059c7346bb11f26f6d','2016-06-12 03:01:42','4acd510267664fb993ae35e3212444b9','每天小于5支','smoke_quantity','int'),('d7fd53a38db8414da72318ea0722466b','长期补充雌激素','','f5c882b90236479d803369bd580c2ae2','2016-06-10 17:08:07','9b40552918c64bab932c8cc9aa43dbf6','长期补充雌激素','',''),('df11c989680044f19f8160823bd8420d','每天超过3包','smoke_quantity=50','7e444063e18b4c059c7346bb11f26f6d','2016-06-12 03:04:43','4acd510267664fb993ae35e3212444b9','每天吸烟超过3包','smoke_quantity','int'),('e1c5e65412a4402ba4e3497f9501cddc','高危性行为','sexBehaviorStyle=\'highrisk\',tag_hasSexBehavior=true','7e444063e18b4c059c7346bb11f26f6d','2016-06-12 08:59:09','251d01719d334d17a09129ac66702dd6','高危性行为','sexBehaviorStyle','varchar(20)'),('ec250f6c45404f499b4a7e05daf1bbc8','戒烟10年','smoke_style=\'quit10\'','7e444063e18b4c059c7346bb11f26f6d','2016-06-12 02:49:30','51d75561ee794d15a5b98687c1527e51','戒烟超过10年','smoke_style','varchar(10)'),('ef4b3a747d8e4790ad566d2e55da265a','吃饭快','foodStyle=concat(tag_foodStyle,\',\',\'fast\')','7e444063e18b4c059c7346bb11f26f6d','2016-06-13 03:06:04','6d101d6fd03f4ccca87c3e19323554f5','吃饭很快速','foodStyle','varchar(255)'),('f155caddace0492bba2a96a613c05b9d','夜班工作','','f5c882b90236479d803369bd580c2ae2','2016-06-10 17:09:47','9b40552918c64bab932c8cc9aa43dbf6','夜班工作','',''),('f6ffde315c514018a737acbef4549849','经常吸烟','smoke_style=\'high\'','7e444063e18b4c059c7346bb11f26f6d','2016-06-12 03:00:22','51d75561ee794d15a5b98687c1527e51','中度吸烟依赖','smoke_style','varchar(10)'),('f92cdb1bb02740ebb8a2abb0e1267dc6','每天2包','smoke_quantity=40','7e444063e18b4c059c7346bb11f26f6d','2016-06-12 03:03:22','4acd510267664fb993ae35e3212444b9','每天40支','smoke_quantity','int');
/*!40000 ALTER TABLE `admin_tag` ENABLE KEYS */;
UNLOCK TABLES;

--
-- Table structure for table `admin_tagandarticle`
--

DROP TABLE IF EXISTS `admin_tagandarticle`;
/*!40101 SET @saved_cs_client     = @@character_set_client */;
/*!40101 SET character_set_client = utf8 */;
CREATE TABLE `admin_tagandarticle` (
  `id` varchar(32) NOT NULL,
  `tag_id` varchar(32) DEFAULT NULL,
  `article_id` varchar(32) DEFAULT NULL,
  PRIMARY KEY (`id`)
) ENGINE=InnoDB DEFAULT CHARSET=utf8;
/*!40101 SET character_set_client = @saved_cs_client */;

--
-- Dumping data for table `admin_tagandarticle`
--

LOCK TABLES `admin_tagandarticle` WRITE;
/*!40000 ALTER TABLE `admin_tagandarticle` DISABLE KEYS */;
INSERT INTO `admin_tagandarticle` VALUES ('067ec138a79c435d951c689d069dff3f','3694ccf28e2646a8bd1305205dd5c881','250f603188da4b2f82578f5553656d7f'),('73e2a236fcce4f519f0554e8b68ebe72','1c54656b372841919ce5b2db8b1934e1','250f603188da4b2f82578f5553656d7f'),('b6675b7db18d49c198589fd8f145e419','a57f9e2665e5411c917a51fef183b462','250f603188da4b2f82578f5553656d7f'),('bee0202aa65b4e3ab07288316d86b6f9','8bc86fadfb874c7bb32a28c736980022','250f603188da4b2f82578f5553656d7f');
/*!40000 ALTER TABLE `admin_tagandarticle` ENABLE KEYS */;
UNLOCK TABLES;

--
-- Table structure for table `admin_tagcategory`
--

DROP TABLE IF EXISTS `admin_tagcategory`;
/*!40101 SET @saved_cs_client     = @@character_set_client */;
/*!40101 SET character_set_client = utf8 */;
CREATE TABLE `admin_tagcategory` (
  `TAGCATEGORY_ID` varchar(100) NOT NULL,
  `NAME` varchar(255) DEFAULT NULL COMMENT '标签分类名称',
  `MATETYPE` varchar(255) DEFAULT NULL COMMENT '特性',
  `ISEXCLUSIVE` int(11) NOT NULL COMMENT '是否多选',
  `CREATEBY` varchar(255) DEFAULT NULL COMMENT '用户id',
  `CREATEON` timestamp NULL DEFAULT NULL COMMENT '创建记录时间',
  `PARENT_ID` varchar(255) DEFAULT NULL COMMENT '父级id',
  PRIMARY KEY (`TAGCATEGORY_ID`)
) ENGINE=InnoDB DEFAULT CHARSET=utf8;
/*!40101 SET character_set_client = @saved_cs_client */;

--
-- Dumping data for table `admin_tagcategory`
--

LOCK TABLES `admin_tagcategory` WRITE;
/*!40000 ALTER TABLE `admin_tagcategory` DISABLE KEYS */;
INSERT INTO `admin_tagcategory` VALUES ('251d01719d334d17a09129ac66702dd6','两性','一切可以影响健康的生活方式相关因素',1,'7e444063e18b4c059c7346bb11f26f6d','2016-06-12 08:48:57','9b40552918c64bab932c8cc9aa43dbf6'),('4acd510267664fb993ae35e3212444b9','烟瘾','吸烟数量',1,'7e444063e18b4c059c7346bb11f26f6d','2016-06-12 02:44:28','9b40552918c64bab932c8cc9aa43dbf6'),('51d75561ee794d15a5b98687c1527e51','吸烟','是否吸烟或二手烟',1,'7e444063e18b4c059c7346bb11f26f6d','2016-06-12 02:45:01','9b40552918c64bab932c8cc9aa43dbf6'),('6d101d6fd03f4ccca87c3e19323554f5','饮食','一切可以影响健康的生活方式相关因素',0,'7e444063e18b4c059c7346bb11f26f6d','2016-06-12 09:20:09','9b40552918c64bab932c8cc9aa43dbf6'),('9b40552918c64bab932c8cc9aa43dbf6','生活','一切可以影响健康的生活方式相关因素',1,'f5c882b90236479d803369bd580c2ae2','2016-06-04 09:53:20','0'),('a1d2e5cc4bf34a449146a56639404421','烟龄','吸烟时间长度',1,'7e444063e18b4c059c7346bb11f26f6d','2016-06-12 02:44:05','9b40552918c64bab932c8cc9aa43dbf6');
/*!40000 ALTER TABLE `admin_tagcategory` ENABLE KEYS */;
UNLOCK TABLES;

--
-- Table structure for table `exam_examcategory`
--

DROP TABLE IF EXISTS `exam_examcategory`;
/*!40101 SET @saved_cs_client     = @@character_set_client */;
/*!40101 SET character_set_client = utf8 */;
CREATE TABLE `exam_examcategory` (
  `EXAMCATEGORY_ID` varchar(100) NOT NULL,
  `NAME` varchar(255) DEFAULT NULL COMMENT '检查项目分类名称',
  `DESCRIPTION` varchar(255) DEFAULT NULL COMMENT '描述',
  `CREATEBY` varchar(255) DEFAULT NULL COMMENT '创建该记录员工id',
  `CREATEON` timestamp NULL DEFAULT NULL COMMENT '创建记录时间',
  `PARENT_ID` varchar(255) DEFAULT NULL COMMENT '父级id',
  PRIMARY KEY (`EXAMCATEGORY_ID`)
) ENGINE=InnoDB DEFAULT CHARSET=utf8;
/*!40101 SET character_set_client = @saved_cs_client */;

--
-- Dumping data for table `exam_examcategory`
--

LOCK TABLES `exam_examcategory` WRITE;
/*!40000 ALTER TABLE `exam_examcategory` DISABLE KEYS */;
INSERT INTO `exam_examcategory` VALUES ('043a287f59dc4420adf4404835321364','大便常规检查',' ',NULL,NULL,'8949a869d5c2450bbf86ced0dce309af'),('0a6820d193b44d66ad1f84f00963de75','乳腺临床体检',' ',NULL,NULL,'d8e7167d77cd455d80860ad5320798f6'),('12bc0e290cbb40d887e388c3ec4aab4a','口腔检查',' ',NULL,NULL,'d8e7167d77cd455d80860ad5320798f6'),('1529bbbe0bab4147a4aab46c65772390','鼻咽镜检查',' ',NULL,NULL,'8251643c780c483a9d8117ebf4134ce0'),('2367969fd1a74e1c9f9dcad58536ee69','不含有X射线的影像学检查','彩超及核磁共振',NULL,NULL,'0'),('24b1e21aa0d94552a6773878890d07fc','DRE','C',NULL,NULL,'d8e7167d77cd455d80860ad5320798f6'),('251b00bfe73a45199f57f635f6026b64','诊断室单次血压测量',' ',NULL,NULL,'f0b50860df534e28a3f3dfcbd72b9843'),('33a32e9c01414161ab3c133bb359f530','宫颈液基细胞学检查','可同时检查HPV',NULL,NULL,'f1a4e71d2c934424a6ebc4e980aee4c2'),('393b0b1746ab48258fab53e8cac33c8b','生化检查',' ',NULL,NULL,'9ce0916099ff4c2e8ef9bfa0e40fdce5'),('39eb8d624e134a61b3840e42989e6981','消化道内镜检查',' ',NULL,NULL,'8251643c780c483a9d8117ebf4134ce0'),('3ceccdd0c1d64c29bd0f9d4be58b9664','双能X线吸收测定法',' ',NULL,NULL,'fbe086d3cf4a48359d90259bd95f870e'),('432ddbf0b4214c12aaf15a75dd5e892d','HPV检查',' ',NULL,NULL,'f1a4e71d2c934424a6ebc4e980aee4c2'),('47a15abd118c46ffb28fc3e7f8b2b6c2','颈部淋巴结触诊',' ',NULL,NULL,'d8e7167d77cd455d80860ad5320798f6'),('4a14393fd5fa429a8fa9b6d3de259f84','乳腺X线检查',' ',NULL,NULL,'fbe086d3cf4a48359d90259bd95f870e'),('4d950c5fbc014782bcec2f265d400fc3','血清胃蛋白酶原（pepsinogen）检查','I    II    III',NULL,NULL,'9ce0916099ff4c2e8ef9bfa0e40fdce5'),('57733aeee8b14e33b964869debd385d0','肛门指检','肛门指检',NULL,NULL,'d8e7167d77cd455d80860ad5320798f6'),('642985022f1742bda24cec3d0f0267ea','呼气试验','查幽门螺旋杆菌感染',NULL,NULL,'8251643c780c483a9d8117ebf4134ce0'),('64f24e24e680491ab8179ac65e295a13','电子计算机X射线断层扫描','CT',NULL,NULL,'fbe086d3cf4a48359d90259bd95f870e'),('6b134036c35246a7b63941ed8e3747aa','常规体格检查',' ',NULL,NULL,'d8e7167d77cd455d80860ad5320798f6'),('79682cb1010f4306b3562851547f8e6c','肿瘤标记物检查',' ',NULL,NULL,'9ce0916099ff4c2e8ef9bfa0e40fdce5'),('7e56b05761d84c6c93c18747f7370739','抗一HCV','丙型肝炎病毒抗体',NULL,NULL,'9ce0916099ff4c2e8ef9bfa0e40fdce5'),('8251643c780c483a9d8117ebf4134ce0','内镜检查','各种经自然腔道的侵入性内镜检查',NULL,NULL,'0'),('8949a869d5c2450bbf86ced0dce309af','大便检查',' ',NULL,NULL,'0'),('9311ab338c31451887ff03d0004bcc32','促胃液素-17','G-17',NULL,NULL,'9ce0916099ff4c2e8ef9bfa0e40fdce5'),('9aa33f7c6a544cffbd1c214f5ffb735b','血清EB病毒IgA/VCA、IgA/EA和DNA酶检测','  ',NULL,NULL,'9ce0916099ff4c2e8ef9bfa0e40fdce5'),('9ce0916099ff4c2e8ef9bfa0e40fdce5','血液检查',' ',NULL,NULL,'0'),('9db190879497420eaa630fa9299afdff','宫颈刮片',' ',NULL,NULL,'f1a4e71d2c934424a6ebc4e980aee4c2'),('a0d828107a03452cb11bf5515888609f','彩色多普勒超声',' ',NULL,NULL,'2367969fd1a74e1c9f9dcad58536ee69'),('b15fca7d7e214b9ab308df7719a332ff','血常规检查',' ',NULL,NULL,'9ce0916099ff4c2e8ef9bfa0e40fdce5'),('b91bab9065b645aea3c83eb67343577c','粪便潜血检查',' ',NULL,NULL,'8949a869d5c2450bbf86ced0dce309af'),('c14fbe12c6be4607bfabd5c0351c02ec','含有辐射的影像学检查','使用到放射性同位素的检查',NULL,NULL,'0'),('d8e7167d77cd455d80860ad5320798f6','体格检查','包含无需辅助设备的一切检查',NULL,NULL,'0'),('e940100f17764db49cf79a8c8633df41','体液及代谢产物检查','尿液、大便、精液等',NULL,NULL,'0'),('ed1fe6b760124f7f821162790ee20ab3','DR胸部正侧位检查',' ',NULL,NULL,'fbe086d3cf4a48359d90259bd95f870e'),('f0b50860df534e28a3f3dfcbd72b9843','血压检测',' ',NULL,NULL,'0'),('f1a4e71d2c934424a6ebc4e980aee4c2','宫颈细胞学检查','  ',NULL,NULL,'0'),('f641f5f468504e438852934368c345ea','幽门螺旋杆菌抗体检测',' ',NULL,NULL,'9ce0916099ff4c2e8ef9bfa0e40fdce5'),('fbe086d3cf4a48359d90259bd95f870e','含有X射线的影像学检测','包含CT、X光等含有辐射的检测',NULL,NULL,'0');
/*!40000 ALTER TABLE `exam_examcategory` ENABLE KEYS */;
UNLOCK TABLES;

--
-- Table structure for table `exam_examfrequency`
--

DROP TABLE IF EXISTS `exam_examfrequency`;
/*!40101 SET @saved_cs_client     = @@character_set_client */;
/*!40101 SET character_set_client = utf8 */;
CREATE TABLE `exam_examfrequency` (
  `EXAMFREQUENCY_ID` varchar(100) NOT NULL,
  `NAME` varchar(255) DEFAULT NULL COMMENT '名称',
  `EXPRESSION` varchar(255) DEFAULT NULL COMMENT 'CRON表达式，定义检查的间隔频率',
  `CREATEBY` varchar(255) DEFAULT NULL COMMENT '创建该记录员工的id',
  `CREATEON` timestamp NULL DEFAULT NULL COMMENT '创建记录时间',
  PRIMARY KEY (`EXAMFREQUENCY_ID`)
) ENGINE=InnoDB DEFAULT CHARSET=utf8;
/*!40101 SET character_set_client = @saved_cs_client */;

--
-- Dumping data for table `exam_examfrequency`
--

LOCK TABLES `exam_examfrequency` WRITE;
/*!40000 ALTER TABLE `exam_examfrequency` DISABLE KEYS */;
INSERT INTO `exam_examfrequency` VALUES ('1302e7c2ead24c83bc816ae38c398188','10年1次','10年1次','0183ed31711943ad9abf193b07bcc570','2016-05-10 16:00:00'),('2d61e9b6ab194971a8f65921ecc87eee','2年1次','2年1次','0183ed31711943ad9abf193b07bcc570','2016-05-10 16:00:00'),('3e3cc5ffc1f74ec78fde0fe95d182587','不作时间频率界定',' ','f5c882b90236479d803369bd580c2ae2','2016-05-26 01:44:42'),('5f26831a642849fab44579a3fe9c7084','3月1次','3月1次','0183ed31711943ad9abf193b07bcc570','2016-05-10 16:00:00'),('75b86757e71143d8bd19cbaefcd8aa9e','空腹血糖或随机血糖有异常时',' ','f5c882b90236479d803369bd580c2ae2','2016-05-26 01:43:41'),('79e6b6d5ee364e17b6a72d202af7003c','1年1次','1年1次','0183ed31711943ad9abf193b07bcc570','2016-05-10 16:00:00'),('7aac354c4238414a83da7fe2cbbb5f70','6月1次','6月1次','0183ed31711943ad9abf193b07bcc570','2016-05-10 16:00:00'),('a4fca9ec6b314d889f54a54fcbf03bc7','6月至1年1次','6月至1年1次','0183ed31711943ad9abf193b07bcc570','2016-05-10 16:00:00'),('b0c2227bc6d14b1fb2310339d9400068','2-4年1次',' ','f5c882b90236479d803369bd580c2ae2','2016-05-26 23:07:51'),('bef717b8763d456db9c6f98b02e0e8cc','3年1次','3年1次','0183ed31711943ad9abf193b07bcc570','2016-05-10 16:00:00'),('d0f5761d1c8c454b960cce7c6e753abe','5年至10年1次','5年至10年1次','0183ed31711943ad9abf193b07bcc570','2016-05-10 16:00:00'),('fadaecaa412647f3b27f31103936f597','5年1次','5年1次','0183ed31711943ad9abf193b07bcc570','2016-05-10 16:00:00'),('fe22b82417c54296a28b59d33e5da3a9','1次','一生1次','f5c882b90236479d803369bd580c2ae2','2016-05-25 17:21:11');
/*!40000 ALTER TABLE `exam_examfrequency` ENABLE KEYS */;
UNLOCK TABLES;

--
-- Table structure for table `exam_examguideline`
--

DROP TABLE IF EXISTS `exam_examguideline`;
/*!40101 SET @saved_cs_client     = @@character_set_client */;
/*!40101 SET character_set_client = utf8 */;
CREATE TABLE `exam_examguideline` (
  `EXAMGUIDELINE_ID` varchar(100) NOT NULL,
  `ORIGINATE` varchar(255) DEFAULT NULL COMMENT '来源',
  `DESCRIPTION` varchar(512) DEFAULT '' COMMENT '指南详细描述',
  `CONCERNEDFACTORS` varchar(1024) DEFAULT '' COMMENT '关注因素描述',
  `HIGHRISKDEFINE` varchar(512) DEFAULT '' COMMENT '高危人群识别',
  `HIGHRISKEXPRESSION` varchar(1024) DEFAULT '1=0' COMMENT '高危人群识别脚本',
  `LOWRISKDEFINE` varchar(512) DEFAULT '' COMMENT '普通人群识别',
  `LOWRISKEXPRESSION` varchar(1024) DEFAULT '1=1' COMMENT '普通人群识别脚本',
  `STATUS` set('已失效','已发布','运维审核失败','运维审核','已补充','审核失败','已审核','已提交','新建') DEFAULT '新建' COMMENT '状态',
  `CREATEBY` varchar(255) DEFAULT NULL COMMENT '创建该记录员工id',
  `CREATEON` timestamp NULL DEFAULT NULL COMMENT '创建该记录时间',
  `DISEASE_ID` varchar(32) DEFAULT NULL,
  `NAME` varchar(255) DEFAULT NULL,
  PRIMARY KEY (`EXAMGUIDELINE_ID`)
) ENGINE=InnoDB DEFAULT CHARSET=utf8;
/*!40101 SET character_set_client = @saved_cs_client */;

--
-- Dumping data for table `exam_examguideline`
--

LOCK TABLES `exam_examguideline` WRITE;
/*!40000 ALTER TABLE `exam_examguideline` DISABLE KEYS */;
INSERT INTO `exam_examguideline` VALUES ('07e68dd1ea5f4f549eb813f80ca0a7b5',' 中华人民共和国卫生部(MINISTRY OF HEALTH OF THE PEOPLE`S REPUBLIC OF CHINA)','','年龄\r\n备注：包含牙周疾病及口腔癌等','大于60岁，半年一次','age>=60','大于18岁小于60岁，每年一次','age>=18 and age<60','已发布',NULL,NULL,'29dd3f1a0461496eb79bbb08f02b8ce8','2010 中国居民口腔健康指南'),('1cfc1f8ff2dc4049b2422177cd3b9040',' 美国国家综合癌症网络(NCCN,National Comprehensive Cancer Network)','','1.吸烟史\n2.氡暴露史\n3.职业暴露：砒霜、铬、石棉、镍、镉、铍、硅、柴油烟雾（吸烟可以叠加）\n4.一级亲属罹患肺癌\n5.COPD及肺纤维化病史\n6.报警症状','或年龄大于50岁，并且吸烟指数大于20支.年，或包含任意一条危险因素（见关注因素）','age>50 and tag_smoke_quantity>=20','年龄大于等于55岁，并且吸烟指数大于30支.年，戒烟时间小于15年','age>=55 and tag_smoke_quantity>=30','已发布',NULL,NULL,'d512d601abf64077ba881afb6b0de817','NCCN临床实践指南：肺癌筛查（2016.V2）'),('2de4864de9eb4e1a9b4549bd75d39316',' 美国预防医学工作组(USPSTF,U.S. Preventive Services Task Force)','','TSH 升高的风险包括：女性、年老、白种人、1 型糖尿病、唐氏综合症、甲状腺疾病家族史、甲状腺肿大、曾患甲亢（部分是消融疗法导致的甲状腺功能障碍），头颈部的体外放射治疗。\nTSH 降低风险包括：女性、年老、黑种人、低碘摄入、甲状腺疾病的家族及个人史、服用含碘药物如胺碘酮。','如何界定高危人群？','1=0','','1=0','新建',NULL,NULL,'145909f7189e4aabade2564902f76f2c','2015 USPSTF建议声明：甲状腺功能不全的筛查'),('365153d2e9e44bf0a15ec2fb25c97c31',' 美国预防医学工作组(USPSTF,U.S. Preventive Services Task Force)','','1.性别\r\n2.年龄\r\n3.吸烟\r\n4.家族史（一级亲属罹患腹主动脉瘤）\r\n5.既往史（既往被诊断：血管瘤、心、脑血管疾病、动脉粥样硬化、高胆固醇血症、肥胖和高血压）','男性\r\n吸烟超过100只\r\n年龄大于65岁','sex=\'男\' and age>=65 and tag_smoke_style!=\'no\'','未吸烟男性，但包含以上危险因素','sex=\'男\' and tag_smoke_style=\'low\'','已发布',NULL,NULL,'3e8727d3ca9349a58b4990edaa0db903','2014 USPSTF 腹主动脉瘤筛查推荐声明'),('3841703bd931482fb3bc425b4178b813',' 中华医学会内镜学分会(CSDE,Chinese Society of Digestive Endoscopy) 中华医学会消化病学分会(CSGE,Chinese Society Of Gastroenterology)','','1.年龄\r\n2.结直肠腺瘤、锯齿状息肉及结直肠癌病史\r\n3.非特异性肠炎病史\r\n4.阳性家族史（Lynch综合征病史、多发性错构瘤综合征病史等）\r\n5.大便隐血实验结果\r\n6.具有以下两项及两项以上者：①慢性便秘；②黏液血便；③慢性腹泻；④慢性阑尾炎或阑尾切除史；⑤精神刺激史；⑥体重指数 (BMI) ＞28 kg/m2；⑦吸烟指数大于400只/年；慢性胆囊炎及胆囊切除史；慢性便秘指近2年来便秘每年在2个月以上','1.有便血、黑便、体重减轻、贫血等报警症状的人群\n2.大于50岁，包含：结直肠腺瘤、锯齿状息肉及结直肠癌病史；非特异性肠炎病史；阳性家族史（Lynch综合征病史、多发性错构瘤综合征病史等）可以理解为一级亲属有结直肠癌病史；大便隐血实验结果阳性；具有以下两项及两项以上者：①慢性便秘；②黏液血便；③慢性腹泻；④慢性阑尾炎或阑尾切除史；⑤精神刺激史；⑥体重指数 (BMI) ＞28 kg/m2；⑦吸烟指数大于400只/年；慢性胆囊炎及胆囊切除史；慢性便秘指近2年来便秘每年在2个月以上','age>=50 and (tag_smoke_quantity>1 or weight/height/height*10000>28)','年龄大于等于50岁，无以上危险因素','age>=50','已发布',NULL,NULL,'145909f7189e4aabade2564902f76f2c','2015 中国早期结直肠癌及癌前病变筛查与诊治共识'),('3d1776a7aa894ceca869b38cbc5245fe',' 中华人民共和国卫生部(MINISTRY OF HEALTH OF THE PEOPLE`S REPUBLIC OF CHINA)','','年龄','年龄大于等于60岁','age>=60','大于18岁，小于60岁','age>=18 and age<60','已发布',NULL,NULL,'481738c1e22b4e48abd4b37cf20359aa','2010 中国居民口腔健康指南'),('40c2f59a7b2c4b50937da37b2b9f7919',' 中华医学会心血管病学分会(Chinese Society of Cardiology)','','既往史：先天性心脏病、结缔组织病、HIV感染、减肥药物治疗史、肝病及贫血\n个人史：职业解除如印刷厂或加油站工人接触油类物品、HIV感染、男-男同性恋、吸毒及染发剂接触	婚育史：女性是否有习惯性流产、男性需了解直系女性亲属是否有习惯性流产	\n家族史：是否有诊断肺动脉高压或先心病史\n','既往史：先天性心脏病、结缔组织病、HIV感染、减肥药物治疗史、肝病及贫血\n个人史：职业解除如印刷厂或加油站工人接触油类物品、HIV感染、男-男同性恋、吸毒及染发剂接触	婚育史：女性是否有习惯性流产、男性需了解直系女性亲属是否有习惯性流产	\n家族史：是否有诊断肺动脉高压或先心病史\n胸部影像学检测提示有右心脏增大及肺动脉增粗表现\n如有非特异性临床表现和体征可更考虑疑诊','(locate(\'先天性心脏病\',sufferedDiseases)>0 or locate(\'HIV感染\',sufferedDiseases)>0 or locate(\'肝病\',sufferedDiseases)>0 or locate(\'贫血\',sufferedDiseases)>0 or locate(\'结缔组织病\',sufferedDiseases)>0 or locate(\'先天性心脏病\',inheritDiseases)>0)','','1=0','已发布',NULL,NULL,'67b14f7fb6164db38b34f9cecbc78a9e','2007 中国肺动脉高压筛查诊断与治疗专家共识'),('54cf2c7cb40c4d538f700e731894495e',' 中华人民共和国国家卫生和计划生育委员会(NHFPC,National Health and Family Planning Commission of China)','','HCV感染高危人群，包括： \r\na) 有静脉药瘾史者； \r\nb) 有职业或其他原因（纹身、穿孔、针灸等）所致的针刺伤史者； \r\nc) 有医源性暴露史，包括手术、透析、不洁口腔诊疗操作、器官或组织移植者； \r\nd） 有高危性行为史，如多个性伴、男男同性恋者； \r\ne) HCV感染者的性伴及家庭成员； \r\nf) HIV感染者及其性伴； \r\ng) HCV感染母亲所生的子女； \r\nh) 破损皮肤和赫膜被HCV感染者血液污染者； \r\ni) 有输血或应用血液制品史者（主要是1993年前有过输血或应用血制品者） \r\nj) 1996年前的供血浆者。 ','HCV感染高危人群，包括： \na) 有静脉药瘾史者； \nb) 有职业或其他原因（纹身、穿孔、针灸等）所致的针刺伤史者； \nc) 有医源性暴露史，包括手术、透析、不洁口腔诊疗操作、器官或组织移植者； \nd） 有高危性行为史，如多个性伴、男男同性恋者； \ne) HCV感染者的性伴及家庭成员； \nf) HIV感染者及其性伴； \ng) HCV感染母亲所生的子女； \nh) 破损皮肤和赫膜被HCV感染者血液污染者； \ni) 有输血或应用血液制品史者（主要是1993年前有过输血或应用血制品者） \nj) 1996年前的供血浆者。 ','tag_sexHomosex=true or tag_sexBehaviorStyle=\'highrisk\' or locate(\'HCV\',inheritDiseases)>0','持续性血液透析者','locate(\'血液透析\',sufferedDiseases)>0','已发布',NULL,NULL,'3da0332052ba46b586a94772f65db2cf','2014 丙型病毒性肝炎筛查及管理'),('56f55df13386472c98df5a082a3ec9ae',' 美国预防医学工作组(USPSTF,U.S. Preventive Services Task Force)','','1.血压在正常高值者（130-139/85-89 mmHg）\r\n2.BMI大于24\r\n3.腹型肥胖：男性腰围大于90cm，女性大于85cm\r\n4.家族史（一、二级亲属罹患高血压）\r\n5.长期高盐饮食\r\n6.长期饮酒，日均大于等于100ml（2两）\r\n来源于（中国高血压基层管理指南（2014年修订版））','≥40岁的成人，血压在正常高值者（130-139/85-89 mmHg）、超重或肥胖者。','age>=40 and weight/height/height*10000>=24','18-39岁、血压正常（<130/85 mmHg）且没有危险因素。','age>=18 and age<40 and weight/height/height*10000<24','已发布',NULL,NULL,'6e3256bed9694c11930bc5251ef42678','2015 USPSTF建议声明：成人高血压筛查'),('5f5000b3c1ac4c01b471412ce2dbf80a',' 美国国家骨质疏松基金会(NOF,National Osteoporosis Foundation)','','','1.女性65岁以下和男性70岁以下，有1个以上危险因素者(绝经后、吸烟、过度饮酒或咖啡、体力活动缺乏、饮食中钙和维生素D缺乏)。2.有脆性骨折史或脆性骨折家族病史者。3.各种原因引起的性激素水平低下者。4.X线显示骨质疏松改变者。5.接受骨质疏松治疗需要进行疗效监测者。6.有影响骨矿代谢的疾病(肾功能不全、糖尿病、慢性肝病、甲状旁腺亢进等)或服用可能影响骨矿代谢的药物(如糖皮质激素、抗癫痫药物、肝素等)者。7.有影响胃肠道吸收功能的疾病','(sex=\'女\' and age<65) or (sex=\'男\' and age<70)','女性65岁以上和男性70岁以上，无其他骨质疏松危险因素者。','(sex=\'女\' and age>=65) or (sex=\'男\' and age>=70)','已提交',NULL,NULL,'2b8571eaf4c24a0db9f4411185cf3990','2014 NOF临床指南：骨质疏松的预防和治疗'),('68db0e163064409286056fe21f7f27ad',' 北京市脑卒中诊疗质量控制与改进中心','','1.脂代谢异常\n2.高血压、糖尿\n3.吸烟及吸烟环境\n4.家族史：一二级亲属罹患脑动脉粥样硬化\n5.肥胖\n6.高同型半胱氨酸\n','大于45岁，包含一下一项或以上：1.高胆固醇或高甘油三酯血症；2.高血压；3.糖尿病；4.吸烟；5.家族史；6.大量饮酒；7.肥胖及不良饮食习惯（高热量、高脂肪）；8.缺乏规律有氧运动；9.被诊断高同型半胱氨酸','age>=45 and (locate(\'高血压\',sufferedDiseases)>0 or locate(\'糖尿病\',sufferedDiseases)>0 or locate(\'脑动脉粥样硬化\',inheritDiseases)>0)','','age>=45','已发布',NULL,NULL,'750ea039c8b24154b0017c9ba46ce0f5','脑动脉粥样硬化筛查与诊断规范（2014版 中国）'),('7c77c03835cc41dda72c27028ecb7585',' 中华医学会外科学分会胆道外科学组','','1.是否患有胆囊结石2.是否有胆囊慢性炎症3.是否有胆囊息肉4.是否存在胆胰管汇合异常5.家族史：胆囊癌及胆囊结石家族史6.是否有胆道系统感染7.是否肥胖，是否有糖尿病8.','(1)胆囊息肉；(2)年龄超过50岁，特别是女性；(3)肥胖症；(4)有胆石症或胆囊癌家族史。','locate(\'胆囊息肉\',sufferedDiseases)>0 or (age>=50 and sex=\'女\') or locate(\'肥胖\',sufferedDiseases)>0 or locate(\'胆结石\',inheritDiseases)>0 or locate(\'胆囊癌\',inheritDiseases)>0','','age>=50','已发布',NULL,NULL,'4927a9a1f70f4a4697acd2b62cf65971','胆囊癌诊断和治疗指南(2015版)'),('89932374522c4cc4979d2c1206949377','中华医学会内分泌学分会(CSE,Chinese Society of Endocrinology)','','成年人 (>18岁)具有下列任何一个及以上的糖尿病高危因素，可定义为糖尿病高危人群：\r\n\r\n(1)年龄≥40岁；\r\n\r\n(2)既往有糖尿病前期病史；\r\n\r\n(3)超重、肥胖 (体重指数≥24 kg/m2)，男性腰围≥90cm,女性腰围≥85cm；\r\n\r\n(4)静坐的生活方式；\r\n\r\n(5)一级亲属中有2型糖尿病家族史；\r\n\r\n(6)有巨大儿 (出生体重≥4 kg)生产史，妊娠期显性糖尿病或妊娠糖尿病病史的妇女；\r\n\r\n(7)高血压 [收缩压≥140 mmHg (1mmHg=0.133kPa)和(或)舒张压≥90 mmHg]或正在接受降压治疗；\r\n\r\n(8)血脂异常(高密度脂蛋白胆固醇≤0.91mmol/L及甘油三酯≥2.22mmol/L，或正在接受调脂治疗)；\r\n\r\n(9)动脉粥样硬化性CCVD患者；\r\n\r\n(10)有一过性类固醇性糖尿病病史者；\r\n\r\n(11)多囊卵巢综合征患者；\r\n\r\n(12)严重精神病和 (或)长期接受抗抑郁症药物治疗的患者。','成年人 (>18岁)具有下列任何一个及以上的糖尿病高危因素，可定义为糖尿病高危人群：\n\n(1)年龄≥40岁；\n\n(2)既往有糖尿病前期病史；\n\n(3)超重、肥胖 (体重指数≥24 kg/m2)，男性腰围≥90cm,女性腰围≥85cm；\n\n(4)静坐的生活方式；\n\n(5)一级亲属中有2型糖尿病家族史；\n\n(6)有巨大儿 (出生体重≥4 kg)生产史，妊娠期显性糖尿病或妊娠糖尿病病史的妇女；\n\n(7)高血压 [收缩压≥140 mmHg (1mmHg=0.133kPa)和(或)舒张压≥90 mmHg]或正在接受降压治疗；\n\n(8)血脂异常(高密度脂蛋白胆固醇≤0.91mmol/L及甘油三酯≥2.22mmol/L，或正在接受调脂治疗)；\n\n(9)动脉粥样硬化性CCVD患者；\n\n(10)有一过性类固醇性糖尿病病史者；\n\n(11)多囊卵巢综合征患者；\n\n(12)严重精神病和 (或)长期接受抗抑郁症药物治疗的患者。','age>=40 and (weight/height/height*10000>=24 or  locate(\'糖尿病\',inheritDiseases)>0 or locate(\'动脉粥样硬化\',sufferedDiseases)>0 or locate(\'一过性类固醇糖尿病\',sufferedDiseases)>0 or locate(\'多囊卵巢综合症\',sufferedDiseases))','','age>=40','已发布',NULL,NULL,'83faa64fdebb4af7be83fe05ec2898d7','中国成人2型糖尿病预防的专家共识'),('8a2b68cc6b054aa7a40b5763f14cec28','美国妇产科医师学会(ACOG,American College of Obstetricians and Gynecologists)','','1.人乳头瘤病毒感染；2.过早性生活；3.多个性伙伴；4.多产；5.丈夫婚外性行为；6.阴茎癌；7.社会经济条件差；8.营养不良；9.吸烟','1.大于等于21岁\r\n2.有性行为','age>=21 and tag_hasSexBehavior=true and (tag_sexParterners>1 or tag_sexBehaviorStyle=\'highrisk\')','21-29岁','age>=21 and age<=29 and tag_hasSexBehavior=true','已发布',NULL,NULL,'96c7f45f8f6c44b9aa9047335f385b02','ACOG实践指南157号：宫颈癌的筛查和预防'),('9a1bac66a1b640c2b1e106ecd37797e9',' 美国国家综合癌症网络(NCCN,National Comprehensive Cancer Network)','','1.年龄\r\n2.是否有肝硬化\r\n3.饮酒\r\n4.乙型肝炎病毒感染\r\n5.丙型肝炎病毒感染\r\n6.非酒精性脂肪肝\r\n7.α1-抗胰蛋白酶缺乏症病史\r\n8.四期原发性胆汁性肝硬化病史\r\n9.遗传性血色病病史','1.各种原因导致的肝硬化患者\r\n2.乙肝携带者，男性大于等于40岁，女性大于等于50岁','((age>=40 and sex=\'男\') or (age>=50 and sex=\'女\'))and locate(\'乙肝\',sufferedDiseases)>0','普通人群不推荐','1=0','已发布',NULL,NULL,'6c8ce194bbd1426da1170781819a890b','NCCN临床实践指南：肝胆肿瘤（2016.V1）'),('a1ccc6a220a4465f964195c539c1d365','中国癌症筛查及早诊早治技术方案 人民卫生出版社','','1.地区：高发地区：鼻咽癌死亡率＞3/10万的地区（中国标化）：广东、广西、福建、湖南、江西\n2.家族史：有家族聚集倾向，一级亲属罹患过鼻咽癌的；\n3.喜食咸鱼、腌制食物的、长期接触甲醛的\n4.高镍环境（存疑）','满足2和或3-4 条\r\n年龄大于等于30岁','age>=30 and (locate(\'鼻咽癌\',inheritDiseases)>0 or locate(\'salty\',tag_foodStyle)>0)','','age>=30 and (locate(\'广东\',liveplace)>0 or locate(\'广西\',liveplace)>0 or locate(\'福建\',liveplace)>0 or locate(\'湖南\',liveplace)>0 or locate(\'江西\',liveplace)>0)','已发布',NULL,NULL,'361a207e57464933a70c447376f4b8f2','鼻咽癌筛查及早诊早治指南'),('a26efd48e9484b22b8bf7477f7656630','美国国家综合癌症网络(NCCN,National Comprehensive Cancer Network)','','1.年龄\r\n2.家族史（一级亲属罹患前列腺癌）','年龄大于等于45岁','age>=45 and sex=\'男\' and locate(\'前列腺癌\',inheritDiseases)>0','','age>=45 and sex=\'男\'','已发布',NULL,NULL,'e301591d7cb24381b364fb9f43ad864e','NCCN临床实践指南：前列腺癌早期检测（2016.V1）'),('a5c0a4318fb547c7bcf015480b2ca8c4',' 中国抗癌协会乳腺癌专业委员会(CACA-CBCS,Chinese Anti-Cancer Association, Committee of Breast Cancer Society)','','确定性因素：1.年龄；2.性别；3.绝经后体重增加 BMI≥30kg/m2或增加10公斤；4.高身材，身高大于175cm；5.雌激素水平（高内源性雌激素水平）；6.骨密度（升高者发病率升高）；7.良性乳腺疾病史；8.长期使用外源性雌激素；9.初潮较早或绝经较晚；10.未产妇及首次初产年龄大于等于35岁；11.乳腺癌个人史；12.一级亲属罹患乳腺癌；13.饮酒；14.吸烟；15.夜班工作；16.暴露于治疗性电离辐射；17.是否哺乳；18.大豆/植物雌激素应用；19.体育锻炼；\n不确定性因素：未录入','1.有明显的乳腺癌遗传倾向者\r\n2.既往有乳腺良恶性疾病患者\r\n3.既往行胸部放疗','sex=\'女\' and (locate(\'乳腺\',sufferedDiseases)>0 or locate(\'乳腺\',inheritDiseases)>0 or height>175 or height/weight/weight*10000>=24)','无','sex=\'女\' and (height>175 or height/weight/weight*10000>=24)','已发布',NULL,NULL,'be36269e1960417a8fe60ed93fd465d3','中国抗癌协会乳腺癌诊治指南与规范（2015版）'),('aa5f7b61e93f4c0a8639e2b2d8b3a933','中华医学会外科学分会胰腺外科学组','','1.年龄；2.家族史；3.60岁以上突发糖尿病；4.慢性胰腺炎病史；5.吸烟；6.饮酒；7.肥胖；8.远端胃大部切除术病史（时间大于20年）；9.接触萘胺及苯类化合物者\r\n前驱症状：消化不良、恶性、脂肪泻、黄疸、疼痛、体重减轻','1.年龄大于40岁，有非特异性上腹部不适症状；\n2.一级亲属有罹患胰腺癌\n3.年龄大于60岁，突发糖尿病，缺乏家族史，低体重指数，很快形成胰岛素抵抗\n4.慢性胰腺炎病史：特别是遗传性胰腺炎病史\n5.良性病变行远端胃大部切除术者，特别是术后20年以上人群\n6.导管内乳头状粘液瘤患者\n7.FAP 家族性腺瘤息肉病患者\n8.长期吸烟\n9.大量饮酒\n10.体重超重\n11.黑斑息肉综合征病史\n12.家族性恶性黑色素瘤病史','(age>=40 and locate(\'胰腺癌\',inheritDiseases)>0 or locate(\'胰腺\',sufferedDiseases)>0) or (locate(\'突发性糖尿病\',sufferedDiseases)>0 and age>=60)','','age>=40 and (tag_smoke_age>10 or height/weight/weight*10000>24)','已发布',NULL,NULL,'c2aef940bbc14bb598c88223d83c614b','胰腺癌诊治指南（2014）'),('ae6bcb0679ba4b7f83ec6aca09757dd6',' 中华人民共和国国家卫生和计划生育委员会(NHFPC,National Health and Family Planning Commission of China)','','1.高血压史（≥140/90 mmHg）或正在服用降压药物 \n2.房颤和（或）心脏瓣膜病等心脏病\n3.吸烟\n4.血脂异常\n5.糖尿病\n6.BMI大于26\n7.很少进行体育活动\n8.有卒中家族史','1.以上8条满足3条\r\n2.既往有缺血性脑卒中病史或短暂性脑缺血发作病史','(locate(\'高血压\',sufferedDiseases)>0 or locate(\'房颤\',sufferedDiseases)>0 or locate(\'心脏\',sufferedDiseases)>0 or locate(\'糖尿病\',sufferedDiseases)>0 or tag_smoke_style!=\'no\') and (locate(\'脑卒中\',sufferedDiseases)>0 or locate(\'脑缺血\',sufferedDiseases)>0)','','locate(\'高血压\',sufferedDiseases)>0 or locate(\'房颤\',sufferedDiseases)>0 or locate(\'心脏\',sufferedDiseases)>0 or locate(\'糖尿病\',sufferedDiseases)>0 or tag_smoke_style!=\'no\'','已发布',NULL,NULL,'66e8a724efea4d1d8d54c900ffd1984b','2014 卒中筛查与防治技术规范'),('b324470469f449a883059bebbc195bea',' 中华医学会内镜学分会(CSDE,Chinese Society of Digestive Endoscopy) 中国抗癌协会(Chinese Anti-cancer Association) 中国抗癌协会肿瘤内镜专业委员会','','1.性别：\n2.年龄\n3.饮食：加盐腌制蔬菜或烟熏肉和鱼。\n4.吸烟\n5.治疗：接受过胃部手术。\n6.癌前疾病：慢性萎缩性胃炎、胃溃疡、胃息肉。\n7.家族肿瘤疾病史：包括家族胃癌史，遗传性非息肉性肠癌，家族性腺瘤性息肉等遗传性疾病等。\n8.恶性贫血。\n9.肥胖：超过正常体重20～25公斤\n10.经济状况：经济较差的地区，胃癌的发病率较高。\n11.是否有贫血、消瘦、消化道出血、呕吐、上腹部不适、上腹部肿块.来源:2013卫计委胃癌规范化诊疗指南（试行）','1.幽门螺旋杆菌+，萎缩性胃炎-\n2.幽门螺旋杆菌+，萎缩性胃炎+\n3.幽门螺旋杆菌-，萎缩性胃炎-\n4.幽门螺旋杆菌-，萎缩性胃炎-按照一般人群处理','locate(\'幽门螺旋杆菌阳性\',sufferedDiseases)>0 and (locate(\'salty\',tag_foodStyle)>0 or locate(\'smoked\',tag_foodStyle)>0 or locate(\'cured\',tag_foodStyle)>0 or tag_smoke_age>1 or locate(\'胃\',sufferedDiseases)>0 or locate(\'胃癌\',inheritDiseases)>0 or locate(\'腺瘤\',inheritDiseases)>0 or locate(\'肠癌\',inheritDiseases)>0)','  男女不限，年龄大于等于40岁，满足一下任意一条：\n1.胃癌高发地区人群\n2.幽门螺旋杆菌感染感染\n3.既往患有慢性萎缩性胃炎等胃癌癌前病变\n4.一级亲属罹患胃癌\n5.存在胃癌其它高危因素（吸烟、重度饮酒、高盐、腌制饮食等）\n检查需同时进行','age>=40 and (locate(\'幽门螺旋杆菌阳性\',sufferedDiseases)>0 or locate(\'salty\',tag_foodStyle)>0 or locate(\'smoked\',tag_foodStyle)>0 or locate(\'cured\',tag_foodStyle)>0 or tag_smoke_age>1 or locate(\'胃\',sufferedDiseases)>0 or locate(\'胃癌\',inheritDiseases)>0 or locate(\'腺瘤\',inheritDiseases)>0 or locate(\'肠癌\',inheritDiseases)>0)','已发布',NULL,NULL,'e613c52489824f9c8c51bf55d2b8cddb','中国早期胃癌筛查及内镜诊治共识意见（2014年，长沙）'),('e00f9b2d6bee4dc7aeb0d821f8ac068d','中华医学会消化内镜学分会消化系早癌内镜诊断与治疗协作组,中华医学会消化病学分会消化道肿瘤协作组,中华医学会消化病学分会消化病理学组','','将55～74岁的一般风险人群、40～74岁的高风险人群以及家族史不详的人群作为内镜筛查的目标人群。\n①长期居住于食管鳞癌高发区；②一级亲属有食管鳞癌病史；③既往有食管病变史(食管上皮内瘤变)；④本人有癌症史；⑤长期吸烟史；⑥长期饮酒史；⑦有不良饮食习惯如进食快、热烫饮食、高盐饮食、进食腌菜者。','有以上任意1条者视为高危人群（鉴于现有国际国内指南均未推荐筛查频率，本项目拟定胃癌筛查频率进行）','age>=55 and age<=74 and (locate(\'食管鳞癌\',inheritDiseases)>0  or locate(\'食管\',sufferedDiseases)>0 or locate(\'癌\',sufferedDiseases)>0 or tag_smoke_age>=10 or locate(\'fast\',tag_foodStyle)>0 or locate(\'hot\',tag_foodStyle)>0 or locate(\'salty\',tag_foodStyle)>0)','一般风险人群：无上述任意1条者。（鉴于现有国际国内指南均未推荐筛查频率，本项目拟定胃癌筛查频率进行）','age>=40 and age<=74 and (locate(\'fast\',tag_foodStyle)>0 or locate(\'hot\',tag_foodStyle)>0 or locate(\'salty\',tag_foodStyle)>0)','已发布',NULL,NULL,'bb1a5c5baed54286ad3d097ad0bc8622','中国早期食管鳞状细胞癌及癌前病变筛查与诊治共识（2015年，北京）'),('f811f2a0844c4183b8652ad1e082b6a8',' 中华医学会呼吸病学分会','','肥胖','1.BMI≥25\n2.生育期内男性发病率大于女性，女性绝经后快速增加，79岁后趋于稳定\n3.上呼吸道解剖异常（体检检出）\n4.长期大量饮酒或/和服用镇静、催眠、肌肉松弛药物\n5.家族史\n6.长期吸烟\n7.其它相关疾病：甲状腺功能低下、肢端肥大症、卒中、心功能不全、胃食管反流及神经肌肉疾病','weight/height/height*10000>=25 or locate(\'呼吸\',sufferedDiseases)>0 or locate(\'呼吸\',inheritDiseases)>0','筛查联系睡眠呼吸中心','weight/height/height*10000>=25 or tag_smoke_age>=10','新建',NULL,NULL,'4128397e3ca24d9785da2d80c8aea6cc','阻塞性睡眠呼吸暂停低通气综合征诊治指南（2011修订版）');
/*!40000 ALTER TABLE `exam_examguideline` ENABLE KEYS */;
UNLOCK TABLES;

--
-- Table structure for table `exam_examitem`
--

DROP TABLE IF EXISTS `exam_examitem`;
/*!40101 SET @saved_cs_client     = @@character_set_client */;
/*!40101 SET character_set_client = utf8 */;
CREATE TABLE `exam_examitem` (
  `EXAMITEM_ID` varchar(100) NOT NULL,
  `NAME` varchar(255) DEFAULT NULL COMMENT '名称',
  `DESCRIPTION` varchar(255) DEFAULT NULL COMMENT '描述',
  `CREATEBY` varchar(255) DEFAULT NULL COMMENT '创建该记录员工id',
  `CREATEON` timestamp NULL DEFAULT NULL COMMENT '创建该记录时间',
  `EXAMCATEGORY_ID` varchar(32) DEFAULT NULL COMMENT '创建该记录时间',
  `EXAMITEM_PARENT_ID` varchar(32) DEFAULT NULL COMMENT '创建该记录时间',
  PRIMARY KEY (`EXAMITEM_ID`)
) ENGINE=InnoDB DEFAULT CHARSET=utf8;
/*!40101 SET character_set_client = @saved_cs_client */;

--
-- Dumping data for table `exam_examitem`
--

LOCK TABLES `exam_examitem` WRITE;
/*!40000 ALTER TABLE `exam_examitem` DISABLE KEYS */;
INSERT INTO `exam_examitem` VALUES ('0153538d3f724287974dc4fe77453db9','免疫法',' ',NULL,NULL,'b91bab9065b645aea3c83eb67343577c',NULL),('147311ff1fac45718c943bb1b44bde08','抗一HCV','丙型肝炎病毒抗体测定',NULL,NULL,'7e56b05761d84c6c93c18747f7370739',NULL),('19073391bb8d4b0495c0ffb3301529d4','HPV',' ',NULL,NULL,'432ddbf0b4214c12aaf15a75dd5e892d',NULL),('1a711b99fcfe42ea8a4e808d6a8e6c35','胸部低剂量螺旋CT','100-120KVP及40-60mA或更小',NULL,NULL,'07d45f7e80b5412bb7542bef017742be',NULL),('1b48b486834e41dfa87fae786fd80431','乳腺临床体检','不自检',NULL,NULL,'0a6820d193b44d66ad1f84f00963de75',NULL),('1cf024f9234748ecbed6be3d9d15b887','颈部动脉超声检查',' ',NULL,NULL,'a0d828107a03452cb11bf5515888609f',NULL),('2888b9e992934698b3b66dabd9f7d211','颈部淋巴结触诊',' ',NULL,NULL,'47a15abd118c46ffb28fc3e7f8b2b6c2',NULL),('28a765aad90d41a38fea1ab8bbe6c7c6','胃镜检查','上消化道内镜检查',NULL,NULL,'39eb8d624e134a61b3840e42989e6981',NULL),('296ff15c9a5e43739cc10ffeac68bd99','癌胚抗原','CEA',NULL,NULL,'79682cb1010f4306b3562851547f8e6c',NULL),('3298ccd3c51a41948c07d831ee9a841a','血清EB病毒EA/IgG检测',' ',NULL,NULL,'9aa33f7c6a544cffbd1c214f5ffb735b',NULL),('36abaa6a155c4c82bfcf8a160516aef1','鼻咽纤维镜检查',' ',NULL,NULL,'1529bbbe0bab4147a4aab46c65772390',NULL),('38f627bc071d4f08872ec0a9cc39f81e','肛门指检','肛门指检',NULL,NULL,'57733aeee8b14e33b964869debd385d0',NULL),('39ae9072d7b541b8a0c5bc3de5a7a77a','色素胃镜','上消化道色素内镜',NULL,NULL,'39eb8d624e134a61b3840e42989e6981',NULL),('3b24fb6f089945f9b5ef6c948a48541f','血脂检查','甘油三酯、总胆固醇、高密度脂蛋白、低密度脂蛋白',NULL,NULL,'393b0b1746ab48258fab53e8cac33c8b',NULL),('3c18cd869f934c5ea26e37f422a62f03','超声心动图','心脏彩超',NULL,NULL,'a0d828107a03452cb11bf5515888609f',NULL),('3dc8d66276cb478c91e6172c8cd8d2dd','肾功能检测','肌酐、尿素氮、尿酸',NULL,NULL,'393b0b1746ab48258fab53e8cac33c8b',NULL),('3eca1a51171e46c59fd65fe521eb6dec','甲胎蛋白','AFP',NULL,NULL,'79682cb1010f4306b3562851547f8e6c',NULL),('499f70fa3c5d489e9d9b645859d0a2a8','间接鼻咽镜检查',' ',NULL,NULL,'1529bbbe0bab4147a4aab46c65772390',NULL),('50730222ecb649048efb9907877580c8','肛门指检',' ',NULL,NULL,'24b1e21aa0d94552a6773878890d07fc',NULL),('53a380ece1214582a702c2a9bccbffe4','双能X线吸收测定法骨密度测定',' ',NULL,NULL,'3ceccdd0c1d64c29bd0f9d4be58b9664',NULL),('5b68d92c450c49a2954acde98c397cce','乳腺钼靶摄影',' ',NULL,NULL,'4a14393fd5fa429a8fa9b6d3de259f84',NULL),('67024dbbcfe64530b72f9a68e805f9d3','宫颈液基细胞学',' ',NULL,NULL,'33a32e9c01414161ab3c133bb359f530',NULL),('69b5d03c72ef4b638b3eeceeff854f5c','血细胞分析',' ',NULL,NULL,'b15fca7d7e214b9ab308df7719a332ff',NULL),('6bb8be13c4ac449f933793deff961303','血清EB病毒IgA/EA检测',' ',NULL,NULL,'9aa33f7c6a544cffbd1c214f5ffb735b',NULL),('793464f7a21841d1bf424c788f278eac','糖类抗原199','CA199',NULL,NULL,'79682cb1010f4306b3562851547f8e6c',NULL),('7f2555156a25467ba8fade088b8c5bda','血清EB病毒DNA酶活性检测',' ',NULL,NULL,'9aa33f7c6a544cffbd1c214f5ffb735b',NULL),('8000e65cf47944ce81f0d00462e191c5','血清胃蛋白酶原I',' ',NULL,NULL,'4d950c5fbc014782bcec2f265d400fc3',NULL),('826ffee5612046c0ae1eea31257a466f','电子染色胃镜','上消化道电子染色内镜检查',NULL,NULL,'39eb8d624e134a61b3840e42989e6981',NULL),('84dc4796f40e4950aa3599bb2f90fd03','经颅多普勒超声',' ',NULL,NULL,'a0d828107a03452cb11bf5515888609f',NULL),('893a9a6ba74e441aa957fc2dbfaec511','电子结直肠镜',' ',NULL,NULL,'39eb8d624e134a61b3840e42989e6981',NULL),('91f92cb1ea2f4d638660c196a10abe85','甲胎蛋白',' ',NULL,NULL,'c13d47651481477e8a9f75f691f5b7e0',NULL),('988d6b8a415541478e89947e0ca4fb49','上腹部CT',' ',NULL,NULL,'64f24e24e680491ab8179ac65e295a13',NULL),('992319f2fccc4b92b5e839125792f510','踝-臂指数',' 脑动脉粥样硬化筛查与诊断规范（2014版）',NULL,NULL,'6b134036c35246a7b63941ed8e3747aa',NULL),('9a836396ece14715bb9932988e4bd920','腹主动脉彩色多普勒超声检查','也称后腹膜彩色多普勒超声检查',NULL,NULL,'a0d828107a03452cb11bf5515888609f',NULL),('9b73b65467314edcb594061d2ac6480e','血清EB病毒IgA/VCA检测',' ',NULL,NULL,'9aa33f7c6a544cffbd1c214f5ffb735b',NULL),('a2f4e480d5a049d4868ad05ed0e535e2','前列腺特异性抗原','PSA',NULL,NULL,'79682cb1010f4306b3562851547f8e6c',NULL),('b1234f4805314c37bdfeb0425857a7e4','前列腺特异性抗原',' ',NULL,NULL,'27c8a34915c141debc48a09ef5eeea79',NULL),('b904f54b44c74ff1abdc0097823e665c','体重指数（BMI）测定','需同时测量身高体重',NULL,NULL,'6b134036c35246a7b63941ed8e3747aa',NULL),('be5da3d3599b4b018ee429f9fe38925d','宫颈刮片',' ',NULL,NULL,'9db190879497420eaa630fa9299afdff',NULL),('beb495148eeb4b46af6cff87e5d66989','随机血糖检查',' ',NULL,NULL,'393b0b1746ab48258fab53e8cac33c8b',NULL),('bece52e7245b4e9683a31dfcef497be8','低剂量胸部CT',' ',NULL,NULL,'64f24e24e680491ab8179ac65e295a13',NULL),('c2b3fa6fe5c54e0ea2272e1ca4506bb2','促胃液素-17',' ',NULL,NULL,'9311ab338c31451887ff03d0004bcc32',NULL),('ca5efe3a33164eb78f6a534421093031','乳腺彩超检查',' ',NULL,NULL,'a0d828107a03452cb11bf5515888609f',NULL),('cbf1f90395e8406683844ad150aeda7a','腹部彩超','肝、胆、胰、脾、双肾',NULL,NULL,'a0d828107a03452cb11bf5515888609f',NULL),('cc0248a4df25459898eb8d785846507e','腰围测量',' ',NULL,NULL,'6b134036c35246a7b63941ed8e3747aa',NULL),('cd0a3125f338439bb3aff5a52b1e0a69','糖类抗原125','CA125',NULL,NULL,'79682cb1010f4306b3562851547f8e6c',NULL),('cfb5859158dd43a4b704bd86be66ad65','颈动脉听诊',' ',NULL,NULL,'6b134036c35246a7b63941ed8e3747aa',NULL),('d7f71613b49b4bbaa862f8e429194f2e','肝功能检测','ALT/AST GGT',NULL,NULL,'393b0b1746ab48258fab53e8cac33c8b',NULL),('da86f3d7bcb34bb6a34eb2dadad388bb','双臂血压',' ',NULL,NULL,'6b134036c35246a7b63941ed8e3747aa',NULL),('e2499dc8240140d99e10ba182a7cf5c4','口腔检查',' ',NULL,NULL,'12bc0e290cbb40d887e388c3ec4aab4a',NULL),('e52fd09c6e364b01b37fe9e59d88811d','DR胸部正侧位检查',' ',NULL,NULL,'ed1fe6b760124f7f821162790ee20ab3',NULL),('ec195f3e49694b34a7cb1eeab9cf7624','血清胃蛋白酶原II',' ',NULL,NULL,'4d950c5fbc014782bcec2f265d400fc3',NULL),('ec80fc6dae7d4e09a1355cec91f61556','游离前列腺特异性抗原','F-PSA',NULL,NULL,'79682cb1010f4306b3562851547f8e6c',NULL),('f0548e60dcce49838225dbb6d61f69b3','血压测量，袖带式',' ',NULL,NULL,'251b00bfe73a45199f57f635f6026b64',NULL),('f21f600c206243dabbf29b7e11f22b36','空腹血糖检查',' ',NULL,NULL,'393b0b1746ab48258fab53e8cac33c8b',NULL),('f2b8b1b37c174f91b2662e8d14d97ccb','C-14呼气试验',' 含有C-13呼气试验',NULL,NULL,'642985022f1742bda24cec3d0f0267ea',NULL);
/*!40000 ALTER TABLE `exam_examitem` ENABLE KEYS */;
UNLOCK TABLES;

--
-- Table structure for table `exam_examsolution`
--

DROP TABLE IF EXISTS `exam_examsolution`;
/*!40101 SET @saved_cs_client     = @@character_set_client */;
/*!40101 SET character_set_client = utf8 */;
CREATE TABLE `exam_examsolution` (
  `EXAMSOLUTION_ID` varchar(100) NOT NULL,
  `SUBGROUP` varchar(255) DEFAULT NULL COMMENT '检查手段分组标记',
  `RISKTYPE` set('low','middle','high') DEFAULT 'low' COMMENT '干预手段对应风险',
  `STARTAGE` int(11) DEFAULT NULL COMMENT '开始检查年龄',
  `ENDAGE` int(255) DEFAULT NULL COMMENT '结束检查年龄',
  `FEATURES` set('安全','全面','经济') DEFAULT '' COMMENT '医学检查手段',
  `EXAMGUIDELINE_ID` varchar(100) DEFAULT NULL,
  `EXAMITEM_ID` varchar(100) DEFAULT NULL,
  `EXAMFREQUENCY_ID` varchar(100) DEFAULT NULL,
  PRIMARY KEY (`EXAMSOLUTION_ID`)
) ENGINE=InnoDB DEFAULT CHARSET=utf8;
/*!40101 SET character_set_client = @saved_cs_client */;

--
-- Dumping data for table `exam_examsolution`
--

LOCK TABLES `exam_examsolution` WRITE;
/*!40000 ALTER TABLE `exam_examsolution` DISABLE KEYS */;
INSERT INTO `exam_examsolution` VALUES ('00807be0eeae48a7a166935874b44854',NULL,'high',40,200,'全面','b324470469f449a883059bebbc195bea','28a765aad90d41a38fea1ab8bbe6c7c6','bef717b8763d456db9c6f98b02e0e8cc'),('0392063b79874885b27949b99d740f3c',NULL,'low',65,200,'经济','5f5000b3c1ac4c01b471412ce2dbf80a','53a380ece1214582a702c2a9bccbffe4','79e6b6d5ee364e17b6a72d202af7003c'),('046a10cca05b4da2b9e5204ed142230c',NULL,'high',0,200,'安全,经济','7c77c03835cc41dda72c27028ecb7585','cbf1f90395e8406683844ad150aeda7a','a4fca9ec6b314d889f54a54fcbf03bc7'),('0e894749ea2a4317bfcc05b058ae9bee',NULL,'high',60,200,'安全,全面,经济','3d1776a7aa894ceca869b38cbc5245fe','e2499dc8240140d99e10ba182a7cf5c4','7aac354c4238414a83da7fe2cbbb5f70'),('15b951f71b5548a2a5ea854376b47863',NULL,'high',40,200,'经济','9a1bac66a1b640c2b1e106ecd37797e9','91f92cb1ea2f4d638660c196a10abe85','a4fca9ec6b314d889f54a54fcbf03bc7'),('15f48456ce6d421ba0e09a700bed8d0f',NULL,'high',40,200,'安全,经济','9a1bac66a1b640c2b1e106ecd37797e9','cbf1f90395e8406683844ad150aeda7a','a4fca9ec6b314d889f54a54fcbf03bc7'),('228d0fc3cb63491a8ecf411c31079b5c',NULL,'low',50,200,'全面','3841703bd931482fb3bc425b4178b813','893a9a6ba74e441aa957fc2dbfaec511','1302e7c2ead24c83bc816ae38c398188'),('258078cea3ef4eaeada0f11c8d1b0cca',NULL,'high',20,200,'安全,经济','a5c0a4318fb547c7bcf015480b2ca8c4','1b48b486834e41dfa87fae786fd80431','79e6b6d5ee364e17b6a72d202af7003c'),('29067d92aa074621a5187303c68fccb6',NULL,'high',30,200,'全面','8a2b68cc6b054aa7a40b5763f14cec28','67024dbbcfe64530b72f9a68e805f9d3','fadaecaa412647f3b27f31103936f597'),('293f8aaf336c4f4582849403eebe9ea4',NULL,'low',50,200,'安全,经济','3841703bd931482fb3bc425b4178b813','0153538d3f724287974dc4fe77453db9','7aac354c4238414a83da7fe2cbbb5f70'),('2b024ee2b2914439b8ed21604f86cd6f',NULL,'high',0,200,'全面','3841703bd931482fb3bc425b4178b813','893a9a6ba74e441aa957fc2dbfaec511','1302e7c2ead24c83bc816ae38c398188'),('2f0cd8f97321459480c9916289364cd8',NULL,'high',40,200,'安全,经济','aa5f7b61e93f4c0a8639e2b2d8b3a933','793464f7a21841d1bf424c788f278eac','79e6b6d5ee364e17b6a72d202af7003c'),('30e3a878a83b482abf25f39836353c42',NULL,'low',40,200,'经济','b324470469f449a883059bebbc195bea','c2b3fa6fe5c54e0ea2272e1ca4506bb2','fadaecaa412647f3b27f31103936f597'),('32d1ddfc15b84968b9e5ee468cc3dd0f',NULL,'low',40,200,'经济','b324470469f449a883059bebbc195bea','8000e65cf47944ce81f0d00462e191c5','fadaecaa412647f3b27f31103936f597'),('3476f8e2022e49ec8b4a53368ba4bcc6',NULL,'low',18,200,'安全,全面,经济','07e68dd1ea5f4f549eb813f80ca0a7b5','e2499dc8240140d99e10ba182a7cf5c4','79e6b6d5ee364e17b6a72d202af7003c'),('38becfa875a54c62bd07ea8447728b8b',NULL,'high',40,200,'安全,经济','56f55df13386472c98df5a082a3ec9ae','f0548e60dcce49838225dbb6d61f69b3','79e6b6d5ee364e17b6a72d202af7003c'),('39ff5a636dc241ecb354e4ea2511254c',NULL,'high',18,200,'安全,经济','89932374522c4cc4979d2c1206949377','ae9752c396ee4696bbcd6324c92483fd','bef717b8763d456db9c6f98b02e0e8cc'),('3ef3f45df9f14aa9923c583a884f05c3',NULL,'low',65,200,'安全,经济','365153d2e9e44bf0a15ec2fb25c97c31','9a836396ece14715bb9932988e4bd920','fe22b82417c54296a28b59d33e5da3a9'),('3f29e4f1d7874032aa92ec8bceb1c115',NULL,'high',65,200,'安全,经济','365153d2e9e44bf0a15ec2fb25c97c31','9a836396ece14715bb9932988e4bd920','fe22b82417c54296a28b59d33e5da3a9'),('479ddc5b8d76476280c051d30c233097',NULL,'high',45,200,'安全,经济','68db0e163064409286056fe21f7f27ad','1cf024f9234748ecbed6be3d9d15b887','79e6b6d5ee364e17b6a72d202af7003c'),('4aec9ca239e14bd0bd4a1b4b9f607486',NULL,'low',40,200,'经济','b324470469f449a883059bebbc195bea','f2b8b1b37c174f91b2662e8d14d97ccb','fadaecaa412647f3b27f31103936f597'),('4b444623729d4641931b36238e02ef11',NULL,'low',0,200,'安全,经济','8a2b68cc6b054aa7a40b5763f14cec28','be5da3d3599b4b018ee429f9fe38925d','bef717b8763d456db9c6f98b02e0e8cc'),('5225125d0f3446d3810d88535a385566',NULL,'high',40,200,'全面','e00f9b2d6bee4dc7aeb0d821f8ac068d','28a765aad90d41a38fea1ab8bbe6c7c6','d0f5761d1c8c454b960cce7c6e753abe'),('5618dacbb9f84dce98b437bcc2f4fb79',NULL,'high',45,200,'安全,经济','68db0e163064409286056fe21f7f27ad','992319f2fccc4b92b5e839125792f510','79e6b6d5ee364e17b6a72d202af7003c'),('597346775f57446ea808b47552548bc1',NULL,'low',18,200,'经济','56f55df13386472c98df5a082a3ec9ae','f0548e60dcce49838225dbb6d61f69b3','bef717b8763d456db9c6f98b02e0e8cc'),('5984f74aded1469992266f266a45e536',NULL,'high',30,200,'经济','8a2b68cc6b054aa7a40b5763f14cec28','be5da3d3599b4b018ee429f9fe38925d','bef717b8763d456db9c6f98b02e0e8cc'),('5e5b8da8bf714f75a49e79005a215a35',NULL,'low',0,200,'经济','40c2f59a7b2c4b50937da37b2b9f7919','e52fd09c6e364b01b37fe9e59d88811d','79e6b6d5ee364e17b6a72d202af7003c'),('64314cf1ebb9492c8e0d450aebe38683',NULL,'high',45,200,'经济','a26efd48e9484b22b8bf7477f7656630','b1234f4805314c37bdfeb0425857a7e4','b0c2227bc6d14b1fb2310339d9400068'),('6bc1ea4cd0e24262a3e263f999ce83bf',NULL,'high',45,200,'安全,经济','68db0e163064409286056fe21f7f27ad','b904f54b44c74ff1abdc0097823e665c','79e6b6d5ee364e17b6a72d202af7003c'),('6c2c0bf931ee49b28e4ede0f911a9ccb',NULL,'high',50,200,'全面','3841703bd931482fb3bc425b4178b813','893a9a6ba74e441aa957fc2dbfaec511','bef717b8763d456db9c6f98b02e0e8cc'),('6ddabc3598e04716885b57025c690a23',NULL,'high',0,200,'安全,经济','68db0e163064409286056fe21f7f27ad','cc0248a4df25459898eb8d785846507e','79e6b6d5ee364e17b6a72d202af7003c'),('7bc37a3ba55b4701983d09f9dd4ca5c1',NULL,'high',0,200,'安全,经济','54cf2c7cb40c4d538f700e731894495e','147311ff1fac45718c943bb1b44bde08','fe22b82417c54296a28b59d33e5da3a9'),('819658895a1f414d8769ea1901307046',NULL,'high',45,200,'安全,经济','68db0e163064409286056fe21f7f27ad','3b24fb6f089945f9b5ef6c948a48541f','79e6b6d5ee364e17b6a72d202af7003c'),('88cfbaf79b8d4d93983e1e0c32d0e82b',NULL,'high',40,200,'全面','3841703bd931482fb3bc425b4178b813','893a9a6ba74e441aa957fc2dbfaec511','fadaecaa412647f3b27f31103936f597'),('8c0ec1d5dbec4de58c4e5025a99e1687',NULL,'high',40,200,'全面','b324470469f449a883059bebbc195bea','28a765aad90d41a38fea1ab8bbe6c7c6','2d61e9b6ab194971a8f65921ecc87eee'),('8f9841c037e84d6cb6f54c760b6fcfbf',NULL,'low',18,200,'安全,全面,经济','3d1776a7aa894ceca869b38cbc5245fe','e2499dc8240140d99e10ba182a7cf5c4','79e6b6d5ee364e17b6a72d202af7003c'),('9053e499225f46a98e24973ce15851ef',NULL,'high',40,200,'全面','b324470469f449a883059bebbc195bea','28a765aad90d41a38fea1ab8bbe6c7c6','79e6b6d5ee364e17b6a72d202af7003c'),('923be79e443343e09d3d29a5b24b9af5',NULL,'high',50,200,'安全,全面,经济','1cfc1f8ff2dc4049b2422177cd3b9040','1a711b99fcfe42ea8a4e808d6a8e6c35','79e6b6d5ee364e17b6a72d202af7003c'),('9c28800e93924d2daf12fc19d4eb3346',NULL,'high',20,200,'全面','a5c0a4318fb547c7bcf015480b2ca8c4','5b68d92c450c49a2954acde98c397cce','79e6b6d5ee364e17b6a72d202af7003c'),('9da06586fc7c4a18864b8e9af54be72f',NULL,'high',40,200,'安全,经济','ae6bcb0679ba4b7f83ec6aca09757dd6','84dc4796f40e4950aa3599bb2f90fd03','79e6b6d5ee364e17b6a72d202af7003c'),('a621f00b05c84b72ad43c1f8c19e52f4',NULL,'low',55,200,'全面','e00f9b2d6bee4dc7aeb0d821f8ac068d','28a765aad90d41a38fea1ab8bbe6c7c6','1302e7c2ead24c83bc816ae38c398188'),('a81aaf972ead464ab6ac08b2414e4ed7',NULL,'low',40,200,'安全','a5c0a4318fb547c7bcf015480b2ca8c4','ca5efe3a33164eb78f6a534421093031','79e6b6d5ee364e17b6a72d202af7003c'),('b8f052f49bbd4762b3a47e18652a89f9',NULL,'high',60,200,'安全,全面,经济','07e68dd1ea5f4f549eb813f80ca0a7b5','e2499dc8240140d99e10ba182a7cf5c4','7aac354c4238414a83da7fe2cbbb5f70'),('d0ccb14cdb7948bd83af3db7a16b2f05',NULL,'high',40,200,'经济','aa5f7b61e93f4c0a8639e2b2d8b3a933','cbf1f90395e8406683844ad150aeda7a','fe22b82417c54296a28b59d33e5da3a9'),('ddb95f28458949b4bf0500153c01bd2b',NULL,'low',40,200,'经济','a5c0a4318fb547c7bcf015480b2ca8c4','5b68d92c450c49a2954acde98c397cce','79e6b6d5ee364e17b6a72d202af7003c'),('ddf6c1145f4646469229b51392a6e14d',NULL,'high',0,200,'安全,经济','68db0e163064409286056fe21f7f27ad','cfb5859158dd43a4b704bd86be66ad65','79e6b6d5ee364e17b6a72d202af7003c'),('e6bace44ce564e5f9d2529a6408bd7a9',NULL,'high',30,200,'经济','a1ccc6a220a4465f964195c539c1d365','9b73b65467314edcb594061d2ac6480e','fadaecaa412647f3b27f31103936f597'),('e83e548a6fbc4fa4a17b084b71a2f835',NULL,'high',0,200,'安全,经济','68db0e163064409286056fe21f7f27ad','da86f3d7bcb34bb6a34eb2dadad388bb','79e6b6d5ee364e17b6a72d202af7003c'),('e9944b8c5e8544e08624d22853a4b29d',NULL,'low',0,200,'安全,经济','54cf2c7cb40c4d538f700e731894495e','147311ff1fac45718c943bb1b44bde08','7aac354c4238414a83da7fe2cbbb5f70'),('f8bdebabbe7140b1a54f3f1145878b67',NULL,'high',45,200,'安全,经济','a26efd48e9484b22b8bf7477f7656630','50730222ecb649048efb9907877580c8','b0c2227bc6d14b1fb2310339d9400068'),('f94db6731d504f6da19e2f78faeae58e',NULL,'low',55,200,'安全,全面,经济','1cfc1f8ff2dc4049b2422177cd3b9040','1a711b99fcfe42ea8a4e808d6a8e6c35','79e6b6d5ee364e17b6a72d202af7003c'),('f97e60dcfb424c70b48e4f9d0498ff3b',NULL,'high',0,200,'安全','40c2f59a7b2c4b50937da37b2b9f7919','3c18cd869f934c5ea26e37f422a62f03','79e6b6d5ee364e17b6a72d202af7003c'),('fd2e8b4d102540b4a171f18347566c8f',NULL,'high',40,200,'安全,经济','ae6bcb0679ba4b7f83ec6aca09757dd6','1cf024f9234748ecbed6be3d9d15b887','79e6b6d5ee364e17b6a72d202af7003c'),('fd847785851546378522036e3fcffbcf',NULL,'high',18,200,'经济','5f5000b3c1ac4c01b471412ce2dbf80a','53a380ece1214582a702c2a9bccbffe4','79e6b6d5ee364e17b6a72d202af7003c');
/*!40000 ALTER TABLE `exam_examsolution` ENABLE KEYS */;
UNLOCK TABLES;

--
-- Table structure for table `sys_app_user`
--

DROP TABLE IF EXISTS `sys_app_user`;
/*!40101 SET @saved_cs_client     = @@character_set_client */;
/*!40101 SET character_set_client = utf8 */;
CREATE TABLE `sys_app_user` (
  `USER_ID` varchar(100) NOT NULL,
  `USERNAME` varchar(255) DEFAULT NULL,
  `PASSWORD` varchar(255) DEFAULT NULL,
  `NAME` varchar(255) DEFAULT NULL,
  `RIGHTS` varchar(255) DEFAULT NULL,
  `ROLE_ID` varchar(100) DEFAULT NULL,
  `LAST_LOGIN` timestamp NULL DEFAULT NULL,
  `IP` varchar(100) DEFAULT NULL,
  `STATUS` varchar(32) DEFAULT NULL,
  `BZ` varchar(255) DEFAULT NULL,
  `PHONE` varchar(100) DEFAULT NULL,
  `SFID` varchar(100) DEFAULT NULL,
  `START_TIME` varchar(100) DEFAULT NULL,
  `END_TIME` varchar(100) DEFAULT NULL,
  `YEARS` int(10) DEFAULT NULL,
  `NUMBER` varchar(100) DEFAULT NULL,
  `EMAIL` varchar(32) DEFAULT NULL,
  `SEX` varchar(255) DEFAULT NULL COMMENT '性别',
  `BIRTHDAY` date DEFAULT NULL COMMENT '生日',
  `MARRIAGESTATUS` varchar(255) DEFAULT NULL COMMENT '婚姻状况',
  `HEIGHT` int(11) DEFAULT '170' COMMENT '身高',
  `WEIGHT` int(11) DEFAULT '50' COMMENT '体重',
  `BIRTHPLACE` varchar(255) DEFAULT NULL COMMENT '出生地',
  `LIVEPLACE` varchar(255) DEFAULT NULL COMMENT '居住地',
  `CAREER` varchar(255) DEFAULT NULL COMMENT '职业',
  `DEGREE` varchar(255) DEFAULT NULL COMMENT '学历',
  `OPENID` varchar(255) DEFAULT NULL COMMENT 'openid',
  `AVATAR` varchar(255) DEFAULT '../images/defaultimg.png' COMMENT '用户头像',
  `CREATEBY` varchar(255) DEFAULT NULL COMMENT '创建用户ID',
  `CREATEON` timestamp NULL DEFAULT NULL COMMENT '创建该记录的时间',
  PRIMARY KEY (`USER_ID`)
) ENGINE=InnoDB DEFAULT CHARSET=utf8;
/*!40101 SET character_set_client = @saved_cs_client */;

--
-- Dumping data for table `sys_app_user`
--

LOCK TABLES `sys_app_user` WRITE;
/*!40000 ALTER TABLE `sys_app_user` DISABLE KEYS */;
INSERT INTO `sys_app_user` VALUES ('0e589df1ee70439e9af5a11e642dd1c7','13678189384','c4ca4238a0b923820dcc509a6f75849b','老妈',NULL,'1b67fc82ce89457a8347ae53e43a347e','2016-05-12 13:27:40',NULL,'1','','13678189384','','','',0,'100102','tet@163.com','女','1960-02-02','未婚',162,46,'北京市,北京市','北京市,北京市','IT|通信|电子|互联网','小学',NULL,NULL,NULL,NULL),('21f56965452840ef8eccd570f85fcf65',NULL,NULL,'lll',NULL,'1b67fc82ce89457a8347ae53e43a347e','2016-06-14 15:30:49',NULL,'1',NULL,'13541183091',NULL,NULL,NULL,NULL,NULL,NULL,'男','1992-01-01','未婚',170,50,'北京市,北京市','北京市,北京市','IT|通信|电子|互联网','小学',NULL,NULL,NULL,'2016-06-14 15:30:49'),('229892530ce6441897cb7be5582fe84c','18584354577',NULL,NULL,NULL,'1b67fc82ce89457a8347ae53e43a347e','2016-06-12 03:34:34',NULL,'1',NULL,'18584354577',NULL,NULL,NULL,NULL,NULL,NULL,NULL,'1992-01-01',NULL,170,50,NULL,NULL,NULL,NULL,'o8NoVwsmKGtBpfvSL7-T1C9WORcU',NULL,NULL,'2016-06-12 03:34:34'),('24c1a11d8fb442bcb875a1d604d0d506',NULL,NULL,'来来来',NULL,'1b67fc82ce89457a8347ae53e43a347e','2016-06-02 16:19:52',NULL,'1',NULL,'15225252525',NULL,NULL,NULL,NULL,NULL,NULL,'男','1992-01-01','未婚',170,50,'北京市,北京市','北京市,北京市','IT|通信|电子|互联网','小学',NULL,NULL,NULL,'2016-06-02 16:19:52'),('2c2ddacd84c240d2b18d81cf6c3c2db4','15855855888',NULL,'兔兔',NULL,'1b67fc82ce89457a8347ae53e43a347e','2016-05-21 15:00:33',NULL,'1',NULL,'15855855888',NULL,NULL,NULL,NULL,NULL,NULL,'男',NULL,'未婚',170,50,'北京市,北京市','北京市,北京市','IT|通信|电子|互联网','小学',NULL,NULL,NULL,'2016-05-21 15:00:33'),('2deede843eb9449db982efa583ab5a77',NULL,NULL,'默默',NULL,'1b67fc82ce89457a8347ae53e43a347e','2016-06-02 16:21:15',NULL,'1',NULL,'15858585858',NULL,NULL,NULL,NULL,NULL,NULL,'男','1992-01-01','未婚',170,50,'北京市,北京市','北京市,北京市','IT|通信|电子|互联网','小学',NULL,NULL,NULL,'2016-06-02 16:21:15'),('37f9b5b40c3b40b69a333386a800eda1','13222222222',NULL,'测试',NULL,'1b67fc82ce89457a8347ae53e43a347e','2016-05-19 15:51:20',NULL,'1',NULL,'13222222222',NULL,NULL,NULL,NULL,NULL,NULL,NULL,NULL,NULL,170,50,NULL,NULL,NULL,NULL,'aaa','http://www.baidu.com/img/bd_logo1.png',NULL,'2016-05-19 15:51:20'),('486f89f8a5b44d689eb7f93267219855','13544444444','c4ca4238a0b923820dcc509a6f75849b','学生',NULL,'1b67fc82ce89457a8347ae53e43a347e','2016-05-20 06:25:27',NULL,'1','','13544444444','','','',0,'1010102','san@test.com','男','2002-05-25','未婚',170,50,'北京市,北京市','北京市,北京市','IT|通信|电子|互联网','小学',NULL,NULL,NULL,NULL),('4fe94e67944c4609b2806b49d5ef11a4','13888808000',NULL,'具体',NULL,'1b67fc82ce89457a8347ae53e43a347e','2016-05-20 06:32:23',NULL,'1',NULL,'13888808000',NULL,NULL,NULL,NULL,NULL,NULL,'男',NULL,'未婚',170,50,'北京市,北京市','北京市,北京市','IT|通信|电子|互联网','小学',NULL,NULL,NULL,'2016-05-20 06:32:23'),('5fc907151ff34c1983b9bb50969592c1','13999999999',NULL,'来来来',NULL,'1b67fc82ce89457a8347ae53e43a347e','2016-05-20 06:32:43',NULL,'1',NULL,'13999999999',NULL,NULL,NULL,NULL,NULL,NULL,'男',NULL,'未婚',170,50,'北京市,北京市','北京市,北京市','IT|通信|电子|互联网','小学',NULL,NULL,NULL,'2016-05-20 06:32:43'),('679ba1ba6a034e83bf32e56b2945fc0a','13222223333',NULL,'ssss',NULL,'1b67fc82ce89457a8347ae53e43a347e','2016-05-17 07:23:26',NULL,'1','','13222223333','','','',0,'10101','test@123.com','男','2016-05-18','未婚',170,50,'北京市,北京市','北京市,北京市','IT|通信|电子|互联网','小学',NULL,NULL,NULL,NULL),('73ec21526c29439b9c4050fce8b72286','13678189382','c4ca4238a0b923820dcc509a6f75849b','Qingchun9',NULL,'1b67fc82ce89457a8347ae53e43a347e','2016-06-07 13:17:25',NULL,'1','','13678189382','','','',0,'100020','qingchun@163.com','男','1980-10-01','未婚',171,85,'安徽省,安庆市','四川省,成都市','IT|通信|电子|互联网','小学',NULL,NULL,NULL,NULL),('7f39d0c938fd49cd84f5be532f3e14a3','13666666666',NULL,'测试',NULL,'1b67fc82ce89457a8347ae53e43a347e','2016-05-20 06:25:05',NULL,'1',NULL,'13666666666',NULL,NULL,NULL,NULL,NULL,NULL,'男','2016-05-11','未婚',170,50,'北京市,北京市','北京市,北京市','IT|通信|电子|互联网','小学',NULL,NULL,NULL,'2016-05-20 06:25:05'),('80a1a7294da440dcad338480047eac22','18581925428','c4ca4238a0b923820dcc509a6f75849b','Uu Liu',NULL,'1b67fc82ce89457a8347ae53e43a347e','2016-05-12 09:47:02',NULL,'1','','18581925428','','','',0,'9002','uuliu@163.com','女','1995-01-01','未婚',168,49,'吉林,北京市','成都,北京市','学生','本科',NULL,NULL,NULL,NULL),('83162a9b6ec04ecfaeb1cfc440bd02f9','13678095325',NULL,'詹珂珂',NULL,'1b67fc82ce89457a8347ae53e43a347e','2016-06-03 09:08:41',NULL,'1',NULL,'13678095325',NULL,NULL,NULL,NULL,NULL,NULL,'女','1993-02-28','未婚',168,59,'重庆市,重庆市','四川省,成都市','IT|通信|电子|互联网','本科','o8NoVws4AC9EgscU_w_VxuhUXdBY','http://wx.qlogo.cn/mmopen/xcFcibMlj2a5KCwNEMgFqJPTwstgYiap0lVvVc7eicRHveZolyrf4ibqicnOWzB4UOSkDq2XGHHJkib4SBia70lz6IaYpHt2HVpVLiaq/0',NULL,'2016-06-03 09:08:41'),('837c19fac11e412f9b93e090669a75cb','15536696666',NULL,'默、',NULL,'1b67fc82ce89457a8347ae53e43a347e','2016-06-02 16:18:24',NULL,'1',NULL,'15536696666',NULL,NULL,NULL,NULL,NULL,NULL,'男','1992-01-01','未婚',170,50,'北京市,北京市','北京市,北京市','IT|通信|电子|互联网','小学','o8NoVwgv2y3cTNSDArhnk2IJvuHE','http://wx.qlogo.cn/mmopen/xcFcibMlj2a6nk4tcjrWibKNiaVAKuzVZEibJ2MRALNs0CnWjnGgzQMq26wLFF46yvxrWcvRJvS4niau9AdtKibAOwV15EbyJzMZ3ic/0',NULL,'2016-06-02 16:18:24'),('9fa7906e5149450fbc6a16d00259f292','13585858588',NULL,'快乐',NULL,'1b67fc82ce89457a8347ae53e43a347e','2016-05-20 06:31:38',NULL,'1',NULL,'13585858588',NULL,NULL,NULL,NULL,NULL,NULL,'男',NULL,'未婚',170,50,'北京市,北京市','北京市,北京市','IT|通信|电子|互联网','小学',NULL,NULL,NULL,'2016-05-20 06:31:38'),('a38cc53e7b494b7699e8bb2f8eddaf58','18981409601',NULL,'哈哈',NULL,'1b67fc82ce89457a8347ae53e43a347e','2016-05-16 01:20:58',NULL,'1',NULL,'18981409601',NULL,NULL,NULL,NULL,NULL,NULL,'男','2016-05-18','未婚',170,50,'北京市,北京市','北京市,北京市','IT|通信|电子|互联网','小学',NULL,NULL,NULL,'2016-05-16 01:20:58'),('aeb5979377444b23b5781662cae6e1e2','13141411441',NULL,'刚刚',NULL,'1b67fc82ce89457a8347ae53e43a347e','2016-05-20 06:31:15',NULL,'1',NULL,'13141411441',NULL,NULL,NULL,NULL,NULL,NULL,'男',NULL,'未婚',170,50,'北京市,北京市','北京市,北京市','IT|通信|电子|互联网','小学',NULL,NULL,NULL,'2016-05-20 06:31:15'),('d4c8c8de8a4945fb84167ad46e7b24a3',NULL,NULL,'哥哥',NULL,'1b67fc82ce89457a8347ae53e43a347e','2016-06-19 00:27:22',NULL,'1',NULL,'13678189385',NULL,NULL,NULL,NULL,NULL,NULL,'男','1975-01-01','已婚',170,50,'北京市,北京市','北京市,北京市','IT|通信|电子|互联网','小学',NULL,NULL,NULL,'2016-06-19 00:27:22'),('d7d5b0d029b044e788e208044a24ad32','18981402601',NULL,'袁晨',NULL,'1b67fc82ce89457a8347ae53e43a347e','2016-06-05 00:53:44',NULL,'1',NULL,'18981402601',NULL,NULL,NULL,NULL,NULL,NULL,NULL,'1992-01-01',NULL,170,50,NULL,NULL,NULL,NULL,'o8NoVwgE-JJvYHeV548LsGAG0S1k','http://wx.qlogo.cn/mmopen/ibKHP1TZZeXIOkhEsicR5MWPxu0J4RQrk4lVDibJMs0gcbPPst3cFic23G3C7E5pDq3sTp9B5wGQSWNlWAkNziacibeE9Zwr4YcWzg/0',NULL,'2016-06-05 00:53:44'),('ddeb207047f240bea657705f8125daa2','13966699999',NULL,'库',NULL,'1b67fc82ce89457a8347ae53e43a347e','2016-05-20 06:32:01',NULL,'1',NULL,'13966699999',NULL,NULL,NULL,NULL,NULL,NULL,'男',NULL,'未婚',170,50,'北京市,北京市','北京市,北京市','IT|通信|电子|互联网','小学',NULL,NULL,NULL,'2016-05-20 06:32:01'),('e84cd8d676954b9e80588d94bd8210d1','15869856523',NULL,'ccc',NULL,'1b67fc82ce89457a8347ae53e43a347e','2016-05-19 23:37:47',NULL,'1','','15869856523','','','',0,'1111111','111111@qq.com','','1980-01-01','',170,50,'','','','',NULL,NULL,NULL,NULL),('f04d03537eb44f15a8f36eef950352c4','13232333333',NULL,'测试',NULL,'1b67fc82ce89457a8347ae53e43a347e','2016-05-20 06:25:51',NULL,'1',NULL,'13232333333',NULL,NULL,NULL,NULL,NULL,NULL,'男','2016-05-17','未婚',170,50,'北京市,北京市','北京市,北京市','IT|通信|电子|互联网','小学',NULL,NULL,NULL,'2016-05-20 06:25:51'),('f0ef0e5c8a32488a922f4c5f99db6f87','13678189383','c4ca4238a0b923820dcc509a6f75849b','大表哥',NULL,'1b67fc82ce89457a8347ae53e43a347e','2016-05-20 04:06:13',NULL,'1','','13678189383','','','',0,'100234','dabiaoge@163.com','男','1989-09-09','未婚',171,55,'北京市,北京市','北京市,北京市','IT|通信|电子|互联网','硕士',NULL,NULL,NULL,NULL);
/*!40000 ALTER TABLE `sys_app_user` ENABLE KEYS */;
UNLOCK TABLES;

--
-- Table structure for table `sys_app_user_and_family_disease`
--

DROP TABLE IF EXISTS `sys_app_user_and_family_disease`;
/*!40101 SET @saved_cs_client     = @@character_set_client */;
/*!40101 SET character_set_client = utf8 */;
CREATE TABLE `sys_app_user_and_family_disease` (
  `id` varchar(32) NOT NULL,
  `user_id` varchar(32) DEFAULT NULL,
  `disease_id` varchar(32) DEFAULT NULL,
  PRIMARY KEY (`id`)
) ENGINE=InnoDB DEFAULT CHARSET=utf8;
/*!40101 SET character_set_client = @saved_cs_client */;

--
-- Dumping data for table `sys_app_user_and_family_disease`
--

LOCK TABLES `sys_app_user_and_family_disease` WRITE;
/*!40000 ALTER TABLE `sys_app_user_and_family_disease` DISABLE KEYS */;
INSERT INTO `sys_app_user_and_family_disease` VALUES ('177dc0927d904a1b90da0d2905ae66e6','0453deafa8114ce9a55f9245a87b709c','bb1a5c5baed54286ad3d097ad0bc8622'),('1bf733def0764523a886e3da4babc4a5','210ec6ad6f2549b49a7e16cf5e504303','bb1a5c5baed54286ad3d097ad0bc8622'),('20d74bd8181446c1b1e94a57cd547a14','0453deafa8114ce9a55f9245a87b709c','e613c52489824f9c8c51bf55d2b8cddb'),('3be9b82bba354f88b4f0f6e4728c2479','83162a9b6ec04ecfaeb1cfc440bd02f9','6c8ce194bbd1426da1170781819a890b'),('458080b10e754d8398f1225cdb2e5ffb','0453deafa8114ce9a55f9245a87b709c','145909f7189e4aabade2564902f76f2c'),('4b9bc4f66ee941379e1e01c47a7537d4','c6f7524fa23d47b1bf3f0128f64e50c6','443726ff3f7b4f668d6ca4a412f2001a'),('4bd808f186e54319b00a784792b68518','db67afd214fe475289b35825463e8891','e613c52489824f9c8c51bf55d2b8cddb'),('53c27e3f5cb24799a1b58fd1955206f9','df86f13f6fd9424190ea4bdc10a83f0c',''),('541c6a4733ce422b938647864df9d8fa','96ce03d996be4bed8489e30a0b8bc98e','145909f7189e4aabade2564902f76f2c'),('59cb92ad1fbb4c16910a2e2a1996d344','0453deafa8114ce9a55f9245a87b709c','6c8ce194bbd1426da1170781819a890b'),('5ceb1b1f3fc24786b9ca8ac4a1ccbf42','0453deafa8114ce9a55f9245a87b709c','d512d601abf64077ba881afb6b0de817'),('8041fd1a70e545ac9005286739918e00','d4ec9341f325486d83e01f811f072330','e613c52489824f9c8c51bf55d2b8cddb'),('820763bc313a4ea4bbb55b5fa15e0386','210ec6ad6f2549b49a7e16cf5e504303','2581ac8eef924352935347cad12a127d'),('88c29e8a991f4e0195a900570103e3d8','837c19fac11e412f9b93e090669a75cb','83faa64fdebb4af7be83fe05ec2898d7'),('8cb276c69c254083b1f203d11d038ce9','210ec6ad6f2549b49a7e16cf5e504303','6c8ce194bbd1426da1170781819a890b'),('8d00171912e04abe9cbfe68073af3cfd','0453deafa8114ce9a55f9245a87b709c','443726ff3f7b4f668d6ca4a412f2001a'),('948d1f94c28949cc94be45be0131e30b','210ec6ad6f2549b49a7e16cf5e504303','d512d601abf64077ba881afb6b0de817'),('99f811001a8d4916bc4f73698dab13a5','210ec6ad6f2549b49a7e16cf5e504303','af2b3396f5454bccaf0d5fb9327ce24d'),('adea3ac2702544618e7e2840a18f5335','15efa12109714c30b08785b6f5c2824d',''),('b5e4553f78de4bc087f2bd3eb7e8cfc4','0453deafa8114ce9a55f9245a87b709c','af2b3396f5454bccaf0d5fb9327ce24d'),('b6e565a58c8f421babd34d04dbc07cba','0453deafa8114ce9a55f9245a87b709c','83faa64fdebb4af7be83fe05ec2898d7'),('b979e233671b48858e9ae478a927fc3e','73ec21526c29439b9c4050fce8b72286','83faa64fdebb4af7be83fe05ec2898d7'),('c9375eef11b146a9bbd20130c3efec93','0453deafa8114ce9a55f9245a87b709c','2581ac8eef924352935347cad12a127d'),('dd3d5c221e9c4ce18e3acc8ed34b3fc6','cd4d978845ac4f07a18528e7f821b1f6',''),('e6251b5833354644a8f6afb732657577','229892530ce6441897cb7be5582fe84c','e613c52489824f9c8c51bf55d2b8cddb'),('eadeaa2fd94747919bee52852b2c06c5','8f4d5167f172461eb73ac86237828dd3',''),('f2094965849a40e0a4010f90e5adaa8b','0453deafa8114ce9a55f9245a87b709c','49bb5cf885a44d068f6cc839f44b0fe5'),('f6d1eb1fbf6949f0b172c9e11419b63d','cd5150f3cc014ca8b38eca58ca40e536','49bb5cf885a44d068f6cc839f44b0fe5'),('fb84da4e2ee4489493f2a8217a12d3b0','210ec6ad6f2549b49a7e16cf5e504303','49bb5cf885a44d068f6cc839f44b0fe5');
/*!40000 ALTER TABLE `sys_app_user_and_family_disease` ENABLE KEYS */;
UNLOCK TABLES;

--
-- Table structure for table `sys_app_user_and_focus_disease`
--

DROP TABLE IF EXISTS `sys_app_user_and_focus_disease`;
/*!40101 SET @saved_cs_client     = @@character_set_client */;
/*!40101 SET character_set_client = utf8 */;
CREATE TABLE `sys_app_user_and_focus_disease` (
  `id` varchar(32) NOT NULL,
  `user_id` varchar(32) DEFAULT NULL,
  `disease_id` varchar(32) DEFAULT NULL,
  PRIMARY KEY (`id`)
) ENGINE=InnoDB DEFAULT CHARSET=utf8;
/*!40101 SET character_set_client = @saved_cs_client */;

--
-- Dumping data for table `sys_app_user_and_focus_disease`
--

LOCK TABLES `sys_app_user_and_focus_disease` WRITE;
/*!40000 ALTER TABLE `sys_app_user_and_focus_disease` DISABLE KEYS */;
INSERT INTO `sys_app_user_and_focus_disease` VALUES ('053650099adb4e6b87f5a59bfa587eae','df86f13f6fd9424190ea4bdc10a83f0c',''),('069359b426c84ebca5db3ad3b0a46d86','210ec6ad6f2549b49a7e16cf5e504303','4128397e3ca24d9785da2d80c8aea6cc'),('09308370cf534ef0bc7a7b3c32e5c2ce','210ec6ad6f2549b49a7e16cf5e504303','d58141ace4fa4dd8868daa8864aed5ff'),('0c46c50384c6457d92cfede92186d5c4','0453deafa8114ce9a55f9245a87b709c','66e8a724efea4d1d8d54c900ffd1984b'),('15f8c8872f404b71951a38e7b79f1403','837c19fac11e412f9b93e090669a75cb','e613c52489824f9c8c51bf55d2b8cddb'),('1956319db3994ee1a123817510244503','0453deafa8114ce9a55f9245a87b709c','3e8727d3ca9349a58b4990edaa0db903'),('1f873987bf8a473b985743ee764d5c01','210ec6ad6f2549b49a7e16cf5e504303','96c7f45f8f6c44b9aa9047335f385b02'),('26745cac72ba47a69b72cf2c09fbeb4f','210ec6ad6f2549b49a7e16cf5e504303','6c8ce194bbd1426da1170781819a890b'),('27ce599e315a4ba6810e9a178c778aae','0453deafa8114ce9a55f9245a87b709c','2581ac8eef924352935347cad12a127d'),('32e1070e4986418da90ff8c77a044edd','210ec6ad6f2549b49a7e16cf5e504303','750ea039c8b24154b0017c9ba46ce0f5'),('3957b020d1484c288505bf1af1f4f7d7','0453deafa8114ce9a55f9245a87b709c','c2aef940bbc14bb598c88223d83c614b'),('4138191780a043f2877290af5178a3f3','837c19fac11e412f9b93e090669a75cb','67b14f7fb6164db38b34f9cecbc78a9e'),('420f3b602d58446781eb0efe3a70b3a0','0453deafa8114ce9a55f9245a87b709c','49bb5cf885a44d068f6cc839f44b0fe5'),('468d5c55b8d141768ff65f17e2e6c75a','0453deafa8114ce9a55f9245a87b709c','750ea039c8b24154b0017c9ba46ce0f5'),('4a83da75f9294fd6bb41f04d8f8104e8','0453deafa8114ce9a55f9245a87b709c','af2b3396f5454bccaf0d5fb9327ce24d'),('50167e046d6e41919290f503a22be8f6','0453deafa8114ce9a55f9245a87b709c','fb863969b48b4590ac9a1ce8580bda34'),('69eb478ef99f46618228a54fc7448c64','0453deafa8114ce9a55f9245a87b709c','6c8ce194bbd1426da1170781819a890b'),('6a2f29655ebc49349dde84a5edd85de6','0453deafa8114ce9a55f9245a87b709c','96c7f45f8f6c44b9aa9047335f385b02'),('6f991f6c3975498f98131cd36a83b471','73ec21526c29439b9c4050fce8b72286','750ea039c8b24154b0017c9ba46ce0f5'),('716db577e867497395cb6303084ce5eb','210ec6ad6f2549b49a7e16cf5e504303','66e8a724efea4d1d8d54c900ffd1984b'),('71a8ac35134c45dd8c45e96762beb7e5','0453deafa8114ce9a55f9245a87b709c','d58141ace4fa4dd8868daa8864aed5ff'),('72c24a64e6e84a59b55df3d8e3b805be','0453deafa8114ce9a55f9245a87b709c','29dd3f1a0461496eb79bbb08f02b8ce8'),('8091499b66e24548af004e05ba83ead7','0453deafa8114ce9a55f9245a87b709c','361a207e57464933a70c447376f4b8f2'),('87c4ba88603346a2a28943688a2948d4','db67afd214fe475289b35825463e8891',''),('94e6cf4825674475b3490b3184cfda9a','210ec6ad6f2549b49a7e16cf5e504303','c2aef940bbc14bb598c88223d83c614b'),('a6ed7aef1bab42f9b22fc1d08e117aab','96ce03d996be4bed8489e30a0b8bc98e','443726ff3f7b4f668d6ca4a412f2001a'),('ad6fc860ff9748a284d933a9c0efe1df','8f4d5167f172461eb73ac86237828dd3',''),('b2db34a1a77c4bc09080aa39e353ba69','210ec6ad6f2549b49a7e16cf5e504303','fb863969b48b4590ac9a1ce8580bda34'),('b447bffa918e42bb82049ba7d1e1420d','c6f7524fa23d47b1bf3f0128f64e50c6','361a207e57464933a70c447376f4b8f2'),('b7da8c581307475892bf1dbe3b49aaae','cd4d978845ac4f07a18528e7f821b1f6','481738c1e22b4e48abd4b37cf20359aa'),('b8e9435593e04d22b381e0eb0b9d641a','210ec6ad6f2549b49a7e16cf5e504303','361a207e57464933a70c447376f4b8f2'),('ba7de68bb2c84bea9837b08a1d765bb4','229892530ce6441897cb7be5582fe84c','361a207e57464933a70c447376f4b8f2'),('bbf35fdf95b644fab34ed19bb96dd056','0453deafa8114ce9a55f9245a87b709c','4128397e3ca24d9785da2d80c8aea6cc'),('c76bb0c296694f1aa5b0212de9e33752','210ec6ad6f2549b49a7e16cf5e504303','af2b3396f5454bccaf0d5fb9327ce24d'),('d968d163e6dc482bb6657f61df30326b','210ec6ad6f2549b49a7e16cf5e504303','49bb5cf885a44d068f6cc839f44b0fe5'),('daad8bb201cb454981599c4ab4dafbd2','83162a9b6ec04ecfaeb1cfc440bd02f9','29dd3f1a0461496eb79bbb08f02b8ce8'),('e4ef13329c6e4fff9783aeda5bdf2568','d4ec9341f325486d83e01f811f072330',''),('eb14de5384574bd3bf4c67f2f39082f3','15efa12109714c30b08785b6f5c2824d','750ea039c8b24154b0017c9ba46ce0f5'),('f1aab720c3c6430abedc093774900d28','210ec6ad6f2549b49a7e16cf5e504303','29dd3f1a0461496eb79bbb08f02b8ce8');
/*!40000 ALTER TABLE `sys_app_user_and_focus_disease` ENABLE KEYS */;
UNLOCK TABLES;

--
-- Table structure for table `sys_app_user_and_personal_disease`
--

DROP TABLE IF EXISTS `sys_app_user_and_personal_disease`;
/*!40101 SET @saved_cs_client     = @@character_set_client */;
/*!40101 SET character_set_client = utf8 */;
CREATE TABLE `sys_app_user_and_personal_disease` (
  `id` varchar(32) NOT NULL,
  `user_id` varchar(32) DEFAULT NULL,
  `disease_id` varchar(32) DEFAULT NULL,
  PRIMARY KEY (`id`)
) ENGINE=InnoDB DEFAULT CHARSET=utf8;
/*!40101 SET character_set_client = @saved_cs_client */;

--
-- Dumping data for table `sys_app_user_and_personal_disease`
--

LOCK TABLES `sys_app_user_and_personal_disease` WRITE;
/*!40000 ALTER TABLE `sys_app_user_and_personal_disease` DISABLE KEYS */;
INSERT INTO `sys_app_user_and_personal_disease` VALUES ('15ae4e9430f5400fa34b69c2a54bd607','0453deafa8114ce9a55f9245a87b709c','66e8a724efea4d1d8d54c900ffd1984b'),('223836671397420d8ba2cae2112a3054','0453deafa8114ce9a55f9245a87b709c','6e3256bed9694c11930bc5251ef42678'),('2d449e235e43444fb4d8a3338b2ab411','210ec6ad6f2549b49a7e16cf5e504303','6c8ce194bbd1426da1170781819a890b'),('386a425d65004611809ce43f8d619822','cd4d978845ac4f07a18528e7f821b1f6','4128397e3ca24d9785da2d80c8aea6cc'),('4b1c01a4f59f4bc7883d8d6322c713d5','0453deafa8114ce9a55f9245a87b709c','bb1a5c5baed54286ad3d097ad0bc8622'),('4ca53f2cc2944bbc974c2599bd48bcd7','210ec6ad6f2549b49a7e16cf5e504303','af2b3396f5454bccaf0d5fb9327ce24d'),('572f8a7ddc464675a2d34e66727d97c5','0453deafa8114ce9a55f9245a87b709c','443726ff3f7b4f668d6ca4a412f2001a'),('58b56c311ab4484ea4b98f8809fd6951','8f4d5167f172461eb73ac86237828dd3',''),('59d550bf3b8d4a51865f431f8cd4bb93','229892530ce6441897cb7be5582fe84c','4128397e3ca24d9785da2d80c8aea6cc'),('5b6303bdc90e4465b50909d638dfdc68','cd5150f3cc014ca8b38eca58ca40e536','66e8a724efea4d1d8d54c900ffd1984b'),('62f56aa6be5945a2aefbeae34a95a19a','96ce03d996be4bed8489e30a0b8bc98e','29dd3f1a0461496eb79bbb08f02b8ce8'),('662fb0b0def2476e8fb8f46a7f628b98','210ec6ad6f2549b49a7e16cf5e504303','49bb5cf885a44d068f6cc839f44b0fe5'),('7370580875a9423f8b5ab7fd2ee3fdfe','0453deafa8114ce9a55f9245a87b709c','4128397e3ca24d9785da2d80c8aea6cc'),('772b0199ec5b4ce68b024a15874a96e0','210ec6ad6f2549b49a7e16cf5e504303','67b14f7fb6164db38b34f9cecbc78a9e'),('779ea3fa7c12401da12633caec71cfad','0453deafa8114ce9a55f9245a87b709c','af2b3396f5454bccaf0d5fb9327ce24d'),('7921a621a7f64fcd86bac2948b9be721','15efa12109714c30b08785b6f5c2824d',''),('88892d3c3db0471a97c9fac558e096c6','210ec6ad6f2549b49a7e16cf5e504303','66e8a724efea4d1d8d54c900ffd1984b'),('8fbff64a01644d7faa317f7d2d1ee8b6','df86f13f6fd9424190ea4bdc10a83f0c','4128397e3ca24d9785da2d80c8aea6cc'),('938dc3a2a7d94facb1de2bf662a6c941','210ec6ad6f2549b49a7e16cf5e504303','8a5fd8556a8f470ca9ad276c3f7181cf'),('95d90797cc5c4a23a9043b66acf6c0d9','210ec6ad6f2549b49a7e16cf5e504303','443726ff3f7b4f668d6ca4a412f2001a'),('95f61d8d4ca044b6a3c7306c4da65966','db67afd214fe475289b35825463e8891',''),('992fb3a68e604f579d7e81d9ae35c8c4','73ec21526c29439b9c4050fce8b72286','6e3256bed9694c11930bc5251ef42678'),('abc0324dcb6543308642d2bfc32544f2','83162a9b6ec04ecfaeb1cfc440bd02f9','29dd3f1a0461496eb79bbb08f02b8ce8'),('b0232b20f567497eb6ded018d7a39ae6','0453deafa8114ce9a55f9245a87b709c','96c7f45f8f6c44b9aa9047335f385b02'),('bbd0d1a42c43442bbd545f5e5bccd08d','210ec6ad6f2549b49a7e16cf5e504303','750ea039c8b24154b0017c9ba46ce0f5'),('bf72c5d3f51541ec904db9e46ba8879d','c6f7524fa23d47b1bf3f0128f64e50c6','29dd3f1a0461496eb79bbb08f02b8ce8'),('c023aa19038647c2bd4fde93d90af297','0453deafa8114ce9a55f9245a87b709c','750ea039c8b24154b0017c9ba46ce0f5'),('ce3d14b4767848c0b96afdd36cfd6b92','0453deafa8114ce9a55f9245a87b709c','49bb5cf885a44d068f6cc839f44b0fe5'),('cfdb7b36234d41cc9e79bd62efbb2ebe','0453deafa8114ce9a55f9245a87b709c','8a5fd8556a8f470ca9ad276c3f7181cf'),('d33f5be7d3044c628f16d00d150e427f','210ec6ad6f2549b49a7e16cf5e504303','6e3256bed9694c11930bc5251ef42678'),('de9676826cf946809d452374dae9fe51','210ec6ad6f2549b49a7e16cf5e504303','96c7f45f8f6c44b9aa9047335f385b02'),('e87e729b8d1b4debb9634eb875b14f0c','210ec6ad6f2549b49a7e16cf5e504303','bb1a5c5baed54286ad3d097ad0bc8622'),('ea0d1193ba504243bdda85cb0a400693','210ec6ad6f2549b49a7e16cf5e504303','4128397e3ca24d9785da2d80c8aea6cc'),('ed7920491a184700a5cadcaab4f46fda','d4ec9341f325486d83e01f811f072330',''),('f39165a714e04ba9b58b1dc80002e98a','837c19fac11e412f9b93e090669a75cb','6e3256bed9694c11930bc5251ef42678'),('f87ddf46c318467d85598a5d2f580ade','0453deafa8114ce9a55f9245a87b709c','6c8ce194bbd1426da1170781819a890b');
/*!40000 ALTER TABLE `sys_app_user_and_personal_disease` ENABLE KEYS */;
UNLOCK TABLES;

--
-- Table structure for table `sys_app_user_and_tag`
--

DROP TABLE IF EXISTS `sys_app_user_and_tag`;
/*!40101 SET @saved_cs_client     = @@character_set_client */;
/*!40101 SET character_set_client = utf8 */;
CREATE TABLE `sys_app_user_and_tag` (
  `id` varchar(32) NOT NULL,
  `user_id` varchar(32) DEFAULT NULL,
  `tag_id` varchar(32) DEFAULT NULL,
  PRIMARY KEY (`id`)
) ENGINE=InnoDB DEFAULT CHARSET=utf8;
/*!40101 SET character_set_client = @saved_cs_client */;

--
-- Dumping data for table `sys_app_user_and_tag`
--

LOCK TABLES `sys_app_user_and_tag` WRITE;
/*!40000 ALTER TABLE `sys_app_user_and_tag` DISABLE KEYS */;
INSERT INTO `sys_app_user_and_tag` VALUES ('2625b8b6dfea4dcc8aaacfed95108a7f','d4c8c8de8a4945fb84167ad46e7b24a3','67c20f29c32c43bb989cf720fb6f6ca0'),('2b550730856b405a897e66cd99feb429','d4c8c8de8a4945fb84167ad46e7b24a3','f6ffde315c514018a737acbef4549849'),('2d0adc2a330f41bba17c19b6f6f409f1','229892530ce6441897cb7be5582fe84c','9cea587a1b5a4e57a3f8ef6b42bb9116'),('2f5c6f79bffc476a9e11fec70db2d645','229892530ce6441897cb7be5582fe84c','9ed5eb29b9de4563969e42b99fe43b99'),('32ef8022c1254055bf329e580e719d57','d4c8c8de8a4945fb84167ad46e7b24a3','1044b77496354eb283c8a7090b810cc5'),('39766ac34a914c25af1a16395d7f30e7','21f56965452840ef8eccd570f85fcf65','7d48e2f35a8e48ae87ffc911f4f04d64'),('3c93247bfc354015a7ad0cb39415caef','73ec21526c29439b9c4050fce8b72286','15b9332f4d05437cb65fd28cd093c5da'),('4c9f2aec7ed945fdba40be5d4a54d4ae','d4c8c8de8a4945fb84167ad46e7b24a3','27aba8246112438497da00f675549668'),('4dfde18bc3c149e88d8b1fca9450a84e','21f56965452840ef8eccd570f85fcf65','10426381d2f6463cb343e875ee0b8769'),('59016fa1bcb54ab9a61219fa88b5e5a3','73ec21526c29439b9c4050fce8b72286','67c20f29c32c43bb989cf720fb6f6ca0'),('5f83557849a1442e9c4ed3f4f4fae1d8','d4c8c8de8a4945fb84167ad46e7b24a3','3114c31a8fe440d3805fc875ef69e6dd'),('69afdb15ac1142d7ba1d2ef01fe439b5','21f56965452840ef8eccd570f85fcf65','ef4b3a747d8e4790ad566d2e55da265a'),('7017ecf880254d239692425e10525b8e','73ec21526c29439b9c4050fce8b72286','3114c31a8fe440d3805fc875ef69e6dd'),('712e09b9644f4e648c27aedae6f876c6','73ec21526c29439b9c4050fce8b72286','91cd5fc1a5d845c1bd8a78987c672e46'),('74df3b26bc3f4298abeed06662dc0bf9','73ec21526c29439b9c4050fce8b72286','a775fb984a134da0b52c095f28a3e6e9'),('77fb819b2da14941b1674ff9abe58231','d4c8c8de8a4945fb84167ad46e7b24a3','ef4b3a747d8e4790ad566d2e55da265a'),('85174d1183b04716b3da3e3b7125a13b','d4c8c8de8a4945fb84167ad46e7b24a3','4bf81244200f44d7937407917ac58bf1'),('8fe0da0a55ef4693adfdbe9745033005','837c19fac11e412f9b93e090669a75cb',''),('939aa27de539424dbd6cb883853714d3','21f56965452840ef8eccd570f85fcf65','9e775ca48e954b23bc51cec540d2dd1c'),('99eebc404e4244468e023b150b734fc7','d4c8c8de8a4945fb84167ad46e7b24a3','63501d7f41054907bb55233c48445696'),('9dabc38925d940629e7996d997201324','73ec21526c29439b9c4050fce8b72286','27aba8246112438497da00f675549668'),('9db17e443a474e38915ee2d9ab82e6fd','21f56965452840ef8eccd570f85fcf65','6845a2c383c84c18a5ba3eb22cd62593'),('abddf7d8023243dfb28038aff9140184','21f56965452840ef8eccd570f85fcf65','ec250f6c45404f499b4a7e05daf1bbc8'),('c5b817d857bd4dd7adcb6a6bd0367438','73ec21526c29439b9c4050fce8b72286','4bf81244200f44d7937407917ac58bf1'),('cce07a0bc97d4ddb9de0e5dbd394d93c','d4c8c8de8a4945fb84167ad46e7b24a3','ce208c4346f646abb657662822dfb20e'),('d0783b8d6cca486c8878b0c5a0265303','73ec21526c29439b9c4050fce8b72286','671db8e58429410e9a0c3832af69f0d8'),('d0fc412cb59b419987cd6095628cb46e','d4c8c8de8a4945fb84167ad46e7b24a3','00ded0d99f694c57bd128b806316075d'),('d9046ad490cf46e7b51b9dbc1ad567de','d4c8c8de8a4945fb84167ad46e7b24a3','a775fb984a134da0b52c095f28a3e6e9'),('edc686394cf1445b971050324c1459c4','229892530ce6441897cb7be5582fe84c','d2898c35cff1489f822e3839abb86810'),('f09867eedae94bc19e8d3fc8a6354a85','229892530ce6441897cb7be5582fe84c','29af2d61ce81472587d31cc34da28361'),('f3fbc68352d643169e0c6df77eb2b6af','d4c8c8de8a4945fb84167ad46e7b24a3','bdbd92411f3b46529b320a76b6dab4eb'),('f521c2b2557b44ed97e34ac0d6ae0f0d','73ec21526c29439b9c4050fce8b72286','63501d7f41054907bb55233c48445696'),('f5c4e2ef9b1440f5b2df88f141059c2c','229892530ce6441897cb7be5582fe84c','709a1d3cdbbd450480737a15f36862d9'),('facca36d39844858ba34c792c130b6f4','73ec21526c29439b9c4050fce8b72286','00ded0d99f694c57bd128b806316075d');
/*!40000 ALTER TABLE `sys_app_user_and_tag` ENABLE KEYS */;
UNLOCK TABLES;

--
-- Table structure for table `sys_app_user_and_user`
--

DROP TABLE IF EXISTS `sys_app_user_and_user`;
/*!40101 SET @saved_cs_client     = @@character_set_client */;
/*!40101 SET character_set_client = utf8 */;
CREATE TABLE `sys_app_user_and_user` (
  `useranduser_id` varchar(32) NOT NULL,
  `user_id_one` varchar(32) DEFAULT NULL,
  `user_id_two` varchar(32) DEFAULT NULL,
  `connection` varchar(255) DEFAULT NULL,
  PRIMARY KEY (`useranduser_id`)
) ENGINE=InnoDB DEFAULT CHARSET=utf8;
/*!40101 SET character_set_client = @saved_cs_client */;

--
-- Dumping data for table `sys_app_user_and_user`
--

LOCK TABLES `sys_app_user_and_user` WRITE;
/*!40000 ALTER TABLE `sys_app_user_and_user` DISABLE KEYS */;
INSERT INTO `sys_app_user_and_user` VALUES ('024ed51353f64922b6ebb434a09f0fd5','e2c1f87c19c34ab7a6d6f41eda9884c0','41edc30d066143afa42207d5759c4b19','好友'),('09e1612ed2894ba7b9a3812b7ebce6ed','0453deafa8114ce9a55f9245a87b709c','a38cc53e7b494b7699e8bb2f8eddaf58','哈哈'),('1cdec2eab3f04a28bc33cf464ab90fc5','210ec6ad6f2549b49a7e16cf5e504303','0453deafa8114ce9a55f9245a87b709c','同事'),('1f67ef0db776407381f55b1942a9ca97','73ec21526c29439b9c4050fce8b72286','cd4d978845ac4f07a18528e7f821b1f6','同事'),('1f6ba753ce74473380e0989f6c800d4e','db67afd214fe475289b35825463e8891','c37992f8713042569d24c336c8a24296','父子'),('31d588e8f0414580ae8cb25de5a87dc5','15efa12109714c30b08785b6f5c2824d','4fe94e67944c4609b2806b49d5ef11a4','父子'),('361c54affc6e4f0bbebddbf36688d9db','a0d4e689520f41138d7a196123cd8964','5e8d605f8bd84edb90750e307d9c1175','好友'),('443525c7eca34bc681dff5bce945de19','df86f13f6fd9424190ea4bdc10a83f0c','b1a76a9b56d340c394167df18270b8f1','py'),('5fe8dc1a18e245b5874a86ac1eab2950','73ec21526c29439b9c4050fce8b72286','d4c8c8de8a4945fb84167ad46e7b24a3','朋友'),('602d73b43ca24d06920c8a453f1c70b7','15efa12109714c30b08785b6f5c2824d','2c2ddacd84c240d2b18d81cf6c3c2db4','父子'),('612f472087c546dcb332ff7a37e26363','80a1a7294da440dcad338480047eac22','1a9ff363ec5244d5b8234c29dd2dcd56','父子'),('6888711b63fa4b86b1af09c729ca4bc3','15efa12109714c30b08785b6f5c2824d','5fc907151ff34c1983b9bb50969592c1','父子'),('6905a4b77e604337ac13137dcb88ca88','15efa12109714c30b08785b6f5c2824d','6f5ad58fd3884cb7b75427eb2dbe5d3e','父子'),('7bbbbaefd9664b7c8022ccb536b34599','15efa12109714c30b08785b6f5c2824d','ddeb207047f240bea657705f8125daa2','父子'),('8050b3e5c679437c9e72668674cee348','73ec21526c29439b9c4050fce8b72286','80a1a7294da440dcad338480047eac22','朋友'),('927a57f00a55425288fc1d6a99ef61cb','8f4d5167f172461eb73ac86237828dd3','c6f7524fa23d47b1bf3f0128f64e50c6','laoda'),('93ca0f8400f84e74b8b00b6a9e3095e9','cd4d978845ac4f07a18528e7f821b1f6','a38cc53e7b494b7699e8bb2f8eddaf58','兔兔'),('9bba0f71bb7b4ae18644a83cb141f884','15efa12109714c30b08785b6f5c2824d','9fa7906e5149450fbc6a16d00259f292','父子'),('9ffdb412ed88430d902b9481ad751009','73ec21526c29439b9c4050fce8b72286','0453deafa8114ce9a55f9245a87b709c','朋友'),('9ffdb412ed88430d902b9481ad757777','15efa12109714c30b08785b6f5c2824d','c6f7524fa23d47b1bf3f0128f64e50c6','老大'),('9ffdb412ed88430d902b9481ad75eab5','73ec21526c29439b9c4050fce8b72286','0e589df1ee70439e9af5a11e642dd1c7','母子'),('a6dd08e2599b4246955efd254f4b6ff0','a0d4e689520f41138d7a196123cd8964','41edc30d066143afa42207d5759c4b19','册数'),('bb1ce2b75bfe4e1fa60da8b06912864c','15efa12109714c30b08785b6f5c2824d','aeb5979377444b23b5781662cae6e1e2','父子'),('df5f8d31a963445e812165d587db9355','837c19fac11e412f9b93e090669a75cb','2deede843eb9449db982efa583ab5a77','朋友'),('dfb71c1ca7db46abaa1bb904d65feaa3','355a0e6b6ffa44bdac9348072a3faa37','0453deafa8114ce9a55f9245a87b709c','朋友'),('e734402aaf81432aa3745be444144d58','96ce03d996be4bed8489e30a0b8bc98e','cd5150f3cc014ca8b38eca58ca40e536','不适'),('f0b22c0324db4af499b4d8e52621b771','8445235b9d9d427280af10d79a48b359','4588d52d56204f7995a2bd4ed9379bda','父子'),('f96a969041bd46cea684df30d72082e1','80a1a7294da440dcad338480047eac22','7baab88af16c4c1f9b135b431faddd9b','父子');
/*!40000 ALTER TABLE `sys_app_user_and_user` ENABLE KEYS */;
UNLOCK TABLES;

--
-- Table structure for table `sys_createcode`
--

DROP TABLE IF EXISTS `sys_createcode`;
/*!40101 SET @saved_cs_client     = @@character_set_client */;
/*!40101 SET character_set_client = utf8 */;
CREATE TABLE `sys_createcode` (
  `CREATECODE_ID` varchar(100) NOT NULL,
  `PACKAGENAME` varchar(50) DEFAULT NULL COMMENT '包名',
  `OBJECTNAME` varchar(50) DEFAULT NULL COMMENT '类名',
  `TABLENAME` varchar(50) DEFAULT NULL COMMENT '表名',
  `FIELDLIST` varchar(5000) DEFAULT NULL COMMENT '属性集',
  `CREATETIME` varchar(100) DEFAULT NULL COMMENT '创建时间',
  `TITLE` varchar(255) DEFAULT NULL COMMENT '描述',
  PRIMARY KEY (`CREATECODE_ID`)
) ENGINE=InnoDB DEFAULT CHARSET=utf8;
/*!40101 SET character_set_client = @saved_cs_client */;

--
-- Dumping data for table `sys_createcode`
--

LOCK TABLES `sys_createcode` WRITE;
/*!40000 ALTER TABLE `sys_createcode` DISABLE KEYS */;
INSERT INTO `sys_createcode` VALUES ('002ea762e3e242a7a10ea5ca633701d8','system','Buttonrights','sys_,fh,BUTTONRIGHTS','NAME,fh,String,fh,名称,fh,是,fh,无,fh,255Q313596790','2016-01-16 23:20:36','按钮权限'),('c7586f931fd44c61beccd3248774c68c','system','Department','SYS_,fh,DEPARTMENT','NAME,fh,String,fh,名称,fh,是,fh,无,fh,30Q313596790NAME_EN,fh,String,fh,英文,fh,是,fh,无,fh,50Q313596790BIANMA,fh,String,fh,编码,fh,是,fh,无,fh,50Q313596790PARENT_ID,fh,String,fh,上级ID,fh,否,fh,无,fh,100Q313596790BZ,fh,String,fh,备注,fh,是,fh,无,fh,255Q313596790HEADMAN,fh,String,fh,负责人,fh,是,fh,无,fh,30Q313596790TEL,fh,String,fh,电话,fh,是,fh,无,fh,50Q313596790FUNCTIONS,fh,String,fh,部门职能,fh,是,fh,无,fh,255Q313596790ADDRESS,fh,String,fh,地址,fh,是,fh,无,fh,255Q313596790','2015-12-20 01:49:25','组织机构'),('d514dbd2474d4b6c8b6ab9904cc9cc7c','new','News','TB_,fh,NEWS','TITLE,fh,String,fh,标题,fh,是,fh,无,fh,255Q313596790','2016-01-25 16:38:14','新闻管理'),('dbd7b8330d774dcabd184eca8668a295','system','Fhsms','SYS_,fh,FHSMS','CONTENT,fh,String,fh,内容,fh,是,fh,无,fh,1000Q313596790TYPE,fh,String,fh,类型,fh,否,fh,无,fh,5Q313596790TO_USERNAME,fh,String,fh,收信人,fh,是,fh,无,fh,255Q313596790FROM_USERNAME,fh,String,fh,发信人,fh,是,fh,无,fh,255Q313596790SEND_TIME,fh,String,fh,发信时间,fh,是,fh,无,fh,100Q313596790STATUS,fh,String,fh,状态,fh,否,fh,无,fh,5Q313596790SANME_ID,fh,String,fh,共同ID,fh,是,fh,无,fh,100Q313596790','2016-01-23 01:44:15','站内信'),('fe239f8742194481a5b56f90cad71520','system','Fhbutton','SYS_,fh,FHBUTTON','NAME,fh,String,fh,名称,fh,是,fh,无,fh,30Q313596790QX_NAME,fh,String,fh,权限标识,fh,是,fh,无,fh,50Q313596790BZ,fh,String,fh,备注,fh,是,fh,无,fh,255Q313596790','2016-01-15 18:38:40','按钮管理');
/*!40000 ALTER TABLE `sys_createcode` ENABLE KEYS */;
UNLOCK TABLES;

--
-- Table structure for table `sys_department`
--

DROP TABLE IF EXISTS `sys_department`;
/*!40101 SET @saved_cs_client     = @@character_set_client */;
/*!40101 SET character_set_client = utf8 */;
CREATE TABLE `sys_department` (
  `DEPARTMENT_ID` varchar(100) NOT NULL,
  `NAME` varchar(30) DEFAULT NULL COMMENT '名称',
  `NAME_EN` varchar(50) DEFAULT NULL COMMENT '英文',
  `BIANMA` varchar(50) DEFAULT NULL COMMENT '编码',
  `PARENT_ID` varchar(100) DEFAULT NULL COMMENT '上级ID',
  `BZ` varchar(255) DEFAULT NULL COMMENT '备注',
  `HEADMAN` varchar(30) DEFAULT NULL COMMENT '负责人',
  `TEL` varchar(50) DEFAULT NULL COMMENT '电话',
  `FUNCTIONS` varchar(255) DEFAULT NULL COMMENT '部门职能',
  `ADDRESS` varchar(255) DEFAULT NULL COMMENT '地址',
  PRIMARY KEY (`DEPARTMENT_ID`)
) ENGINE=InnoDB DEFAULT CHARSET=utf8;
/*!40101 SET character_set_client = @saved_cs_client */;

--
-- Dumping data for table `sys_department`
--

LOCK TABLES `sys_department` WRITE;
/*!40000 ALTER TABLE `sys_department` DISABLE KEYS */;
INSERT INTO `sys_department` VALUES ('0956d8c279274fca92f4091f2a69a9ad','销售会计','xiaokuai','05896','d41af567914a409893d011aa53eda797','','','','',''),('3e7227e11dc14b4d9e863dd1a1fcedf6','成本会计','chengb','03656','d41af567914a409893d011aa53eda797','','','','',''),('5cccdb7c432449d8b853c52880058140','B公司','b','002','0','冶铁','李四','112','冶铁','河北'),('83a25761c618457cae2fa1211bd8696d','销售B组','xiaob','002365','cbbc84eddde947ba8af7d509e430eb70','','李四','','',''),('8f8b045470f342fdbc4c312ab881d62b','销售A组','xiaoA','0326','cbbc84eddde947ba8af7d509e430eb70','','张三','0201212','',''),('a0982dea52554225ab682cd4b421de47','1队','yidui','02563','8f8b045470f342fdbc4c312ab881d62b','','小王','12356989','',''),('a6c6695217ba4a4dbfe9f7e9d2c06730','A公司','a','001','0','挖煤','张三','110','洼煤矿','山西'),('cbbc84eddde947ba8af7d509e430eb70','销售部','xiaoshoubu','00201','5cccdb7c432449d8b853c52880058140','推销商品','小明','11236','推销商品','909办公室'),('d41af567914a409893d011aa53eda797','财务部','caiwubu','00101','a6c6695217ba4a4dbfe9f7e9d2c06730','负责发工资','王武','11236','管理财务','308办公室');
/*!40000 ALTER TABLE `sys_department` ENABLE KEYS */;
UNLOCK TABLES;

--
-- Table structure for table `sys_dictionaries`
--

DROP TABLE IF EXISTS `sys_dictionaries`;
/*!40101 SET @saved_cs_client     = @@character_set_client */;
/*!40101 SET character_set_client = utf8 */;
CREATE TABLE `sys_dictionaries` (
  `DICTIONARIES_ID` varchar(100) NOT NULL,
  `NAME` varchar(30) DEFAULT NULL COMMENT '名称',
  `NAME_EN` varchar(50) DEFAULT NULL COMMENT '英文',
  `BIANMA` varchar(50) DEFAULT NULL COMMENT '编码',
  `ORDER_BY` int(11) NOT NULL COMMENT '排序',
  `PARENT_ID` varchar(100) DEFAULT NULL COMMENT '上级ID',
  `BZ` varchar(255) DEFAULT NULL COMMENT '备注',
  `TBSNAME` varchar(100) DEFAULT NULL COMMENT '排查表',
  PRIMARY KEY (`DICTIONARIES_ID`)
) ENGINE=InnoDB DEFAULT CHARSET=utf8;
/*!40101 SET character_set_client = @saved_cs_client */;

--
-- Dumping data for table `sys_dictionaries`
--

LOCK TABLES `sys_dictionaries` WRITE;
/*!40000 ALTER TABLE `sys_dictionaries` DISABLE KEYS */;
INSERT INTO `sys_dictionaries` VALUES ('096e4ec8986149d994b09e604504e38d','黄浦区','huangpu','0030201',1,'f1ea30ddef1340609c35c88fb2919bee','黄埔',''),('12a62a3e5bed44bba0412b7e6b733c93','北京','beijing','00301',1,'be4a8c5182c744d28282a5345783a77f','北京',''),('507fa87a49104c7c8cdb52fdb297da12','宣武区','xuanwuqu','0030101',1,'12a62a3e5bed44bba0412b7e6b733c93','宣武区',''),('8994f5995f474e2dba6cfbcdfe5ea07a','语文','yuwen','00201',1,'fce20eb06d7b4b4d8f200eda623f725c','语文',''),('8ea7c44af25f48b993a14f791c8d689f','分类','fenlei','001',1,'0','分类',''),('be4a8c5182c744d28282a5345783a77f','地区','diqu','003',3,'0','地区',''),('d428594b0494476aa7338d9061e23ae3','红色','red','00101',1,'8ea7c44af25f48b993a14f791c8d689f','红色',''),('de9afadfbed0428fa343704d6acce2c4','绿色','green','00102',2,'8ea7c44af25f48b993a14f791c8d689f','绿色',''),('f1ea30ddef1340609c35c88fb2919bee','上海','shanghai','00302',2,'be4a8c5182c744d28282a5345783a77f','上海',''),('fce20eb06d7b4b4d8f200eda623f725c','课程','kecheng','002',2,'0','课程','');
/*!40000 ALTER TABLE `sys_dictionaries` ENABLE KEYS */;
UNLOCK TABLES;

--
-- Table structure for table `sys_fhbutton`
--

DROP TABLE IF EXISTS `sys_fhbutton`;
/*!40101 SET @saved_cs_client     = @@character_set_client */;
/*!40101 SET character_set_client = utf8 */;
CREATE TABLE `sys_fhbutton` (
  `FHBUTTON_ID` varchar(100) NOT NULL,
  `NAME` varchar(30) DEFAULT NULL COMMENT '名称',
  `QX_NAME` varchar(50) DEFAULT NULL COMMENT '权限标识',
  `BZ` varchar(255) DEFAULT NULL COMMENT '备注',
  PRIMARY KEY (`FHBUTTON_ID`)
) ENGINE=InnoDB DEFAULT CHARSET=utf8;
/*!40101 SET character_set_client = @saved_cs_client */;

--
-- Dumping data for table `sys_fhbutton`
--

LOCK TABLES `sys_fhbutton` WRITE;
/*!40000 ALTER TABLE `sys_fhbutton` DISABLE KEYS */;
INSERT INTO `sys_fhbutton` VALUES ('3542adfbda73410c976e185ffe50ad06','导出EXCEL','toExcel','导出EXCEL'),('46992ea280ba4b72b29dedb0d4bc0106','发邮件','email','发送电子邮件'),('4efa162fce8340f0bd2dcd3b11d327ec','导入EXCEL','FromExcel','导入EXCEL到系统用户'),('cc51b694d5344d28a9aa13c84b7166cd','发短信','sms','发送短信'),('da7fd386de0b49ce809984f5919022b8','站内信','FHSMS','发送站内信');
/*!40000 ALTER TABLE `sys_fhbutton` ENABLE KEYS */;
UNLOCK TABLES;

--
-- Table structure for table `sys_fhsms`
--

DROP TABLE IF EXISTS `sys_fhsms`;
/*!40101 SET @saved_cs_client     = @@character_set_client */;
/*!40101 SET character_set_client = utf8 */;
CREATE TABLE `sys_fhsms` (
  `FHSMS_ID` varchar(100) NOT NULL,
  `CONTENT` varchar(1000) DEFAULT NULL COMMENT '内容',
  `TYPE` varchar(5) DEFAULT NULL COMMENT '类型',
  `TO_USERNAME` varchar(255) DEFAULT NULL COMMENT '收信人',
  `FROM_USERNAME` varchar(255) DEFAULT NULL COMMENT '发信人',
  `SEND_TIME` varchar(100) DEFAULT NULL COMMENT '发信时间',
  `STATUS` varchar(5) DEFAULT NULL COMMENT '状态',
  `SANME_ID` varchar(100) DEFAULT NULL,
  PRIMARY KEY (`FHSMS_ID`)
) ENGINE=InnoDB DEFAULT CHARSET=utf8;
/*!40101 SET character_set_client = @saved_cs_client */;

--
-- Dumping data for table `sys_fhsms`
--

LOCK TABLES `sys_fhsms` WRITE;
/*!40000 ALTER TABLE `sys_fhsms` DISABLE KEYS */;
INSERT INTO `sys_fhsms` VALUES ('05879f5868824f35932ee9f2062adc03','你好','2','admin','san','2016-01-25 14:05:31','1','b311e893228f42d5a05dbe16917fd16f'),('2635dd035c6f4bb5a091abdd784bd899','你好','2','san','admin','2016-01-25 14:05:02','2','1b7637306683460f89174c2b025862b5'),('52378ccd4e2d4fe08994d1652af87c68','你好','1','admin','san','2016-01-25 16:26:44','1','920b20dafdfb4c09b560884eb277c51d'),('77ed13f9c49a4c4bb460c41b8580dd36','gggg','2','admin','san','2016-01-24 21:22:43','2','dd9ee339576e48c5b046b94fa1901d00'),('98a6869f942042a1a037d9d9f01cb50f','你好','1','admin','san','2016-01-25 14:05:02','2','1b7637306683460f89174c2b025862b5'),('9e00295529014b6e8a27019cbccb3da1','柔柔弱弱','1','admin','san','2016-01-24 21:22:57','1','a29603d613ea4e54b5678033c1bf70a6'),('d3aedeb430f640359bff86cd657a8f59','你好','1','admin','san','2016-01-24 21:22:12','1','f022fbdce3d845aba927edb698beb90b'),('e5376b1bd54b489cb7f2203632bd74ec','管理员好','2','admin','san','2016-01-25 14:06:13','2','b347b2034faf43c79b54be4627f3bd2b'),('e613ac0fcc454f32895a70b747bf4fb5','你也好','2','admin','san','2016-01-25 16:27:54','2','ce8dc3b15afb40f28090f8b8e13f078d'),('f25e00cfafe741a3a05e3839b66dc7aa','你好','2','san','admin','2016-01-25 16:26:44','1','920b20dafdfb4c09b560884eb277c51d');
/*!40000 ALTER TABLE `sys_fhsms` ENABLE KEYS */;
UNLOCK TABLES;

--
-- Table structure for table `sys_menu`
--

DROP TABLE IF EXISTS `sys_menu`;
/*!40101 SET @saved_cs_client     = @@character_set_client */;
/*!40101 SET character_set_client = utf8 */;
CREATE TABLE `sys_menu` (
  `MENU_ID` int(11) NOT NULL,
  `MENU_NAME` varchar(255) DEFAULT NULL,
  `MENU_URL` varchar(255) DEFAULT NULL,
  `PARENT_ID` varchar(100) DEFAULT NULL,
  `MENU_ORDER` varchar(100) DEFAULT NULL,
  `MENU_ICON` varchar(60) DEFAULT NULL,
  `MENU_TYPE` varchar(10) DEFAULT NULL,
  `MENU_STATE` int(1) DEFAULT NULL,
  PRIMARY KEY (`MENU_ID`)
) ENGINE=InnoDB DEFAULT CHARSET=utf8;
/*!40101 SET character_set_client = @saved_cs_client */;

--
-- Dumping data for table `sys_menu`
--

LOCK TABLES `sys_menu` WRITE;
/*!40000 ALTER TABLE `sys_menu` DISABLE KEYS */;
INSERT INTO `sys_menu` VALUES (1,'系统管理','#','0','1','menu-icon fa fa-desktop blue','2',1),(2,'权限管理','#','1','1','menu-icon fa fa-lock black','1',1),(6,'信息管理','#','0','5','menu-icon fa fa-credit-card green','2',1),(7,'图片管理','pictures/list.do','6','1','menu-icon fa fa-folder-o pink','2',1),(8,'性能监控','druid/index.html','9','1','menu-icon fa fa-tachometer red','1',1),(9,'系统工具','#','0','3','menu-icon fa fa-cog black','2',1),(10,'接口测试','tool/interfaceTest.do','9','2','menu-icon fa fa-exchange green','1',1),(11,'发送邮件','tool/goSendEmail.do','9','3','menu-icon fa fa-envelope-o green','1',1),(12,'置二维码','tool/goTwoDimensionCode.do','9','4','menu-icon fa fa-barcode green','1',1),(14,'地图工具','tool/map.do','9','6','menu-icon fa fa-globe black','1',1),(15,'微信管理','#','0','4','menu-icon fa fa-comments purple','2',1),(16,'文本回复','textmsg/list.do','15','2','menu-icon fa fa-comment green','2',1),(17,'应用命令','command/list.do','15','4','menu-icon fa fa-comment grey','2',1),(18,'图文回复','imgmsg/list.do','15','3','menu-icon fa fa-comment pink','2',1),(19,'关注回复','textmsg/goSubscribe.do','15','1','menu-icon fa fa-comment orange','2',1),(20,'在线管理','onlinemanager/list.do','1','6','menu-icon fa fa-laptop green','1',1),(21,'打印测试','tool/printTest.do','9','7','menu-icon fa fa-hdd-o grey','1',1),(22,'一级菜单','#','0','6','menu-icon fa fa-fire orange','2',1),(23,'二级菜单','#','22','1','menu-icon fa fa-leaf black','1',1),(24,'三级菜单','#','23','1','menu-icon fa fa-leaf black','1',1),(30,'四级菜单','#','24','1','menu-icon fa fa-leaf black','1',1),(31,'五级菜单1','#','30','1','menu-icon fa fa-leaf black','1',1),(32,'五级菜单2','#','30','2','menu-icon fa fa-leaf black','1',1),(33,'六级菜单','#','31','1','menu-icon fa fa-leaf black','1',1),(34,'六级菜单2','login_default.do','31','2','menu-icon fa fa-leaf black','1',1),(35,'四级菜单2','login_default.do','24','2','menu-icon fa fa-leaf black','1',1),(36,'角色(基础权限)','role.do','2','1','menu-icon fa fa-key orange','1',1),(37,'按钮权限','buttonrights/list.do','2','2','menu-icon fa fa-key green','1',1),(38,'菜单管理','menu/listAllMenu.do','1','3','menu-icon fa fa-folder-open-o brown','1',1),(39,'按钮管理','fhbutton/list.do','1','2','menu-icon fa fa-download orange','1',1),(40,'用户管理','#','0','2','menu-icon fa fa-users blue','2',1),(41,'系统用户','user/listUsers.do','40','1','menu-icon fa fa-users green','1',1),(42,'会员管理','happuser/listUsers.do','40','2','menu-icon fa fa-users orange','1',1),(43,'数据字典','dictionaries/listAllDict.do?DICTIONARIES_ID=0','1','4','menu-icon fa fa-book purple','1',1),(44,'代码生成','createCode/list.do','9','0','menu-icon fa fa-cogs brown','1',1),(45,'七级菜单1','#','33','1','menu-icon fa fa-leaf black','1',1),(46,'七级菜单2','#','33','2','menu-icon fa fa-leaf black','1',1),(47,'八级菜单','login_default.do','45','1','menu-icon fa fa-leaf black','1',1),(48,'图表报表',' tool/fusionchartsdemo.do','9','5','menu-icon fa fa-bar-chart-o black','1',1),(49,'组织机构','department/listAllDepartment.do?DEPARTMENT_ID=0','1','5','menu-icon fa fa-users blue','1',1),(50,'站内信','fhsms/list.do','6','2','menu-icon fa fa-envelope green','1',1),(51,'文章信息管理','article/list.do','6','1','menu-icon fa fa-leaf black','1',1),(73,'指南管理','examguideline/list.do','6','4','menu-icon fa fa-leaf black','1',1),(75,'体检套餐管理','checkuppackage/listAll.do','6','2','menu-icon fa fa-leaf black','1',1),(94,'疾病管理','disease/listAllDiseasecategory.do','6','5','menu-icon fa fa-leaf black','1',1),(95,'标签管理','tag/listAllTagCategory.do','6','6','menu-icon fa fa-leaf black','1',1),(116,'标签分类管理','tagcategory/listAllTagCategoryTree.do?TAGCATEGORY_ID=0','6','7','menu-icon fa fa-leaf black','1',1),(137,'疾病分类管理','diseasecategory/listAllDiseaseCategoryTree.do?DISEASECATEGORY_ID=0','6','8','menu-icon fa fa-leaf black','1',1),(158,'医学检查分类管理','examcategory/listAllExamCategory.do?EXAMCATEGORY_ID=0','6','9','menu-icon fa fa-leaf black','1',1),(177,'查看微信注册用户','user/getUsers.do','40','3','menu-icon fa fa-users brown','1',1),(179,'医学检查项目管理','examitem/listAllExamCategory.do','6','10','menu-icon fa fa-leaf black','1',1),(221,'指南规则管理','examguideline/listRule.do','6','12','menu-icon fa fa-leaf black','1',1),(222,'检查频率','examfrequency/list.do','6','14','menu-icon fa fa-leaf black','1',1),(243,'指南发布管理','examguideline/listRelease.do','6','13','menu-icon fa fa-leaf black','1',1),(244,'文章审核','article/auditList.do','6','15','menu-icon fa fa-leaf black','1',1),(245,'指南审核','examguideline/listVerify.do','6','14','menu-icon fa fa-leaf black','1',1),(266,'文章发布','article/articleRelease.do','6','16','menu-icon fa fa-leaf black','1',1),(267,'指南运维审核','examguideline/listRelVerify.do','6','18','menu-icon fa fa-leaf black','1',1),(288,'体检中心管理','medicalcenter/list.do','372','19','menu-icon fa fa-leaf black','1',1),(309,'体检项目管理','medicalexamitem/list.do','372','21','menu-icon fa fa-leaf black','1',1),(330,'用户订单管理','order/list.do','372','20','menu-icon fa fa-leaf black','1',1),(351,'体检中心订单管理','medicalorder/list.do','372','22','menu-icon fa fa-leaf black','1',1),(372,'体检中心(医院)','#','0','7','menu-icon fa fa-leaf black','2',1);
/*!40000 ALTER TABLE `sys_menu` ENABLE KEYS */;
UNLOCK TABLES;

--
-- Table structure for table `sys_role`
--

DROP TABLE IF EXISTS `sys_role`;
/*!40101 SET @saved_cs_client     = @@character_set_client */;
/*!40101 SET character_set_client = utf8 */;
CREATE TABLE `sys_role` (
  `ROLE_ID` varchar(100) NOT NULL,
  `ROLE_NAME` varchar(100) DEFAULT NULL,
  `RIGHTS` varchar(255) DEFAULT NULL,
  `PARENT_ID` varchar(100) DEFAULT NULL,
  `ADD_QX` varchar(255) DEFAULT NULL,
  `DEL_QX` varchar(255) DEFAULT NULL,
  `EDIT_QX` varchar(255) DEFAULT NULL,
  `CHA_QX` varchar(255) DEFAULT NULL,
  PRIMARY KEY (`ROLE_ID`)
) ENGINE=InnoDB DEFAULT CHARSET=utf8;
/*!40101 SET character_set_client = @saved_cs_client */;

--
-- Dumping data for table `sys_role`
--

LOCK TABLES `sys_role` WRITE;
/*!40000 ALTER TABLE `sys_role` DISABLE KEYS */;
INSERT INTO `sys_role` VALUES ('1','系统管理组','2251798773489606','0','1','1','1','1'),('115b386ff04f4352b060dffcd2b5d1da','中级会员','498','2','0','0','0','0'),('1b67fc82ce89457a8347ae53e43a347e','初级会员','498','2','0','0','0','0'),('2','会员组','498','0','0','0','0','1'),('3264c8e83d0248bb9e3ea6195b4c0216','一级管理员','9619635006041040133346081675222136569884961763761570194394263945453610736893172956975387148158367886938835247046','1','9619635006041040133346081675222136569884961763761570194394263945453610736893172956975387148158367886938835247046','9619635006041040133346081675222136569884961763761570194394263945453610736893172956975387148158367886938835247046','9619635006041040133346081675222136569884961763761570194394263945453610736893172956975387148158367886938835247046','9619635006041040133346081675222136569884961763761570194394263945453610736893172956975387148158367886938835247046'),('46294b31a71c4600801724a6eb06bb26','职位组','','0','0','0','0','0'),('5466347ac07044cb8d82990ec7f3a90e','主管','','46294b31a71c4600801724a6eb06bb26','0','0','0','0'),('68f8e4a39efe47c7bb869e9d15ab925d','二级管理员','2251798773489606','1','0','0','2251798773489606','0'),('856849f422774ad390a4e564054d8cc8','经理','','46294b31a71c4600801724a6eb06bb26','0','0','0','0'),('8b70a7e67f2841e7aaba8a4d92e5ff6f','高级会员','498','2','0','0','0','0'),('c21cecf84048434b93383182b1d98cba','组长','','46294b31a71c4600801724a6eb06bb26','0','0','0','0'),('d449195cd8e7491080688c58e11452eb','总监','','46294b31a71c4600801724a6eb06bb26','0','0','0','0'),('de9de2f006e145a29d52dfadda295353','三级管理员','2251798773489606','1','0','0','0','0'),('e32c2f37d1744d10a76813eee4a882ae','医生','56539112812894965335091716826335692247946996503453256886201355133381509184','1','355713397080481089910732704867520430467867898153292045840416175699013893491785920','355713397080481089910732704867520430467867898153292045840416175699013893491785920','355713397080481089910732704867520430467867898153292045840416175699013893491785920','355713397080481089910732704867520430467867898153292045840416175699013893491785920');
/*!40000 ALTER TABLE `sys_role` ENABLE KEYS */;
UNLOCK TABLES;

--
-- Table structure for table `sys_role_fhbutton`
--

DROP TABLE IF EXISTS `sys_role_fhbutton`;
/*!40101 SET @saved_cs_client     = @@character_set_client */;
/*!40101 SET character_set_client = utf8 */;
CREATE TABLE `sys_role_fhbutton` (
  `RB_ID` varchar(100) NOT NULL,
  `ROLE_ID` varchar(100) DEFAULT NULL,
  `BUTTON_ID` varchar(100) DEFAULT NULL,
  PRIMARY KEY (`RB_ID`),
  KEY `角色表外键` (`ROLE_ID`) USING BTREE,
  KEY `fbutton` (`BUTTON_ID`),
  CONSTRAINT `fbutton` FOREIGN KEY (`BUTTON_ID`) REFERENCES `sys_fhbutton` (`FHBUTTON_ID`) ON DELETE CASCADE ON UPDATE CASCADE,
  CONSTRAINT `frole` FOREIGN KEY (`ROLE_ID`) REFERENCES `sys_role` (`ROLE_ID`) ON DELETE CASCADE ON UPDATE CASCADE
) ENGINE=InnoDB DEFAULT CHARSET=utf8;
/*!40101 SET character_set_client = @saved_cs_client */;

--
-- Dumping data for table `sys_role_fhbutton`
--

LOCK TABLES `sys_role_fhbutton` WRITE;
/*!40000 ALTER TABLE `sys_role_fhbutton` DISABLE KEYS */;
INSERT INTO `sys_role_fhbutton` VALUES ('14b5c28ea6ae4508b57d2d272ab3d5f1','3264c8e83d0248bb9e3ea6195b4c0216','46992ea280ba4b72b29dedb0d4bc0106'),('1743733f366240c693c4295b527d1b0e','de9de2f006e145a29d52dfadda295353','4efa162fce8340f0bd2dcd3b11d327ec'),('3768e60edd1c4b5c9f1dd861188ae2f9','3264c8e83d0248bb9e3ea6195b4c0216','cc51b694d5344d28a9aa13c84b7166cd'),('8231c216fb514b4188e4162e629c6237','3264c8e83d0248bb9e3ea6195b4c0216','4efa162fce8340f0bd2dcd3b11d327ec'),('9412d1d05162464c83658c7f89ab03f0','68f8e4a39efe47c7bb869e9d15ab925d','3542adfbda73410c976e185ffe50ad06'),('96567633dd3548c9b75d28f430adf5a3','3264c8e83d0248bb9e3ea6195b4c0216','da7fd386de0b49ce809984f5919022b8'),('a1478f27c852459fa9cad04b642f4fb7','de9de2f006e145a29d52dfadda295353','3542adfbda73410c976e185ffe50ad06'),('ba6696b8761044618e44c7e02c9ba89e','68f8e4a39efe47c7bb869e9d15ab925d','cc51b694d5344d28a9aa13c84b7166cd'),('f0329033d0914faf8ea6e9ff252cc5e6','68f8e4a39efe47c7bb869e9d15ab925d','46992ea280ba4b72b29dedb0d4bc0106'),('f627982cc9d4479dbc03af726dc6ac58','de9de2f006e145a29d52dfadda295353','cc51b694d5344d28a9aa13c84b7166cd');
/*!40000 ALTER TABLE `sys_role_fhbutton` ENABLE KEYS */;
UNLOCK TABLES;

--
-- Table structure for table `sys_user`
--

DROP TABLE IF EXISTS `sys_user`;
/*!40101 SET @saved_cs_client     = @@character_set_client */;
/*!40101 SET character_set_client = utf8 */;
CREATE TABLE `sys_user` (
  `USER_ID` varchar(100) NOT NULL,
  `USERNAME` varchar(255) DEFAULT NULL,
  `PASSWORD` varchar(255) DEFAULT NULL,
  `NAME` varchar(255) DEFAULT NULL,
  `RIGHTS` varchar(255) DEFAULT NULL,
  `ROLE_ID` varchar(100) DEFAULT NULL,
  `LAST_LOGIN` timestamp NULL DEFAULT NULL,
  `IP` varchar(15) DEFAULT NULL,
  `STATUS` varchar(32) DEFAULT NULL,
  `BZ` varchar(255) DEFAULT NULL,
  `SKIN` varchar(100) DEFAULT NULL,
  `EMAIL` varchar(32) DEFAULT NULL,
  `NUMBER` varchar(100) DEFAULT NULL,
  `PHONE` varchar(32) DEFAULT NULL,
  PRIMARY KEY (`USER_ID`)
) ENGINE=InnoDB DEFAULT CHARSET=utf8;
/*!40101 SET character_set_client = @saved_cs_client */;

--
-- Dumping data for table `sys_user`
--

LOCK TABLES `sys_user` WRITE;
/*!40000 ALTER TABLE `sys_user` DISABLE KEYS */;
INSERT INTO `sys_user` VALUES ('1','admin','389f9042bd22340c5b27498e7b867e31cc3333f3','系统管理员','1133671055321055258374707980945218933803269864762743594642571294','1','2016-06-04 01:49:49','171.217.71.53','0','最高统治者','default','QQ313596790@main.com','001','18788888888'),('7e444063e18b4c059c7346bb11f26f6d','qchzhu','d2b07ff69480c607c445109af0e78d885bf781bd','Zhuqingchun','','3264c8e83d0248bb9e3ea6195b4c0216','2016-06-19 09:13:17','118.114.168.97','0','管理员','default','zhuqingchun@shouxinjk.com','admin001','13678189382'),('f5c882b90236479d803369bd580c2ae2','maqin','0e4d1168ea3a929297c350338f7be98c892efdb9','马钦','','e32c2f37d1744d10a76813eee4a882ae','2016-06-12 11:50:56','61.139.79.87','0','','default','maqin@shouxinjk.com','S00001','13880615408');
/*!40000 ALTER TABLE `sys_user` ENABLE KEYS */;
UNLOCK TABLES;

--
-- Table structure for table `ta_statistics`
--

DROP TABLE IF EXISTS `ta_statistics`;
/*!40101 SET @saved_cs_client     = @@character_set_client */;
/*!40101 SET character_set_client = utf8 */;
CREATE TABLE `ta_statistics` (
  `checkuppackage_id` varchar(100) NOT NULL,
  `matchedRules` int(11) NOT NULL DEFAULT '0',
  `generatedRules` int(11) NOT NULL DEFAULT '0',
  `status` varchar(20) NOT NULL DEFAULT 'inprocess',
  PRIMARY KEY (`checkuppackage_id`)
) ENGINE=InnoDB DEFAULT CHARSET=utf8;
/*!40101 SET character_set_client = @saved_cs_client */;

--
-- Dumping data for table `ta_statistics`
--

LOCK TABLES `ta_statistics` WRITE;
/*!40000 ALTER TABLE `ta_statistics` DISABLE KEYS */;
INSERT INTO `ta_statistics` VALUES ('0e589df1ee70439e9af5a11e642dd1c7',24,24,'ready'),('229892530ce6441897cb7be5582fe84c',10,10,'ready'),('24c1a11d8fb442bcb875a1d604d0d506',5,5,'ready'),('2deede843eb9449db982efa583ab5a77',5,5,'ready'),('486f89f8a5b44d689eb7f93267219855',1,1,'ready'),('73ec21526c29439b9c4050fce8b72286',166,166,'ready'),('80a1a7294da440dcad338480047eac22',2,2,'ready'),('83162a9b6ec04ecfaeb1cfc440bd02f9',5,5,'ready'),('837c19fac11e412f9b93e090669a75cb',14,14,'ready'),('c6f7524fa23d47b1bf3f0128f64e50c6',5,5,'ready'),('d4c8c8de8a4945fb84167ad46e7b24a3',3,3,'ready'),('d7d5b0d029b044e788e208044a24ad32',5,5,'ready'),('f0ef0e5c8a32488a922f4c5f99db6f87',12,12,'ready');
/*!40000 ALTER TABLE `ta_statistics` ENABLE KEYS */;
UNLOCK TABLES;

--
-- Table structure for table `ta_user`
--

DROP TABLE IF EXISTS `ta_user`;
/*!40101 SET @saved_cs_client     = @@character_set_client */;
/*!40101 SET character_set_client = utf8 */;
CREATE TABLE `ta_user` (
  `USER_ID` varchar(100) NOT NULL COMMENT 'ç”¨æˆ·id',
  `USERNAME` varchar(255) DEFAULT NULL COMMENT 'ç”¨æˆ·å',
  `NAME` varchar(255) DEFAULT NULL COMMENT 'å§“å',
  `IP` varchar(15) DEFAULT NULL COMMENT 'ç”¨æˆ·ç™»å½•ipåœ°å€',
  `STATUS` varchar(32) DEFAULT NULL COMMENT 'çŠ¶æ€',
  `EMAIL` varchar(32) DEFAULT NULL COMMENT 'ç”µå­é‚®ä»¶',
  `PHONE` varchar(32) DEFAULT NULL COMMENT 'ç”µè¯',
  `OPENID` varchar(255) DEFAULT NULL COMMENT 'å¯¹åº”å¾®ä¿¡OPENID',
  `ALIAS` varchar(255) DEFAULT NULL COMMENT 'æ˜µç§°',
  `BIRTHDAY` varchar(255) DEFAULT NULL COMMENT 'ç”Ÿæ—¥',
  `SEX` varchar(255) DEFAULT NULL COMMENT 'æ€§åˆ«',
  `BIRTHPLACE` varchar(255) DEFAULT NULL COMMENT 'å‡ºç”Ÿåœ°',
  `LIVEPLACE` varchar(255) DEFAULT NULL COMMENT 'å±…ä½åœ°',
  `MARRIAGESTATUS` varchar(255) DEFAULT NULL COMMENT 'å©šå§»çŠ¶æ€',
  `CAREER` varchar(255) DEFAULT NULL COMMENT 'èŒä¸š',
  `DEGREE` varchar(255) DEFAULT NULL COMMENT 'å­¦åŽ†',
  `AVATAR` varchar(255) DEFAULT NULL COMMENT 'ç”¨æˆ·å›¾åƒ',
  `HEIGHT` int(11) DEFAULT '170' COMMENT 'èº«é«˜',
  `WEIGHT` int(11) DEFAULT '65' COMMENT 'ä½“é‡',
  `age` int(11) DEFAULT '0',
  `sufferedDiseases` varchar(1024) DEFAULT '',
  `inheritDiseases` varchar(1024) DEFAULT '',
  `concernDiseases` varchar(1024) DEFAULT '',
  `tags` varchar(1024) DEFAULT '',
  `lastModifiedOn` timestamp NOT NULL DEFAULT '1989-12-31 16:00:00',
  `lastPreparedOn` timestamp NOT NULL DEFAULT '1979-12-31 16:00:00',
  `lastMatchedOn` timestamp NOT NULL DEFAULT '1979-12-31 16:00:00',
  `lastGeneratedOn` timestamp NOT NULL DEFAULT '1979-12-31 16:00:00',
  `lastEvaluatedOn` timestamp NOT NULL DEFAULT '1979-12-31 16:00:00',
  `lastReleasedOn` timestamp NOT NULL DEFAULT '1979-12-31 16:00:00',
  `tag_smoke_style` varchar(10) DEFAULT NULL,
  `tag_smoke_quantity` int(11) DEFAULT NULL,
  `tag_smoke_age` int(11) DEFAULT NULL,
  `tag_hasSexBehavior` tinyint(1) DEFAULT NULL,
  `tag_sexBehaviorAge` int(11) DEFAULT NULL,
  `tag_sexParterners` int(11) DEFAULT NULL,
  `tag_sexHomosex` tinyint(1) DEFAULT NULL,
  `tag_sexBehaviorStyle` varchar(20) DEFAULT NULL,
  `tag_foodStyle` varchar(255) DEFAULT NULL,
  `tag_food` varchar(255) DEFAULT NULL,
  PRIMARY KEY (`USER_ID`)
) ENGINE=InnoDB DEFAULT CHARSET=utf8;
/*!40101 SET character_set_client = @saved_cs_client */;

--
-- Dumping data for table `ta_user`
--

LOCK TABLES `ta_user` WRITE;
/*!40000 ALTER TABLE `ta_user` DISABLE KEYS */;
INSERT INTO `ta_user` VALUES ('0e589df1ee70439e9af5a11e642dd1c7','13678189384','老妈','null','released','tet@163.com','13678189384','null','null','1960-02-02','女','北京市,北京市','北京市,北京市','未婚','IT|通信|电子|互联网','小学','null',162,46,57,':',':',':',':','2016-06-18 14:28:09','2016-06-18 14:28:09','2016-06-18 14:28:09','2016-06-18 14:28:09','2016-06-18 14:28:09','2016-06-19 09:50:35',NULL,NULL,NULL,NULL,NULL,NULL,NULL,NULL,NULL,NULL),('21f56965452840ef8eccd570f85fcf65','null','null','null','modified','null','13541183091','null','null','1992-01-01','null','null','null','null','null','null','null',170,50,25,'','','','','1989-12-31 16:00:00','1979-12-31 16:00:00','1979-12-31 16:00:00','1979-12-31 16:00:00','2016-06-13 15:30:49','1979-12-31 16:00:00',NULL,NULL,NULL,NULL,NULL,NULL,NULL,NULL,NULL,NULL),('229892530ce6441897cb7be5582fe84c','18584354577','null','null','released','null','18584354577','o8NoVwsmKGtBpfvSL7-T1C9WORcU','null','1992-01-01','null','null','null','null','null','null','null',170,50,25,':4128397e3ca24d9785da2d80c8aea6cc:',':e613c52489824f9c8c51bf55d2b8cddb:',':361a207e57464933a70c447376f4b8f2:',':戒烟15年:不超过5支:5年:性生活早于21岁:','2016-06-14 15:30:40','2016-06-14 15:30:42','2016-06-14 15:30:43','2016-06-14 15:30:44','2016-06-14 15:30:41','2016-06-19 09:50:35','quit15',5,5,1,20,NULL,NULL,NULL,NULL,NULL),('24c1a11d8fb442bcb875a1d604d0d506','null','null','null','released','null','15225252525','null','null','1992-01-01','null','null','null','null','null','null','null',170,50,25,'','','',':','2016-06-13 03:41:28','2016-06-13 04:24:23','2016-06-13 04:24:28','2016-06-13 04:24:28','2016-06-13 04:24:22','2016-06-19 09:50:35',NULL,NULL,NULL,NULL,NULL,NULL,NULL,NULL,NULL,NULL),('2deede843eb9449db982efa583ab5a77','null','null','null','released','null','15858585858','null','null','1992-01-01','null','null','null','null','null','null','null',170,50,25,'','','',':','2016-06-13 03:41:28','2016-06-13 04:24:23','2016-06-13 04:24:29','2016-06-13 04:24:29','2016-06-13 04:24:22','2016-06-19 09:50:35',NULL,NULL,NULL,NULL,NULL,NULL,NULL,NULL,NULL,NULL),('486f89f8a5b44d689eb7f93267219855','13544444444','学生','null','released','san@test.com','13544444444','null','null','2002-05-25','男','北京市,北京市','北京市,北京市','未婚','IT|通信|电子|互联网','小学','null',170,50,15,':',':',':',':','2016-06-18 14:27:53','2016-06-18 14:27:53','2016-06-18 14:27:53','2016-06-18 14:27:53','2016-06-18 14:27:53','2016-06-19 09:50:35',NULL,NULL,NULL,NULL,NULL,NULL,NULL,NULL,NULL,NULL),('679ba1ba6a034e83bf32e56b2945fc0a','13222223333','ssss','null','matched','test@123.com','13222223333','null','null','2016-05-18','男','北京市,北京市','北京市,北京市','未婚','IT|通信|电子|互联网','小学','null',170,50,1,':',':',':',':','2016-06-19 09:28:24','2016-06-19 09:28:24','2016-06-19 09:28:24','1979-12-31 16:00:00','2016-06-19 09:28:24','1979-12-31 16:00:00',NULL,NULL,NULL,NULL,NULL,NULL,NULL,NULL,NULL,NULL),('73ec21526c29439b9c4050fce8b72286','13678189382','Qingchun9','null','released','qingchun@163.com','13678189382','null','null','1980-10-01','男','安徽省,安庆市','四川省,成都市','未婚','IT|通信|电子|互联网','小学','null',171,85,37,':6e3256bed9694c11930bc5251ef42678:',':83faa64fdebb4af7be83fe05ec2898d7:',':750ea039c8b24154b0017c9ba46ce0f5:',':每天一包:10年:性生活良好:爱吃甜食:','2016-06-19 09:43:57','2016-06-19 09:43:57','2016-06-19 09:43:57','2016-06-19 09:43:57','2016-06-19 09:43:57','2016-06-19 09:50:35',NULL,20,10,1,NULL,NULL,NULL,'ok',NULL,NULL),('80a1a7294da440dcad338480047eac22','18581925428','Uu Liu','null','released','uuliu@163.com','18581925428','null','null','1995-01-01','女','吉林,北京市','成都,北京市','未婚','学生','本科','null',168,49,22,':',':',':',':','2016-06-18 14:27:26','2016-06-18 14:27:26','2016-06-18 14:27:26','2016-06-18 14:27:26','2016-06-18 14:27:26','2016-06-19 09:50:35',NULL,NULL,NULL,NULL,NULL,NULL,NULL,NULL,NULL,NULL),('83162a9b6ec04ecfaeb1cfc440bd02f9','13678095325','詹珂珂','null','released','null','13678095325','o8NoVws4AC9EgscU_w_VxuhUXdBY','null','1992-01-01','null','null','null','null','null','null','http://wx.qlogo.cn/mmopen/xcFcibMlj2a5KCwNEMgFqJPTwstgYiap0lVvVc7eicRHveZolyrf4ibqicnOWzB4UOSkDq2XGHHJkib4SBia70lz6IaYpHt2HVpVLiaq/0',170,50,25,':29dd3f1a0461496eb79bbb08f02b8ce8:',':6c8ce194bbd1426da1170781819a890b:',':29dd3f1a0461496eb79bbb08f02b8ce8:',':','2016-06-13 03:41:28','2016-06-13 04:24:24','2016-06-13 04:24:30','2016-06-13 04:24:30','2016-06-13 04:24:22','2016-06-19 09:50:35',NULL,NULL,NULL,NULL,NULL,NULL,NULL,NULL,NULL,NULL),('837c19fac11e412f9b93e090669a75cb','15536696666','默、','null','released','null','15536696666','o8NoVwgv2y3cTNSDArhnk2IJvuHE','null','1992-01-01','null','null','null','null','null','null','http://wx.qlogo.cn/mmopen/xcFcibMlj2a6nk4tcjrWibKNiaVAKuzVZEibJ2MRALNs0CnWjnGgzQMq26wLFF46yvxrWcvRJvS4niau9AdtKibAOwV15EbyJzMZ3ic/0',170,50,25,':6e3256bed9694c11930bc5251ef42678:',':83faa64fdebb4af7be83fe05ec2898d7:',':67b14f7fb6164db38b34f9cecbc78a9e:e613c52489824f9c8c51bf55d2b8cddb:',':','2016-06-18 10:45:08','2016-06-18 10:45:08','2016-06-18 10:45:08','2016-06-18 10:45:08','2016-06-18 10:45:08','2016-06-19 09:50:35',NULL,NULL,NULL,NULL,NULL,NULL,NULL,NULL,NULL,NULL),('c6f7524fa23d47b1bf3f0128f64e50c6','13678189382','Qingchun27','null','released','san@163.com','13678189382','null','null','1980-08-08','男','北京市,北京市','北京市,北京市','未婚','IT|通信|电子|互联网','小学','null',172,50,37,':龋齿:',':卵巢癌:',':鼻咽癌:',':','2016-06-13 03:41:28','2016-06-13 04:24:25','2016-06-13 04:24:30','2016-06-13 04:24:31','2016-06-13 04:24:22','2016-06-19 09:50:35',NULL,NULL,NULL,NULL,NULL,NULL,NULL,NULL,NULL,NULL),('d4c8c8de8a4945fb84167ad46e7b24a3','null','null','null','released','null','13678189385','null','null','1992-01-01','null','null','null','null','null','null','null',170,50,25,'','','',':经常吸烟:每天一包:20年:爱吃甜食:','2016-06-19 00:28:38','2016-06-19 00:28:38','2016-06-19 00:28:38','2016-06-19 00:28:38','2016-06-19 00:28:38','2016-06-19 09:50:35','high',20,20,NULL,NULL,NULL,NULL,NULL,NULL,NULL),('d7d5b0d029b044e788e208044a24ad32','18981402601','袁晨','null','released','null','18981402601','o8NoVwgE-JJvYHeV548LsGAG0S1k','null','1992-01-01','null','null','null','null','null','null','http://wx.qlogo.cn/mmopen/ibKHP1TZZeXIOkhEsicR5MWPxu0J4RQrk4lVDibJMs0gcbPPst3cFic23G3C7E5pDq3sTp9B5wGQSWNlWAkNziacibeE9Zwr4YcWzg/0',170,50,25,'','','','','2016-06-13 03:41:28','2016-06-13 04:24:25','2016-06-13 04:24:31','2016-06-13 04:24:31','2016-06-13 04:24:22','2016-06-19 09:50:35',NULL,NULL,NULL,NULL,NULL,NULL,NULL,NULL,NULL,NULL),('f0ef0e5c8a32488a922f4c5f99db6f87','13678189383','大表哥','null','released','dabiaoge@163.com','13678189383','null','null','1989-09-09','男','北京市,北京市','北京市,北京市','未婚','IT|通信|电子|互联网','硕士','null',171,55,28,':',':',':',':','2016-06-18 14:27:44','2016-06-18 14:27:44','2016-06-18 14:27:44','2016-06-18 14:27:44','2016-06-18 14:27:44','2016-06-19 09:50:35',NULL,NULL,NULL,NULL,NULL,NULL,NULL,NULL,NULL,NULL);
/*!40000 ALTER TABLE `ta_user` ENABLE KEYS */;
UNLOCK TABLES;

--
-- Table structure for table `ta_userrule`
--

DROP TABLE IF EXISTS `ta_userrule`;
/*!40101 SET @saved_cs_client     = @@character_set_client */;
/*!40101 SET character_set_client = utf8 */;
CREATE TABLE `ta_userrule` (
  `rule_id` varchar(100) NOT NULL,
  `user_id` varchar(100) NOT NULL,
  `guideline_id` varchar(100) NOT NULL,
  `originate` varchar(255) DEFAULT '',
  `description` varchar(512) DEFAULT '',
  `concernedfactors` varchar(512) DEFAULT '',
  `riskDefine` varchar(512) DEFAULT '',
  `disease_name` varchar(100) DEFAULT '',
  `riskType` varchar(20) DEFAULT 'low',
  `ruleExpression` varchar(1024) DEFAULT '1=1',
  `status` varchar(20) DEFAULT 'pending',
  `sysflag` varchar(20) DEFAULT 'toPrepare',
  `createdOn` timestamp NOT NULL DEFAULT '1979-12-31 16:00:00',
  `modifiedOn` timestamp NOT NULL DEFAULT '1979-12-31 16:00:00',
  `worker` varchar(100) DEFAULT NULL,
  PRIMARY KEY (`rule_id`),
  KEY `sysflag_status` (`sysflag`,`status`)
) ENGINE=InnoDB DEFAULT CHARSET=utf8;
/*!40101 SET character_set_client = @saved_cs_client */;

--
-- Dumping data for table `ta_userrule`
--

LOCK TABLES `ta_userrule` WRITE;
/*!40000 ALTER TABLE `ta_userrule` DISABLE KEYS */;
INSERT INTO `ta_userrule` VALUES ('0e589df1ee70439e9af5a11e642dd1c7-high-07e68dd1ea5f4f549eb813f80ca0a7b5','0e589df1ee70439e9af5a11e642dd1c7','07e68dd1ea5f4f549eb813f80ca0a7b5',' 中华人民共和国卫生部(MINISTRY OF HEALTH OF THE PEOPLE`S REPUBLIC OF CHINA)','','年龄\r\n备注：包含牙周疾病及口腔癌等','大于60岁，半年一次','龋齿','high','age>=60','dismatch','toGenerate','2016-06-13 04:24:22','2016-06-18 14:28:09',NULL),('0e589df1ee70439e9af5a11e642dd1c7-high-1cfc1f8ff2dc4049b2422177cd3b9040','0e589df1ee70439e9af5a11e642dd1c7','1cfc1f8ff2dc4049b2422177cd3b9040',' 美国国家综合癌症网络(NCCN,National Comprehensive Cancer Network)','','1.吸烟史\n2.氡暴露史\n3.职业暴露：砒霜、铬、石棉、镍、镉、铍、硅、柴油烟雾（吸烟可以叠加）\n4.一级亲属罹患肺癌\n5.COPD及肺纤维化病史\n6.报警症状','或年龄大于50岁，并且吸烟指数大于20支.年，或包含任意一条危险因素（见关注因素）','肺癌','high','age>50 and tag_smoke_quantity>=20','dismatch','toGenerate','2016-06-13 04:24:22','2016-06-18 14:28:09',NULL),('0e589df1ee70439e9af5a11e642dd1c7-high-365153d2e9e44bf0a15ec2fb25c97c31','0e589df1ee70439e9af5a11e642dd1c7','365153d2e9e44bf0a15ec2fb25c97c31',' 美国预防医学工作组(USPSTF,U.S. Preventive Services Task Force)','','1.性别\r\n2.年龄\r\n3.吸烟\r\n4.家族史（一级亲属罹患腹主动脉瘤）\r\n5.既往史（既往被诊断：血管瘤、心、脑血管疾病、动脉粥样硬化、高胆固醇血症、肥胖和高血压）','男性\r\n吸烟超过100只\r\n年龄大于65岁','腹主动脉瘤','high','sex=\'男\' and age>=65 and tag_smoke_style!=\'no\'','pending','toGenerate','2016-06-13 04:24:22','2016-06-18 14:28:09',NULL),('0e589df1ee70439e9af5a11e642dd1c7-high-3841703bd931482fb3bc425b4178b813','0e589df1ee70439e9af5a11e642dd1c7','3841703bd931482fb3bc425b4178b813',' 中华医学会内镜学分会(CSDE,Chinese Society of Digestive Endoscopy) 中华医学会消化病学分会(CSGE,Chinese Society Of Gastroenterology)','','1.年龄\r\n2.结直肠腺瘤、锯齿状息肉及结直肠癌病史\r\n3.非特异性肠炎病史\r\n4.阳性家族史（Lynch综合征病史、多发性错构瘤综合征病史等）\r\n5.大便隐血实验结果\r\n6.具有以下两项及两项以上者：①慢性便秘；②黏液血便；③慢性腹泻；④慢性阑尾炎或阑尾切除史；⑤精神刺激史；⑥体重指数 (BMI) ＞28 kg/m2；⑦吸烟指数大于400只/年；慢性胆囊炎及胆囊切除史；慢性便秘指近2年来便秘每年在2个月以上','1.有便血、黑便、体重减轻、贫血等报警症状的人群\n2.大于50岁，包含：结直肠腺瘤、锯齿状息肉及结直肠癌病史；非特异性肠炎病史；阳性家族史（Lynch综合征病史、多发性错构瘤综合征病史等）可以理解为一级亲属有结直肠癌病史；大便隐血实验结果阳性；具有以下两项及两项以上者：①慢性便秘；②黏液血便；③慢性腹泻；④慢性阑尾炎或阑尾切除史；⑤精神刺激史；⑥体重指数 (BMI) ＞28 kg/m2；⑦吸烟指数大于400只/年；慢性胆囊炎及胆囊切除史；慢性便秘指近2年来便秘每年在2个月以上','结直肠癌','high','age>=50 and (tag_smoke_quantity>1 or weight/height/height*10000>28)','pending','toGenerate','2016-06-13 04:24:22','2016-06-18 14:28:09',NULL),('0e589df1ee70439e9af5a11e642dd1c7-high-3d1776a7aa894ceca869b38cbc5245fe','0e589df1ee70439e9af5a11e642dd1c7','3d1776a7aa894ceca869b38cbc5245fe',' 中华人民共和国卫生部(MINISTRY OF HEALTH OF THE PEOPLE`S REPUBLIC OF CHINA)','','年龄','年龄大于等于60岁','牙周病','high','age>=60','pending','toGenerate','2016-06-13 04:24:22','2016-06-18 14:28:09',NULL),('0e589df1ee70439e9af5a11e642dd1c7-high-40c2f59a7b2c4b50937da37b2b9f7919','0e589df1ee70439e9af5a11e642dd1c7','40c2f59a7b2c4b50937da37b2b9f7919',' 中华医学会心血管病学分会(Chinese Society of Cardiology)','','既往史：先天性心脏病、结缔组织病、HIV感染、减肥药物治疗史、肝病及贫血\n个人史：职业解除如印刷厂或加油站工人接触油类物品、HIV感染、男-男同性恋、吸毒及染发剂接触	婚育史：女性是否有习惯性流产、男性需了解直系女性亲属是否有习惯性流产	\n家族史：是否有诊断肺动脉高压或先心病史\n','既往史：先天性心脏病、结缔组织病、HIV感染、减肥药物治疗史、肝病及贫血\n个人史：职业解除如印刷厂或加油站工人接触油类物品、HIV感染、男-男同性恋、吸毒及染发剂接触	婚育史：女性是否有习惯性流产、男性需了解直系女性亲属是否有习惯性流产	\n家族史：是否有诊断肺动脉高压或先心病史\n胸部影像学检测提示有右心脏增大及肺动脉增粗表现\n如有非特异性临床表现和体征可更考虑疑诊','肺动脉高压','high','(locate(\'先天性心脏病\',sufferedDiseases)>0 or locate(\'HIV感染\',sufferedDiseases)>0 or locate(\'肝病\',sufferedDiseases)>0 or locate(\'贫血\',sufferedDiseases)>0 or locate(\'结缔组织病\',sufferedDiseases)>0 or locate(\'先天性心脏病\',inheritDiseases)>0)','pending','toGenerate','2016-06-13 04:24:22','2016-06-18 14:28:09',NULL),('0e589df1ee70439e9af5a11e642dd1c7-high-54cf2c7cb40c4d538f700e731894495e','0e589df1ee70439e9af5a11e642dd1c7','54cf2c7cb40c4d538f700e731894495e',' 中华人民共和国国家卫生和计划生育委员会(NHFPC,National Health and Family Planning Commission of China)','','HCV感染高危人群，包括： \r\na) 有静脉药瘾史者； \r\nb) 有职业或其他原因（纹身、穿孔、针灸等）所致的针刺伤史者； \r\nc) 有医源性暴露史，包括手术、透析、不洁口腔诊疗操作、器官或组织移植者； \r\nd） 有高危性行为史，如多个性伴、男男同性恋者； \r\ne) HCV感染者的性伴及家庭成员； \r\nf) HIV感染者及其性伴； \r\ng) HCV感染母亲所生的子女； \r\nh) 破损皮肤和赫膜被HCV感染者血液污染者； \r\ni) 有输血或应用血液制品史者（主要是1993年前有过输血或应用血制品者） \r\nj) 1996年前的供血浆者。 ','HCV感染高危人群，包括： \na) 有静脉药瘾史者； \nb) 有职业或其他原因（纹身、穿孔、针灸等）所致的针刺伤史者； \nc) 有医源性暴露史，包括手术、透析、不洁口腔诊疗操作、器官或组织移植者； \nd） 有高危性行为史，如多个性伴、男男同性恋者； \ne) HCV感染者的性伴及家庭成员； \nf) HIV感染者及其性伴； \ng) HCV感染母亲所生的子女； \nh) 破损皮肤和赫膜被HCV感染者血液污染者； \ni) 有输血或应用血液制品史者（主要是1993年前有过输血或应用血制品者） \nj) 1996年前的供血浆者。 ','丙型病毒性肝炎','high','tag_sexHomosex=true or tag_sexBehaviorStyle=\'highrisk\' or locate(\'HCV\',inheritDiseases)>0','pending','toGenerate','2016-06-13 04:24:22','2016-06-18 14:28:09',NULL),('0e589df1ee70439e9af5a11e642dd1c7-high-56f55df13386472c98df5a082a3ec9ae','0e589df1ee70439e9af5a11e642dd1c7','56f55df13386472c98df5a082a3ec9ae',' 美国预防医学工作组(USPSTF,U.S. Preventive Services Task Force)','','1.血压在正常高值者（130-139/85-89 mmHg）\r\n2.BMI大于24\r\n3.腹型肥胖：男性腰围大于90cm，女性大于85cm\r\n4.家族史（一、二级亲属罹患高血压）\r\n5.长期高盐饮食\r\n6.长期饮酒，日均大于等于100ml（2两）\r\n来源于（中国高血压基层管理指南（2014年修订版））','≥40岁的成人，血压在正常高值者（130-139/85-89 mmHg）、超重或肥胖者。','高血压','high','age>=40 and weight/height/height*10000>=24','pending','toGenerate','2016-06-13 04:24:22','2016-06-18 14:28:09',NULL),('0e589df1ee70439e9af5a11e642dd1c7-high-68db0e163064409286056fe21f7f27ad','0e589df1ee70439e9af5a11e642dd1c7','68db0e163064409286056fe21f7f27ad',' 北京市脑卒中诊疗质量控制与改进中心','','1.脂代谢异常\n2.高血压、糖尿\n3.吸烟及吸烟环境\n4.家族史：一二级亲属罹患脑动脉粥样硬化\n5.肥胖\n6.高同型半胱氨酸\n','大于45岁，包含一下一项或以上：1.高胆固醇或高甘油三酯血症；2.高血压；3.糖尿病；4.吸烟；5.家族史；6.大量饮酒；7.肥胖及不良饮食习惯（高热量、高脂肪）；8.缺乏规律有氧运动；9.被诊断高同型半胱氨酸','脑动脉粥样硬化','high','age>=45 and (locate(\'高血压\',sufferedDiseases)>0 or locate(\'糖尿病\',sufferedDiseases)>0 or locate(\'脑动脉粥样硬化\',inheritDiseases)>0)','pending','toGenerate','2016-06-13 04:24:22','2016-06-18 14:28:09',NULL),('0e589df1ee70439e9af5a11e642dd1c7-high-7c77c03835cc41dda72c27028ecb7585','0e589df1ee70439e9af5a11e642dd1c7','7c77c03835cc41dda72c27028ecb7585',' 中华医学会外科学分会胆道外科学组','','1.是否患有胆囊结石2.是否有胆囊慢性炎症3.是否有胆囊息肉4.是否存在胆胰管汇合异常5.家族史：胆囊癌及胆囊结石家族史6.是否有胆道系统感染7.是否肥胖，是否有糖尿病8.','(1)胆囊息肉；(2)年龄超过50岁，特别是女性；(3)肥胖症；(4)有胆石症或胆囊癌家族史。','胆囊癌','high','locate(\'胆囊息肉\',sufferedDiseases)>0 or (age>=50 and sex=\'女\') or locate(\'肥胖\',sufferedDiseases)>0 or locate(\'胆结石\',inheritDiseases)>0 or locate(\'胆囊癌\',inheritDiseases)>0','pending','toGenerate','2016-06-13 04:24:22','2016-06-18 14:28:09',NULL),('0e589df1ee70439e9af5a11e642dd1c7-high-89932374522c4cc4979d2c1206949377','0e589df1ee70439e9af5a11e642dd1c7','89932374522c4cc4979d2c1206949377','中华医学会内分泌学分会(CSE,Chinese Society of Endocrinology)','','成年人 (>18岁)具有下列任何一个及以上的糖尿病高危因素，可定义为糖尿病高危人群：\r\n\r\n(1)年龄≥40岁；\r\n\r\n(2)既往有糖尿病前期病史；\r\n\r\n(3)超重、肥胖 (体重指数≥24 kg/m2)，男性腰围≥90cm,女性腰围≥85cm；\r\n\r\n(4)静坐的生活方式；\r\n\r\n(5)一级亲属中有2型糖尿病家族史；\r\n\r\n(6)有巨大儿 (出生体重≥4 kg)生产史，妊娠期显性糖尿病或妊娠糖尿病病史的妇女；\r\n\r\n(7)高血压 [收缩压≥140 mmHg (1mmHg=0.133kPa)和(或)舒张压≥90 mmHg]或正在接受降压治疗；\r\n\r\n(8)血脂异常(高密度脂蛋白胆固醇≤0.91mmol/L及甘油三酯≥2.22mmol/L，或正在接受调脂治疗)；\r\n\r\n(9)动脉粥样硬化性CCVD患者；\r\n\r\n(10)有一过性类固醇性糖尿病病史者；\r\n\r\n(11)多囊卵巢综合征患者；\r\n\r\n(12)严重精神病和 (或)长期接受抗抑郁症药物治疗的患者。','成年人 (>18岁)具有下列任何一个及以上的糖尿病高危因素，可定义为糖尿病高危人群：\n\n(1)年龄≥40岁；\n\n(2)既往有糖尿病前期病史；\n\n(3)超重、肥胖 (体重指数≥24 kg/m2)，男性腰围≥90cm,女性腰围≥85cm；\n\n(4)静坐的生活方式；\n\n(5)一级亲属中有2型糖尿病家族史；\n\n(6)有巨大儿 (出生体重≥4 kg)生产史，妊娠期显性糖尿病或妊娠糖尿病病史的妇女；\n\n(7)高血压 [收缩压≥140 mmHg (1mmHg=0.133kPa)和(或)舒张压≥90 mmHg]或正在接受降压治疗；\n\n(8)血脂异常(高密度脂蛋白胆固醇≤0.91mmol/L及甘油三酯≥2.22mmol/L，或正在接受调脂治疗)；\n\n(9)动脉粥样硬化性CCVD患者；\n\n(10)有一过性类固醇性糖尿病病史者；\n\n(11)多囊卵巢综合征患者；\n\n(12)严重精神病和 (或)长期接受抗抑郁症药物治疗的患者。','成人2型糖尿病','high','age>=40 and (weight/height/height*10000>=24 or  locate(\'糖尿病\',inheritDiseases)>0 or locate(\'动脉粥样硬化\',sufferedDiseases)>0 or locate(\'一过性类固醇糖尿病\',sufferedDiseases)>0 or locate(\'多囊卵巢综合症\',sufferedDiseases))','pending','toGenerate','2016-06-13 04:24:22','2016-06-18 14:28:09',NULL),('0e589df1ee70439e9af5a11e642dd1c7-high-8a2b68cc6b054aa7a40b5763f14cec28','0e589df1ee70439e9af5a11e642dd1c7','8a2b68cc6b054aa7a40b5763f14cec28','美国妇产科医师学会(ACOG,American College of Obstetricians and Gynecologists)','','1.人乳头瘤病毒感染；2.过早性生活；3.多个性伙伴；4.多产；5.丈夫婚外性行为；6.阴茎癌；7.社会经济条件差；8.营养不良；9.吸烟','1.大于等于21岁\r\n2.有性行为','宫颈癌','high','age>=21 and tag_hasSexBehavior=true and (tag_sexParterners>1 or tag_sexBehaviorStyle=\'highrisk\')','dismatch','toGenerate','2016-06-13 04:24:22','2016-06-18 14:28:09',NULL),('0e589df1ee70439e9af5a11e642dd1c7-high-9a1bac66a1b640c2b1e106ecd37797e9','0e589df1ee70439e9af5a11e642dd1c7','9a1bac66a1b640c2b1e106ecd37797e9',' 美国国家综合癌症网络(NCCN,National Comprehensive Cancer Network)','','1.年龄\r\n2.是否有肝硬化\r\n3.饮酒\r\n4.乙型肝炎病毒感染\r\n5.丙型肝炎病毒感染\r\n6.非酒精性脂肪肝\r\n7.α1-抗胰蛋白酶缺乏症病史\r\n8.四期原发性胆汁性肝硬化病史\r\n9.遗传性血色病病史','1.各种原因导致的肝硬化患者\r\n2.乙肝携带者，男性大于等于40岁，女性大于等于50岁','肝癌','high','((age>=40 and sex=\'男\') or (age>=50 and sex=\'女\'))and locate(\'乙肝\',sufferedDiseases)>0','pending','toGenerate','2016-06-13 04:24:22','2016-06-18 14:28:09',NULL),('0e589df1ee70439e9af5a11e642dd1c7-high-a1ccc6a220a4465f964195c539c1d365','0e589df1ee70439e9af5a11e642dd1c7','a1ccc6a220a4465f964195c539c1d365','中国癌症筛查及早诊早治技术方案 人民卫生出版社','','1.地区：高发地区：鼻咽癌死亡率＞3/10万的地区（中国标化）：广东、广西、福建、湖南、江西\n2.家族史：有家族聚集倾向，一级亲属罹患过鼻咽癌的；\n3.喜食咸鱼、腌制食物的、长期接触甲醛的\n4.高镍环境（存疑）','满足2和或3-4 条\r\n年龄大于等于30岁','鼻咽癌','high','age>=30 and (locate(\'鼻咽癌\',inheritDiseases)>0 or locate(\'salty\',tag_foodStyle)>0)','dismatch','toGenerate','2016-06-13 04:24:22','2016-06-18 14:28:09',NULL),('0e589df1ee70439e9af5a11e642dd1c7-high-a26efd48e9484b22b8bf7477f7656630','0e589df1ee70439e9af5a11e642dd1c7','a26efd48e9484b22b8bf7477f7656630','美国国家综合癌症网络(NCCN,National Comprehensive Cancer Network)','','1.年龄\r\n2.家族史（一级亲属罹患前列腺癌）','年龄大于等于45岁','前列腺癌','high','age>=45 and sex=\'男\' and locate(\'前列腺癌\',inheritDiseases)>0','pending','toGenerate','2016-06-13 04:24:22','2016-06-18 14:28:09',NULL),('0e589df1ee70439e9af5a11e642dd1c7-high-a5c0a4318fb547c7bcf015480b2ca8c4','0e589df1ee70439e9af5a11e642dd1c7','a5c0a4318fb547c7bcf015480b2ca8c4',' 中国抗癌协会乳腺癌专业委员会(CACA-CBCS,Chinese Anti-Cancer Association, Committee of Breast Cancer Society)','','确定性因素：1.年龄；2.性别；3.绝经后体重增加 BMI≥30kg/m2或增加10公斤；4.高身材，身高大于175cm；5.雌激素水平（高内源性雌激素水平）；6.骨密度（升高者发病率升高）；7.良性乳腺疾病史；8.长期使用外源性雌激素；9.初潮较早或绝经较晚；10.未产妇及首次初产年龄大于等于35岁；11.乳腺癌个人史；12.一级亲属罹患乳腺癌；13.饮酒；14.吸烟；15.夜班工作；16.暴露于治疗性电离辐射；17.是否哺乳；18.大豆/植物雌激素应用；19.体育锻炼；\n不确定性因素：未录入','1.有明显的乳腺癌遗传倾向者\r\n2.既往有乳腺良恶性疾病患者\r\n3.既往行胸部放疗','乳腺癌','high','sex=\'女\' and (locate(\'乳腺\',sufferedDiseases)>0 or locate(\'乳腺\',inheritDiseases)>0 or height>175 or height/weight/weight*10000>=24)','pending','toGenerate','2016-06-13 04:24:22','2016-06-18 14:28:09',NULL),('0e589df1ee70439e9af5a11e642dd1c7-high-aa5f7b61e93f4c0a8639e2b2d8b3a933','0e589df1ee70439e9af5a11e642dd1c7','aa5f7b61e93f4c0a8639e2b2d8b3a933','中华医学会外科学分会胰腺外科学组','','1.年龄；2.家族史；3.60岁以上突发糖尿病；4.慢性胰腺炎病史；5.吸烟；6.饮酒；7.肥胖；8.远端胃大部切除术病史（时间大于20年）；9.接触萘胺及苯类化合物者\r\n前驱症状：消化不良、恶性、脂肪泻、黄疸、疼痛、体重减轻','1.年龄大于40岁，有非特异性上腹部不适症状；\n2.一级亲属有罹患胰腺癌\n3.年龄大于60岁，突发糖尿病，缺乏家族史，低体重指数，很快形成胰岛素抵抗\n4.慢性胰腺炎病史：特别是遗传性胰腺炎病史\n5.良性病变行远端胃大部切除术者，特别是术后20年以上人群\n6.导管内乳头状粘液瘤患者\n7.FAP 家族性腺瘤息肉病患者\n8.长期吸烟\n9.大量饮酒\n10.体重超重\n11.黑斑息肉综合征病史\n12.家族性恶性黑色素瘤病史','胰腺癌','high','(age>=40 and locate(\'胰腺癌\',inheritDiseases)>0 or locate(\'胰腺\',sufferedDiseases)>0) or (locate(\'突发性糖尿病\',sufferedDiseases)>0 and age>=60)','pending','toGenerate','2016-06-13 04:24:22','2016-06-18 14:28:09',NULL),('0e589df1ee70439e9af5a11e642dd1c7-high-ae6bcb0679ba4b7f83ec6aca09757dd6','0e589df1ee70439e9af5a11e642dd1c7','ae6bcb0679ba4b7f83ec6aca09757dd6',' 中华人民共和国国家卫生和计划生育委员会(NHFPC,National Health and Family Planning Commission of China)','','1.高血压史（≥140/90 mmHg）或正在服用降压药物 \n2.房颤和（或）心脏瓣膜病等心脏病\n3.吸烟\n4.血脂异常\n5.糖尿病\n6.BMI大于26\n7.很少进行体育活动\n8.有卒中家族史','1.以上8条满足3条\r\n2.既往有缺血性脑卒中病史或短暂性脑缺血发作病史','颈动脉狭窄','high','(locate(\'高血压\',sufferedDiseases)>0 or locate(\'房颤\',sufferedDiseases)>0 or locate(\'心脏\',sufferedDiseases)>0 or locate(\'糖尿病\',sufferedDiseases)>0 or tag_smoke_style!=\'no\') and (locate(\'脑卒中\',sufferedDiseases)>0 or locate(\'脑缺血\',sufferedDiseases)>0)','pending','toGenerate','2016-06-13 04:24:22','2016-06-18 14:28:09',NULL),('0e589df1ee70439e9af5a11e642dd1c7-high-b324470469f449a883059bebbc195bea','0e589df1ee70439e9af5a11e642dd1c7','b324470469f449a883059bebbc195bea',' 中华医学会内镜学分会(CSDE,Chinese Society of Digestive Endoscopy) 中国抗癌协会(Chinese Anti-cancer Association) 中国抗癌协会肿瘤内镜专业委员会','','1.性别：\n2.年龄\n3.饮食：加盐腌制蔬菜或烟熏肉和鱼。\n4.吸烟\n5.治疗：接受过胃部手术。\n6.癌前疾病：慢性萎缩性胃炎、胃溃疡、胃息肉。\n7.家族肿瘤疾病史：包括家族胃癌史，遗传性非息肉性肠癌，家族性腺瘤性息肉等遗传性疾病等。\n8.恶性贫血。\n9.肥胖：超过正常体重20～25公斤\n10.经济状况：经济较差的地区，胃癌的发病率较高。\n11.是否有贫血、消瘦、消化道出血、呕吐、上腹部不适、上腹部肿块.来源:2013卫计委胃癌规范化诊疗指南（试行）','1.幽门螺旋杆菌+，萎缩性胃炎-\n2.幽门螺旋杆菌+，萎缩性胃炎+\n3.幽门螺旋杆菌-，萎缩性胃炎-\n4.幽门螺旋杆菌-，萎缩性胃炎-按照一般人群处理','胃癌','high','locate(\'幽门螺旋杆菌阳性\',sufferedDiseases)>0 and (locate(\'salty\',tag_foodStyle)>0 or locate(\'smoked\',tag_foodStyle)>0 or locate(\'cured\',tag_foodStyle)>0 or tag_smoke_age>1 or locate(\'胃\',sufferedDiseases)>0 or locate(\'胃癌\',inheritDiseases)>0 or locate(\'腺瘤\',inheritDiseases)>0 or locate(\'肠癌\',inheritDiseases)>0)','pending','toGenerate','2016-06-13 04:24:22','2016-06-18 14:28:09',NULL),('0e589df1ee70439e9af5a11e642dd1c7-high-e00f9b2d6bee4dc7aeb0d821f8ac068d','0e589df1ee70439e9af5a11e642dd1c7','e00f9b2d6bee4dc7aeb0d821f8ac068d','中华医学会消化内镜学分会消化系早癌内镜诊断与治疗协作组,中华医学会消化病学分会消化道肿瘤协作组,中华医学会消化病学分会消化病理学组','','将55～74岁的一般风险人群、40～74岁的高风险人群以及家族史不详的人群作为内镜筛查的目标人群。\n①长期居住于食管鳞癌高发区；②一级亲属有食管鳞癌病史；③既往有食管病变史(食管上皮内瘤变)；④本人有癌症史；⑤长期吸烟史；⑥长期饮酒史；⑦有不良饮食习惯如进食快、热烫饮食、高盐饮食、进食腌菜者。','有以上任意1条者视为高危人群（鉴于现有国际国内指南均未推荐筛查频率，本项目拟定胃癌筛查频率进行）','食管癌','high','age>=55 and age<=74 and (locate(\'食管鳞癌\',inheritDiseases)>0  or locate(\'食管\',sufferedDiseases)>0 or locate(\'癌\',sufferedDiseases)>0 or tag_smoke_age>=10 or locate(\'fast\',tag_foodStyle)>0 or locate(\'hot\',tag_foodStyle)>0 or locate(\'salty\',tag_foodStyle)>0)','dismatch','toGenerate','2016-06-13 04:24:22','2016-06-18 14:28:09',NULL),('0e589df1ee70439e9af5a11e642dd1c7-low-07e68dd1ea5f4f549eb813f80ca0a7b5','0e589df1ee70439e9af5a11e642dd1c7','07e68dd1ea5f4f549eb813f80ca0a7b5',' 中华人民共和国卫生部(MINISTRY OF HEALTH OF THE PEOPLE`S REPUBLIC OF CHINA)','','年龄\r\n备注：包含牙周疾病及口腔癌等','大于18岁小于60岁，每年一次','龋齿','low','age>=18 and age<60','done','toGenerate','2016-06-13 04:24:22','2016-06-18 14:28:09',NULL),('0e589df1ee70439e9af5a11e642dd1c7-low-1cfc1f8ff2dc4049b2422177cd3b9040','0e589df1ee70439e9af5a11e642dd1c7','1cfc1f8ff2dc4049b2422177cd3b9040',' 美国国家综合癌症网络(NCCN,National Comprehensive Cancer Network)','','1.吸烟史\n2.氡暴露史\n3.职业暴露：砒霜、铬、石棉、镍、镉、铍、硅、柴油烟雾（吸烟可以叠加）\n4.一级亲属罹患肺癌\n5.COPD及肺纤维化病史\n6.报警症状','年龄大于等于55岁，并且吸烟指数大于30支.年，戒烟时间小于15年','肺癌','low','age>=55 and tag_smoke_quantity>=30','dismatch','toGenerate','2016-06-13 04:24:22','2016-06-18 14:28:09',NULL),('0e589df1ee70439e9af5a11e642dd1c7-low-365153d2e9e44bf0a15ec2fb25c97c31','0e589df1ee70439e9af5a11e642dd1c7','365153d2e9e44bf0a15ec2fb25c97c31',' 美国预防医学工作组(USPSTF,U.S. Preventive Services Task Force)','','1.性别\r\n2.年龄\r\n3.吸烟\r\n4.家族史（一级亲属罹患腹主动脉瘤）\r\n5.既往史（既往被诊断：血管瘤、心、脑血管疾病、动脉粥样硬化、高胆固醇血症、肥胖和高血压）','未吸烟男性，但包含以上危险因素','腹主动脉瘤','low','sex=\'男\' and tag_smoke_style=\'low\'','pending','toGenerate','2016-06-13 04:24:22','2016-06-18 14:28:09',NULL),('0e589df1ee70439e9af5a11e642dd1c7-low-3841703bd931482fb3bc425b4178b813','0e589df1ee70439e9af5a11e642dd1c7','3841703bd931482fb3bc425b4178b813',' 中华医学会内镜学分会(CSDE,Chinese Society of Digestive Endoscopy) 中华医学会消化病学分会(CSGE,Chinese Society Of Gastroenterology)','','1.年龄\r\n2.结直肠腺瘤、锯齿状息肉及结直肠癌病史\r\n3.非特异性肠炎病史\r\n4.阳性家族史（Lynch综合征病史、多发性错构瘤综合征病史等）\r\n5.大便隐血实验结果\r\n6.具有以下两项及两项以上者：①慢性便秘；②黏液血便；③慢性腹泻；④慢性阑尾炎或阑尾切除史；⑤精神刺激史；⑥体重指数 (BMI) ＞28 kg/m2；⑦吸烟指数大于400只/年；慢性胆囊炎及胆囊切除史；慢性便秘指近2年来便秘每年在2个月以上','年龄大于等于50岁，无以上危险因素','结直肠癌','low','age>=50','pending','toGenerate','2016-06-13 04:24:22','2016-06-18 14:28:09',NULL),('0e589df1ee70439e9af5a11e642dd1c7-low-3d1776a7aa894ceca869b38cbc5245fe','0e589df1ee70439e9af5a11e642dd1c7','3d1776a7aa894ceca869b38cbc5245fe',' 中华人民共和国卫生部(MINISTRY OF HEALTH OF THE PEOPLE`S REPUBLIC OF CHINA)','','年龄','大于18岁，小于60岁','牙周病','low','age>18 and age<60','pending','toGenerate','2016-06-13 04:24:22','2016-06-18 14:28:09',NULL),('0e589df1ee70439e9af5a11e642dd1c7-low-40c2f59a7b2c4b50937da37b2b9f7919','0e589df1ee70439e9af5a11e642dd1c7','40c2f59a7b2c4b50937da37b2b9f7919',' 中华医学会心血管病学分会(Chinese Society of Cardiology)','','既往史：先天性心脏病、结缔组织病、HIV感染、减肥药物治疗史、肝病及贫血\n个人史：职业解除如印刷厂或加油站工人接触油类物品、HIV感染、男-男同性恋、吸毒及染发剂接触	婚育史：女性是否有习惯性流产、男性需了解直系女性亲属是否有习惯性流产	\n家族史：是否有诊断肺动脉高压或先心病史\n','','肺动脉高压','low','1=0','pending','toGenerate','2016-06-13 04:24:22','2016-06-18 14:28:09',NULL),('0e589df1ee70439e9af5a11e642dd1c7-low-54cf2c7cb40c4d538f700e731894495e','0e589df1ee70439e9af5a11e642dd1c7','54cf2c7cb40c4d538f700e731894495e',' 中华人民共和国国家卫生和计划生育委员会(NHFPC,National Health and Family Planning Commission of China)','','HCV感染高危人群，包括： \r\na) 有静脉药瘾史者； \r\nb) 有职业或其他原因（纹身、穿孔、针灸等）所致的针刺伤史者； \r\nc) 有医源性暴露史，包括手术、透析、不洁口腔诊疗操作、器官或组织移植者； \r\nd） 有高危性行为史，如多个性伴、男男同性恋者； \r\ne) HCV感染者的性伴及家庭成员； \r\nf) HIV感染者及其性伴； \r\ng) HCV感染母亲所生的子女； \r\nh) 破损皮肤和赫膜被HCV感染者血液污染者； \r\ni) 有输血或应用血液制品史者（主要是1993年前有过输血或应用血制品者） \r\nj) 1996年前的供血浆者。 ','持续性血液透析者','丙型病毒性肝炎','low','locate(\'血液透析\',sufferedDiseases)>0','pending','toGenerate','2016-06-13 04:24:22','2016-06-18 14:28:09',NULL),('0e589df1ee70439e9af5a11e642dd1c7-low-56f55df13386472c98df5a082a3ec9ae','0e589df1ee70439e9af5a11e642dd1c7','56f55df13386472c98df5a082a3ec9ae',' 美国预防医学工作组(USPSTF,U.S. Preventive Services Task Force)','','1.血压在正常高值者（130-139/85-89 mmHg）\r\n2.BMI大于24\r\n3.腹型肥胖：男性腰围大于90cm，女性大于85cm\r\n4.家族史（一、二级亲属罹患高血压）\r\n5.长期高盐饮食\r\n6.长期饮酒，日均大于等于100ml（2两）\r\n来源于（中国高血压基层管理指南（2014年修订版））','18-39岁、血压正常（<130/85 mmHg）且没有危险因素。','高血压','low','age>=18 and age<40 and weight/height/height*10000<24','pending','toGenerate','2016-06-13 04:24:22','2016-06-18 14:28:09',NULL),('0e589df1ee70439e9af5a11e642dd1c7-low-68db0e163064409286056fe21f7f27ad','0e589df1ee70439e9af5a11e642dd1c7','68db0e163064409286056fe21f7f27ad',' 北京市脑卒中诊疗质量控制与改进中心','','1.脂代谢异常\n2.高血压、糖尿\n3.吸烟及吸烟环境\n4.家族史：一二级亲属罹患脑动脉粥样硬化\n5.肥胖\n6.高同型半胱氨酸\n','','脑动脉粥样硬化','low','age>=45','pending','toGenerate','2016-06-13 04:24:22','2016-06-18 14:28:09',NULL),('0e589df1ee70439e9af5a11e642dd1c7-low-7c77c03835cc41dda72c27028ecb7585','0e589df1ee70439e9af5a11e642dd1c7','7c77c03835cc41dda72c27028ecb7585',' 中华医学会外科学分会胆道外科学组','','1.是否患有胆囊结石2.是否有胆囊慢性炎症3.是否有胆囊息肉4.是否存在胆胰管汇合异常5.家族史：胆囊癌及胆囊结石家族史6.是否有胆道系统感染7.是否肥胖，是否有糖尿病8.','','胆囊癌','low','age>=50','pending','toGenerate','2016-06-13 04:24:22','2016-06-18 14:28:09',NULL),('0e589df1ee70439e9af5a11e642dd1c7-low-89932374522c4cc4979d2c1206949377','0e589df1ee70439e9af5a11e642dd1c7','89932374522c4cc4979d2c1206949377','中华医学会内分泌学分会(CSE,Chinese Society of Endocrinology)','','成年人 (>18岁)具有下列任何一个及以上的糖尿病高危因素，可定义为糖尿病高危人群：\r\n\r\n(1)年龄≥40岁；\r\n\r\n(2)既往有糖尿病前期病史；\r\n\r\n(3)超重、肥胖 (体重指数≥24 kg/m2)，男性腰围≥90cm,女性腰围≥85cm；\r\n\r\n(4)静坐的生活方式；\r\n\r\n(5)一级亲属中有2型糖尿病家族史；\r\n\r\n(6)有巨大儿 (出生体重≥4 kg)生产史，妊娠期显性糖尿病或妊娠糖尿病病史的妇女；\r\n\r\n(7)高血压 [收缩压≥140 mmHg (1mmHg=0.133kPa)和(或)舒张压≥90 mmHg]或正在接受降压治疗；\r\n\r\n(8)血脂异常(高密度脂蛋白胆固醇≤0.91mmol/L及甘油三酯≥2.22mmol/L，或正在接受调脂治疗)；\r\n\r\n(9)动脉粥样硬化性CCVD患者；\r\n\r\n(10)有一过性类固醇性糖尿病病史者；\r\n\r\n(11)多囊卵巢综合征患者；\r\n\r\n(12)严重精神病和 (或)长期接受抗抑郁症药物治疗的患者。','','成人2型糖尿病','low','age>=40','match','toRelease','2016-06-13 04:24:22','2016-06-18 14:28:09',NULL),('0e589df1ee70439e9af5a11e642dd1c7-low-8a2b68cc6b054aa7a40b5763f14cec28','0e589df1ee70439e9af5a11e642dd1c7','8a2b68cc6b054aa7a40b5763f14cec28','美国妇产科医师学会(ACOG,American College of Obstetricians and Gynecologists)','','1.人乳头瘤病毒感染；2.过早性生活；3.多个性伙伴；4.多产；5.丈夫婚外性行为；6.阴茎癌；7.社会经济条件差；8.营养不良；9.吸烟','21-29岁','宫颈癌','low','age>=21 and age<=29 and tag_hasSexBehavior=true','pending','toGenerate','2016-06-13 04:24:22','2016-06-18 14:28:09',NULL),('0e589df1ee70439e9af5a11e642dd1c7-low-9a1bac66a1b640c2b1e106ecd37797e9','0e589df1ee70439e9af5a11e642dd1c7','9a1bac66a1b640c2b1e106ecd37797e9',' 美国国家综合癌症网络(NCCN,National Comprehensive Cancer Network)','','1.年龄\r\n2.是否有肝硬化\r\n3.饮酒\r\n4.乙型肝炎病毒感染\r\n5.丙型肝炎病毒感染\r\n6.非酒精性脂肪肝\r\n7.α1-抗胰蛋白酶缺乏症病史\r\n8.四期原发性胆汁性肝硬化病史\r\n9.遗传性血色病病史','普通人群不推荐','肝癌','low','1=0','pending','toGenerate','2016-06-13 04:24:22','2016-06-18 14:28:09',NULL),('0e589df1ee70439e9af5a11e642dd1c7-low-a1ccc6a220a4465f964195c539c1d365','0e589df1ee70439e9af5a11e642dd1c7','a1ccc6a220a4465f964195c539c1d365','中国癌症筛查及早诊早治技术方案 人民卫生出版社','','1.地区：高发地区：鼻咽癌死亡率＞3/10万的地区（中国标化）：广东、广西、福建、湖南、江西\n2.家族史：有家族聚集倾向，一级亲属罹患过鼻咽癌的；\n3.喜食咸鱼、腌制食物的、长期接触甲醛的\n4.高镍环境（存疑）','','鼻咽癌','low','age>=30 and (locate(\'广东\',liveplace)>0 or locate(\'广西\',liveplace)>0 or locate(\'福建\',liveplace)>0 or locate(\'湖南\',liveplace)>0 or locate(\'江西\',liveplace)>0)','pending','toGenerate','2016-06-13 04:24:22','2016-06-18 14:28:09',NULL),('0e589df1ee70439e9af5a11e642dd1c7-low-a26efd48e9484b22b8bf7477f7656630','0e589df1ee70439e9af5a11e642dd1c7','a26efd48e9484b22b8bf7477f7656630','美国国家综合癌症网络(NCCN,National Comprehensive Cancer Network)','','1.年龄\r\n2.家族史（一级亲属罹患前列腺癌）','','前列腺癌','low','age>=45 and sex=\'男\'','pending','toGenerate','2016-06-13 04:24:22','2016-06-18 14:28:09',NULL),('0e589df1ee70439e9af5a11e642dd1c7-low-a5c0a4318fb547c7bcf015480b2ca8c4','0e589df1ee70439e9af5a11e642dd1c7','a5c0a4318fb547c7bcf015480b2ca8c4',' 中国抗癌协会乳腺癌专业委员会(CACA-CBCS,Chinese Anti-Cancer Association, Committee of Breast Cancer Society)','','确定性因素：1.年龄；2.性别；3.绝经后体重增加 BMI≥30kg/m2或增加10公斤；4.高身材，身高大于175cm；5.雌激素水平（高内源性雌激素水平）；6.骨密度（升高者发病率升高）；7.良性乳腺疾病史；8.长期使用外源性雌激素；9.初潮较早或绝经较晚；10.未产妇及首次初产年龄大于等于35岁；11.乳腺癌个人史；12.一级亲属罹患乳腺癌；13.饮酒；14.吸烟；15.夜班工作；16.暴露于治疗性电离辐射；17.是否哺乳；18.大豆/植物雌激素应用；19.体育锻炼；\n不确定性因素：未录入','无','乳腺癌','low','sex=\'女\' and (height>175 or height/weight/weight*10000>=24)','pending','toGenerate','2016-06-13 04:24:22','2016-06-18 14:28:09',NULL),('0e589df1ee70439e9af5a11e642dd1c7-low-aa5f7b61e93f4c0a8639e2b2d8b3a933','0e589df1ee70439e9af5a11e642dd1c7','aa5f7b61e93f4c0a8639e2b2d8b3a933','中华医学会外科学分会胰腺外科学组','','1.年龄；2.家族史；3.60岁以上突发糖尿病；4.慢性胰腺炎病史；5.吸烟；6.饮酒；7.肥胖；8.远端胃大部切除术病史（时间大于20年）；9.接触萘胺及苯类化合物者\r\n前驱症状：消化不良、恶性、脂肪泻、黄疸、疼痛、体重减轻','','胰腺癌','low','age>=40 and (tag_smoke_age>10 or height/weight/weight*10000>24)','pending','toGenerate','2016-06-13 04:24:22','2016-06-18 14:28:09',NULL),('0e589df1ee70439e9af5a11e642dd1c7-low-ae6bcb0679ba4b7f83ec6aca09757dd6','0e589df1ee70439e9af5a11e642dd1c7','ae6bcb0679ba4b7f83ec6aca09757dd6',' 中华人民共和国国家卫生和计划生育委员会(NHFPC,National Health and Family Planning Commission of China)','','1.高血压史（≥140/90 mmHg）或正在服用降压药物 \n2.房颤和（或）心脏瓣膜病等心脏病\n3.吸烟\n4.血脂异常\n5.糖尿病\n6.BMI大于26\n7.很少进行体育活动\n8.有卒中家族史','','颈动脉狭窄','low','locate(\'高血压\',sufferedDiseases)>0 or locate(\'房颤\',sufferedDiseases)>0 or locate(\'心脏\',sufferedDiseases)>0 or locate(\'糖尿病\',sufferedDiseases)>0 or tag_smoke_style!=\'no\'','match','toRelease','2016-06-13 04:24:22','2016-06-18 14:28:09',NULL),('0e589df1ee70439e9af5a11e642dd1c7-low-b324470469f449a883059bebbc195bea','0e589df1ee70439e9af5a11e642dd1c7','b324470469f449a883059bebbc195bea',' 中华医学会内镜学分会(CSDE,Chinese Society of Digestive Endoscopy) 中国抗癌协会(Chinese Anti-cancer Association) 中国抗癌协会肿瘤内镜专业委员会','','1.性别：\n2.年龄\n3.饮食：加盐腌制蔬菜或烟熏肉和鱼。\n4.吸烟\n5.治疗：接受过胃部手术。\n6.癌前疾病：慢性萎缩性胃炎、胃溃疡、胃息肉。\n7.家族肿瘤疾病史：包括家族胃癌史，遗传性非息肉性肠癌，家族性腺瘤性息肉等遗传性疾病等。\n8.恶性贫血。\n9.肥胖：超过正常体重20～25公斤\n10.经济状况：经济较差的地区，胃癌的发病率较高。\n11.是否有贫血、消瘦、消化道出血、呕吐、上腹部不适、上腹部肿块.来源:2013卫计委胃癌规范化诊疗指南（试行）','  男女不限，年龄大于等于40岁，满足一下任意一条：\n1.胃癌高发地区人群\n2.幽门螺旋杆菌感染感染\n3.既往患有慢性萎缩性胃炎等胃癌癌前病变\n4.一级亲属罹患胃癌\n5.存在胃癌其它高危因素（吸烟、重度饮酒、高盐、腌制饮食等）\n检查需同时进行','胃癌','low','age>=40 and (locate(\'幽门螺旋杆菌阳性\',sufferedDiseases)>0 or locate(\'salty\',tag_foodStyle)>0 or locate(\'smoked\',tag_foodStyle)>0 or locate(\'cured\',tag_foodStyle)>0 or tag_smoke_age>1 or locate(\'胃\',sufferedDiseases)>0 or locate(\'胃癌\',inheritDiseases)>0 or locate(\'腺瘤\',inheritDiseases)>0 or locate(\'肠癌\',inheritDiseases)>0)','pending','toGenerate','2016-06-13 04:24:22','2016-06-18 14:28:09',NULL),('0e589df1ee70439e9af5a11e642dd1c7-low-e00f9b2d6bee4dc7aeb0d821f8ac068d','0e589df1ee70439e9af5a11e642dd1c7','e00f9b2d6bee4dc7aeb0d821f8ac068d','中华医学会消化内镜学分会消化系早癌内镜诊断与治疗协作组,中华医学会消化病学分会消化道肿瘤协作组,中华医学会消化病学分会消化病理学组','','将55～74岁的一般风险人群、40～74岁的高风险人群以及家族史不详的人群作为内镜筛查的目标人群。\n①长期居住于食管鳞癌高发区；②一级亲属有食管鳞癌病史；③既往有食管病变史(食管上皮内瘤变)；④本人有癌症史；⑤长期吸烟史；⑥长期饮酒史；⑦有不良饮食习惯如进食快、热烫饮食、高盐饮食、进食腌菜者。','一般风险人群：无上述任意1条者。（鉴于现有国际国内指南均未推荐筛查频率，本项目拟定胃癌筛查频率进行）','食管癌','low','age>=40 and age<=74 and (locate(\'fast\',tag_foodStyle)>0 or locate(\'hot\',tag_foodStyle)>0 or locate(\'salty\',tag_foodStyle)>0)','pending','toGenerate','2016-06-13 04:24:22','2016-06-18 14:28:09',NULL),('229892530ce6441897cb7be5582fe84c-high-07e68dd1ea5f4f549eb813f80ca0a7b5','229892530ce6441897cb7be5582fe84c','07e68dd1ea5f4f549eb813f80ca0a7b5',' 中华人民共和国卫生部(MINISTRY OF HEALTH OF THE PEOPLE`S REPUBLIC OF CHINA)','','年龄\r\n备注：包含牙周疾病及口腔癌等','大于60岁，半年一次','龋齿','high','age>=60','dismatch','toGenerate','2016-06-13 04:24:22','2016-06-14 15:30:42',NULL),('229892530ce6441897cb7be5582fe84c-high-1cfc1f8ff2dc4049b2422177cd3b9040','229892530ce6441897cb7be5582fe84c','1cfc1f8ff2dc4049b2422177cd3b9040',' 美国国家综合癌症网络(NCCN,National Comprehensive Cancer Network)','','1.吸烟史\n2.氡暴露史\n3.职业暴露：砒霜、铬、石棉、镍、镉、铍、硅、柴油烟雾（吸烟可以叠加）\n4.一级亲属罹患肺癌\n5.COPD及肺纤维化病史\n6.报警症状','或年龄大于50岁，并且吸烟指数大于20支.年，或包含任意一条危险因素（见关注因素）','肺癌','high','age>50 and tag_smoke_quantity>=20','pending','toGenerate','2016-06-13 04:24:22','2016-06-14 15:30:42',NULL),('229892530ce6441897cb7be5582fe84c-high-365153d2e9e44bf0a15ec2fb25c97c31','229892530ce6441897cb7be5582fe84c','365153d2e9e44bf0a15ec2fb25c97c31',' 美国预防医学工作组(USPSTF,U.S. Preventive Services Task Force)','','1.性别\r\n2.年龄\r\n3.吸烟\r\n4.家族史（一级亲属罹患腹主动脉瘤）\r\n5.既往史（既往被诊断：血管瘤、心、脑血管疾病、动脉粥样硬化、高胆固醇血症、肥胖和高血压）','男性\r\n吸烟超过100只\r\n年龄大于65岁','腹主动脉瘤','high','sex=\'男\' and age>=65 and tag_smoke_style!=\'no\'','dismatch','toGenerate','2016-06-13 04:24:22','2016-06-14 15:30:42',NULL),('229892530ce6441897cb7be5582fe84c-high-3841703bd931482fb3bc425b4178b813','229892530ce6441897cb7be5582fe84c','3841703bd931482fb3bc425b4178b813',' 中华医学会内镜学分会(CSDE,Chinese Society of Digestive Endoscopy) 中华医学会消化病学分会(CSGE,Chinese Society Of Gastroenterology)','','1.年龄\r\n2.结直肠腺瘤、锯齿状息肉及结直肠癌病史\r\n3.非特异性肠炎病史\r\n4.阳性家族史（Lynch综合征病史、多发性错构瘤综合征病史等）\r\n5.大便隐血实验结果\r\n6.具有以下两项及两项以上者：①慢性便秘；②黏液血便；③慢性腹泻；④慢性阑尾炎或阑尾切除史；⑤精神刺激史；⑥体重指数 (BMI) ＞28 kg/m2；⑦吸烟指数大于400只/年；慢性胆囊炎及胆囊切除史；慢性便秘指近2年来便秘每年在2个月以上','1.有便血、黑便、体重减轻、贫血等报警症状的人群\n2.大于50岁，包含：结直肠腺瘤、锯齿状息肉及结直肠癌病史；非特异性肠炎病史；阳性家族史（Lynch综合征病史、多发性错构瘤综合征病史等）可以理解为一级亲属有结直肠癌病史；大便隐血实验结果阳性；具有以下两项及两项以上者：①慢性便秘；②黏液血便；③慢性腹泻；④慢性阑尾炎或阑尾切除史；⑤精神刺激史；⑥体重指数 (BMI) ＞28 kg/m2；⑦吸烟指数大于400只/年；慢性胆囊炎及胆囊切除史；慢性便秘指近2年来便秘每年在2个月以上','结直肠癌','high','age>=50 and (tag_smoke_quantity>1 or weight/height/height*10000>28)','pending','toGenerate','2016-06-13 04:24:22','2016-06-14 15:30:42',NULL),('229892530ce6441897cb7be5582fe84c-high-3d1776a7aa894ceca869b38cbc5245fe','229892530ce6441897cb7be5582fe84c','3d1776a7aa894ceca869b38cbc5245fe',' 中华人民共和国卫生部(MINISTRY OF HEALTH OF THE PEOPLE`S REPUBLIC OF CHINA)','','年龄','年龄大于等于60岁','牙周病','high','age>=60','pending','toGenerate','2016-06-13 04:24:22','2016-06-14 15:30:42',NULL),('229892530ce6441897cb7be5582fe84c-high-40c2f59a7b2c4b50937da37b2b9f7919','229892530ce6441897cb7be5582fe84c','40c2f59a7b2c4b50937da37b2b9f7919',' 中华医学会心血管病学分会(Chinese Society of Cardiology)','','既往史：先天性心脏病、结缔组织病、HIV感染、减肥药物治疗史、肝病及贫血\n个人史：职业解除如印刷厂或加油站工人接触油类物品、HIV感染、男-男同性恋、吸毒及染发剂接触	婚育史：女性是否有习惯性流产、男性需了解直系女性亲属是否有习惯性流产	\n家族史：是否有诊断肺动脉高压或先心病史\n','既往史：先天性心脏病、结缔组织病、HIV感染、减肥药物治疗史、肝病及贫血\n个人史：职业解除如印刷厂或加油站工人接触油类物品、HIV感染、男-男同性恋、吸毒及染发剂接触	婚育史：女性是否有习惯性流产、男性需了解直系女性亲属是否有习惯性流产	\n家族史：是否有诊断肺动脉高压或先心病史\n胸部影像学检测提示有右心脏增大及肺动脉增粗表现\n如有非特异性临床表现和体征可更考虑疑诊','肺动脉高压','high','(locate(\'先天性心脏病\',sufferedDiseases)>0 or locate(\'HIV感染\',sufferedDiseases)>0 or locate(\'肝病\',sufferedDiseases)>0 or locate(\'贫血\',sufferedDiseases)>0 or locate(\'结缔组织病\',sufferedDiseases)>0 or locate(\'先天性心脏病\',inheritDiseases)>0)','pending','toGenerate','2016-06-13 04:24:22','2016-06-14 15:30:42',NULL),('229892530ce6441897cb7be5582fe84c-high-54cf2c7cb40c4d538f700e731894495e','229892530ce6441897cb7be5582fe84c','54cf2c7cb40c4d538f700e731894495e',' 中华人民共和国国家卫生和计划生育委员会(NHFPC,National Health and Family Planning Commission of China)','','HCV感染高危人群，包括： \r\na) 有静脉药瘾史者； \r\nb) 有职业或其他原因（纹身、穿孔、针灸等）所致的针刺伤史者； \r\nc) 有医源性暴露史，包括手术、透析、不洁口腔诊疗操作、器官或组织移植者； \r\nd） 有高危性行为史，如多个性伴、男男同性恋者； \r\ne) HCV感染者的性伴及家庭成员； \r\nf) HIV感染者及其性伴； \r\ng) HCV感染母亲所生的子女； \r\nh) 破损皮肤和赫膜被HCV感染者血液污染者； \r\ni) 有输血或应用血液制品史者（主要是1993年前有过输血或应用血制品者） \r\nj) 1996年前的供血浆者。 ','HCV感染高危人群，包括： \na) 有静脉药瘾史者； \nb) 有职业或其他原因（纹身、穿孔、针灸等）所致的针刺伤史者； \nc) 有医源性暴露史，包括手术、透析、不洁口腔诊疗操作、器官或组织移植者； \nd） 有高危性行为史，如多个性伴、男男同性恋者； \ne) HCV感染者的性伴及家庭成员； \nf) HIV感染者及其性伴； \ng) HCV感染母亲所生的子女； \nh) 破损皮肤和赫膜被HCV感染者血液污染者； \ni) 有输血或应用血液制品史者（主要是1993年前有过输血或应用血制品者） \nj) 1996年前的供血浆者。 ','丙型病毒性肝炎','high','tag_sexHomosex=true or tag_sexBehaviorStyle=\'highrisk\' or locate(\'HCV\',inheritDiseases)>0','pending','toGenerate','2016-06-13 04:24:22','2016-06-14 15:30:42',NULL),('229892530ce6441897cb7be5582fe84c-high-56f55df13386472c98df5a082a3ec9ae','229892530ce6441897cb7be5582fe84c','56f55df13386472c98df5a082a3ec9ae',' 美国预防医学工作组(USPSTF,U.S. Preventive Services Task Force)','','1.血压在正常高值者（130-139/85-89 mmHg）\r\n2.BMI大于24\r\n3.腹型肥胖：男性腰围大于90cm，女性大于85cm\r\n4.家族史（一、二级亲属罹患高血压）\r\n5.长期高盐饮食\r\n6.长期饮酒，日均大于等于100ml（2两）\r\n来源于（中国高血压基层管理指南（2014年修订版））','≥40岁的成人，血压在正常高值者（130-139/85-89 mmHg）、超重或肥胖者。','高血压','high','age>=40 and weight/height/height*10000>=24','pending','toGenerate','2016-06-13 04:24:22','2016-06-14 15:30:42',NULL),('229892530ce6441897cb7be5582fe84c-high-68db0e163064409286056fe21f7f27ad','229892530ce6441897cb7be5582fe84c','68db0e163064409286056fe21f7f27ad',' 北京市脑卒中诊疗质量控制与改进中心','','1.脂代谢异常\n2.高血压、糖尿\n3.吸烟及吸烟环境\n4.家族史：一二级亲属罹患脑动脉粥样硬化\n5.肥胖\n6.高同型半胱氨酸\n','大于45岁，包含一下一项或以上：1.高胆固醇或高甘油三酯血症；2.高血压；3.糖尿病；4.吸烟；5.家族史；6.大量饮酒；7.肥胖及不良饮食习惯（高热量、高脂肪）；8.缺乏规律有氧运动；9.被诊断高同型半胱氨酸','脑动脉粥样硬化','high','age>=45 and (locate(\'高血压\',sufferedDiseases)>0 or locate(\'糖尿病\',sufferedDiseases)>0 or locate(\'脑动脉粥样硬化\',inheritDiseases)>0)','pending','toGenerate','2016-06-13 04:24:22','2016-06-14 15:30:42',NULL),('229892530ce6441897cb7be5582fe84c-high-7c77c03835cc41dda72c27028ecb7585','229892530ce6441897cb7be5582fe84c','7c77c03835cc41dda72c27028ecb7585',' 中华医学会外科学分会胆道外科学组','','1.是否患有胆囊结石2.是否有胆囊慢性炎症3.是否有胆囊息肉4.是否存在胆胰管汇合异常5.家族史：胆囊癌及胆囊结石家族史6.是否有胆道系统感染7.是否肥胖，是否有糖尿病8.','(1)胆囊息肉；(2)年龄超过50岁，特别是女性；(3)肥胖症；(4)有胆石症或胆囊癌家族史。','胆囊癌','high','locate(\'胆囊息肉\',sufferedDiseases)>0 or (age>=50 and sex=\'女\') or locate(\'肥胖\',sufferedDiseases)>0 or locate(\'胆结石\',inheritDiseases)>0 or locate(\'胆囊癌\',inheritDiseases)>0','pending','toGenerate','2016-06-13 04:24:22','2016-06-14 15:30:42',NULL),('229892530ce6441897cb7be5582fe84c-high-89932374522c4cc4979d2c1206949377','229892530ce6441897cb7be5582fe84c','89932374522c4cc4979d2c1206949377','中华医学会内分泌学分会(CSE,Chinese Society of Endocrinology)','','成年人 (>18岁)具有下列任何一个及以上的糖尿病高危因素，可定义为糖尿病高危人群：\r\n\r\n(1)年龄≥40岁；\r\n\r\n(2)既往有糖尿病前期病史；\r\n\r\n(3)超重、肥胖 (体重指数≥24 kg/m2)，男性腰围≥90cm,女性腰围≥85cm；\r\n\r\n(4)静坐的生活方式；\r\n\r\n(5)一级亲属中有2型糖尿病家族史；\r\n\r\n(6)有巨大儿 (出生体重≥4 kg)生产史，妊娠期显性糖尿病或妊娠糖尿病病史的妇女；\r\n\r\n(7)高血压 [收缩压≥140 mmHg (1mmHg=0.133kPa)和(或)舒张压≥90 mmHg]或正在接受降压治疗；\r\n\r\n(8)血脂异常(高密度脂蛋白胆固醇≤0.91mmol/L及甘油三酯≥2.22mmol/L，或正在接受调脂治疗)；\r\n\r\n(9)动脉粥样硬化性CCVD患者；\r\n\r\n(10)有一过性类固醇性糖尿病病史者；\r\n\r\n(11)多囊卵巢综合征患者；\r\n\r\n(12)严重精神病和 (或)长期接受抗抑郁症药物治疗的患者。','成年人 (>18岁)具有下列任何一个及以上的糖尿病高危因素，可定义为糖尿病高危人群：\n\n(1)年龄≥40岁；\n\n(2)既往有糖尿病前期病史；\n\n(3)超重、肥胖 (体重指数≥24 kg/m2)，男性腰围≥90cm,女性腰围≥85cm；\n\n(4)静坐的生活方式；\n\n(5)一级亲属中有2型糖尿病家族史；\n\n(6)有巨大儿 (出生体重≥4 kg)生产史，妊娠期显性糖尿病或妊娠糖尿病病史的妇女；\n\n(7)高血压 [收缩压≥140 mmHg (1mmHg=0.133kPa)和(或)舒张压≥90 mmHg]或正在接受降压治疗；\n\n(8)血脂异常(高密度脂蛋白胆固醇≤0.91mmol/L及甘油三酯≥2.22mmol/L，或正在接受调脂治疗)；\n\n(9)动脉粥样硬化性CCVD患者；\n\n(10)有一过性类固醇性糖尿病病史者；\n\n(11)多囊卵巢综合征患者；\n\n(12)严重精神病和 (或)长期接受抗抑郁症药物治疗的患者。','成人2型糖尿病','high','age>=40 and (weight/height/height*10000>=24 or  locate(\'糖尿病\',inheritDiseases)>0 or locate(\'动脉粥样硬化\',sufferedDiseases)>0 or locate(\'一过性类固醇糖尿病\',sufferedDiseases)>0 or locate(\'多囊卵巢综合症\',sufferedDiseases))','pending','toGenerate','2016-06-13 04:24:22','2016-06-14 15:30:42',NULL),('229892530ce6441897cb7be5582fe84c-high-8a2b68cc6b054aa7a40b5763f14cec28','229892530ce6441897cb7be5582fe84c','8a2b68cc6b054aa7a40b5763f14cec28','美国妇产科医师学会(ACOG,American College of Obstetricians and Gynecologists)','','1.人乳头瘤病毒感染；2.过早性生活；3.多个性伙伴；4.多产；5.丈夫婚外性行为；6.阴茎癌；7.社会经济条件差；8.营养不良；9.吸烟','1.大于等于21岁\r\n2.有性行为','宫颈癌','high','age>=21 and tag_hasSexBehavior=true and (tag_sexParterners>1 or tag_sexBehaviorStyle=\'highrisk\')','dismatch','toGenerate','2016-06-13 04:24:22','2016-06-14 15:30:42',NULL),('229892530ce6441897cb7be5582fe84c-high-9a1bac66a1b640c2b1e106ecd37797e9','229892530ce6441897cb7be5582fe84c','9a1bac66a1b640c2b1e106ecd37797e9',' 美国国家综合癌症网络(NCCN,National Comprehensive Cancer Network)','','1.年龄\r\n2.是否有肝硬化\r\n3.饮酒\r\n4.乙型肝炎病毒感染\r\n5.丙型肝炎病毒感染\r\n6.非酒精性脂肪肝\r\n7.α1-抗胰蛋白酶缺乏症病史\r\n8.四期原发性胆汁性肝硬化病史\r\n9.遗传性血色病病史','1.各种原因导致的肝硬化患者\r\n2.乙肝携带者，男性大于等于40岁，女性大于等于50岁','肝癌','high','((age>=40 and sex=\'男\') or (age>=50 and sex=\'女\'))and locate(\'乙肝\',sufferedDiseases)>0','pending','toGenerate','2016-06-13 04:24:22','2016-06-14 15:30:42',NULL),('229892530ce6441897cb7be5582fe84c-high-a1ccc6a220a4465f964195c539c1d365','229892530ce6441897cb7be5582fe84c','a1ccc6a220a4465f964195c539c1d365','中国癌症筛查及早诊早治技术方案 人民卫生出版社','','1.地区：高发地区：鼻咽癌死亡率＞3/10万的地区（中国标化）：广东、广西、福建、湖南、江西\n2.家族史：有家族聚集倾向，一级亲属罹患过鼻咽癌的；\n3.喜食咸鱼、腌制食物的、长期接触甲醛的\n4.高镍环境（存疑）','满足2和或3-4 条\r\n年龄大于等于30岁','鼻咽癌','high','age>=30 and (locate(\'鼻咽癌\',inheritDiseases)>0 or locate(\'salty\',tag_foodStyle)>0)','pending','toGenerate','2016-06-13 04:24:22','2016-06-14 15:30:42',NULL),('229892530ce6441897cb7be5582fe84c-high-a26efd48e9484b22b8bf7477f7656630','229892530ce6441897cb7be5582fe84c','a26efd48e9484b22b8bf7477f7656630','美国国家综合癌症网络(NCCN,National Comprehensive Cancer Network)','','1.年龄\r\n2.家族史（一级亲属罹患前列腺癌）','年龄大于等于45岁','前列腺癌','high','age>=45 and sex=\'男\' and locate(\'前列腺癌\',inheritDiseases)>0','pending','toGenerate','2016-06-13 04:24:22','2016-06-14 15:30:42',NULL),('229892530ce6441897cb7be5582fe84c-high-a5c0a4318fb547c7bcf015480b2ca8c4','229892530ce6441897cb7be5582fe84c','a5c0a4318fb547c7bcf015480b2ca8c4',' 中国抗癌协会乳腺癌专业委员会(CACA-CBCS,Chinese Anti-Cancer Association, Committee of Breast Cancer Society)','','确定性因素：1.年龄；2.性别；3.绝经后体重增加 BMI≥30kg/m2或增加10公斤；4.高身材，身高大于175cm；5.雌激素水平（高内源性雌激素水平）；6.骨密度（升高者发病率升高）；7.良性乳腺疾病史；8.长期使用外源性雌激素；9.初潮较早或绝经较晚；10.未产妇及首次初产年龄大于等于35岁；11.乳腺癌个人史；12.一级亲属罹患乳腺癌；13.饮酒；14.吸烟；15.夜班工作；16.暴露于治疗性电离辐射；17.是否哺乳；18.大豆/植物雌激素应用；19.体育锻炼；\n不确定性因素：未录入','1.有明显的乳腺癌遗传倾向者\r\n2.既往有乳腺良恶性疾病患者\r\n3.既往行胸部放疗','乳腺癌','high','sex=\'女\' and (locate(\'乳腺\',sufferedDiseases)>0 or locate(\'乳腺\',inheritDiseases)>0 or height>175 or height/weight/weight*10000>=24)','dismatch','toGenerate','2016-06-13 04:24:22','2016-06-14 15:30:42',NULL),('229892530ce6441897cb7be5582fe84c-high-aa5f7b61e93f4c0a8639e2b2d8b3a933','229892530ce6441897cb7be5582fe84c','aa5f7b61e93f4c0a8639e2b2d8b3a933','中华医学会外科学分会胰腺外科学组','','1.年龄；2.家族史；3.60岁以上突发糖尿病；4.慢性胰腺炎病史；5.吸烟；6.饮酒；7.肥胖；8.远端胃大部切除术病史（时间大于20年）；9.接触萘胺及苯类化合物者\r\n前驱症状：消化不良、恶性、脂肪泻、黄疸、疼痛、体重减轻','1.年龄大于40岁，有非特异性上腹部不适症状；\n2.一级亲属有罹患胰腺癌\n3.年龄大于60岁，突发糖尿病，缺乏家族史，低体重指数，很快形成胰岛素抵抗\n4.慢性胰腺炎病史：特别是遗传性胰腺炎病史\n5.良性病变行远端胃大部切除术者，特别是术后20年以上人群\n6.导管内乳头状粘液瘤患者\n7.FAP 家族性腺瘤息肉病患者\n8.长期吸烟\n9.大量饮酒\n10.体重超重\n11.黑斑息肉综合征病史\n12.家族性恶性黑色素瘤病史','胰腺癌','high','(age>=40 and locate(\'胰腺癌\',inheritDiseases)>0 or locate(\'胰腺\',sufferedDiseases)>0) or (locate(\'突发性糖尿病\',sufferedDiseases)>0 and age>=60)','pending','toGenerate','2016-06-13 04:24:22','2016-06-14 15:30:42',NULL),('229892530ce6441897cb7be5582fe84c-high-ae6bcb0679ba4b7f83ec6aca09757dd6','229892530ce6441897cb7be5582fe84c','ae6bcb0679ba4b7f83ec6aca09757dd6',' 中华人民共和国国家卫生和计划生育委员会(NHFPC,National Health and Family Planning Commission of China)','','1.高血压史（≥140/90 mmHg）或正在服用降压药物 \n2.房颤和（或）心脏瓣膜病等心脏病\n3.吸烟\n4.血脂异常\n5.糖尿病\n6.BMI大于26\n7.很少进行体育活动\n8.有卒中家族史','1.以上8条满足3条\r\n2.既往有缺血性脑卒中病史或短暂性脑缺血发作病史','颈动脉狭窄','high','(locate(\'高血压\',sufferedDiseases)>0 or locate(\'房颤\',sufferedDiseases)>0 or locate(\'心脏\',sufferedDiseases)>0 or locate(\'糖尿病\',sufferedDiseases)>0 or tag_smoke_style!=\'no\') and (locate(\'脑卒中\',sufferedDiseases)>0 or locate(\'脑缺血\',sufferedDiseases)>0)','pending','toGenerate','2016-06-13 04:24:22','2016-06-14 15:30:42',NULL),('229892530ce6441897cb7be5582fe84c-high-b324470469f449a883059bebbc195bea','229892530ce6441897cb7be5582fe84c','b324470469f449a883059bebbc195bea',' 中华医学会内镜学分会(CSDE,Chinese Society of Digestive Endoscopy) 中国抗癌协会(Chinese Anti-cancer Association) 中国抗癌协会肿瘤内镜专业委员会','','1.性别：\n2.年龄\n3.饮食：加盐腌制蔬菜或烟熏肉和鱼。\n4.吸烟\n5.治疗：接受过胃部手术。\n6.癌前疾病：慢性萎缩性胃炎、胃溃疡、胃息肉。\n7.家族肿瘤疾病史：包括家族胃癌史，遗传性非息肉性肠癌，家族性腺瘤性息肉等遗传性疾病等。\n8.恶性贫血。\n9.肥胖：超过正常体重20～25公斤\n10.经济状况：经济较差的地区，胃癌的发病率较高。\n11.是否有贫血、消瘦、消化道出血、呕吐、上腹部不适、上腹部肿块.来源:2013卫计委胃癌规范化诊疗指南（试行）','1.幽门螺旋杆菌+，萎缩性胃炎-\n2.幽门螺旋杆菌+，萎缩性胃炎+\n3.幽门螺旋杆菌-，萎缩性胃炎-\n4.幽门螺旋杆菌-，萎缩性胃炎-按照一般人群处理','胃癌','high','locate(\'幽门螺旋杆菌阳性\',sufferedDiseases)>0 and (locate(\'salty\',tag_foodStyle)>0 or locate(\'smoked\',tag_foodStyle)>0 or locate(\'cured\',tag_foodStyle)>0 or tag_smoke_age>1 or locate(\'胃\',sufferedDiseases)>0 or locate(\'胃癌\',inheritDiseases)>0 or locate(\'腺瘤\',inheritDiseases)>0 or locate(\'肠癌\',inheritDiseases)>0)','dismatch','toGenerate','2016-06-13 04:24:22','2016-06-14 15:30:42',NULL),('229892530ce6441897cb7be5582fe84c-high-e00f9b2d6bee4dc7aeb0d821f8ac068d','229892530ce6441897cb7be5582fe84c','e00f9b2d6bee4dc7aeb0d821f8ac068d','中华医学会消化内镜学分会消化系早癌内镜诊断与治疗协作组,中华医学会消化病学分会消化道肿瘤协作组,中华医学会消化病学分会消化病理学组','','将55～74岁的一般风险人群、40～74岁的高风险人群以及家族史不详的人群作为内镜筛查的目标人群。\n①长期居住于食管鳞癌高发区；②一级亲属有食管鳞癌病史；③既往有食管病变史(食管上皮内瘤变)；④本人有癌症史；⑤长期吸烟史；⑥长期饮酒史；⑦有不良饮食习惯如进食快、热烫饮食、高盐饮食、进食腌菜者。','有以上任意1条者视为高危人群（鉴于现有国际国内指南均未推荐筛查频率，本项目拟定胃癌筛查频率进行）','食管癌','high','age>=55 and age<=74 and (locate(\'食管鳞癌\',inheritDiseases)>0  or locate(\'食管\',sufferedDiseases)>0 or locate(\'癌\',sufferedDiseases)>0 or tag_smoke_age>=10 or locate(\'fast\',tag_foodStyle)>0 or locate(\'hot\',tag_foodStyle)>0 or locate(\'salty\',tag_foodStyle)>0)','pending','toGenerate','2016-06-13 04:24:22','2016-06-14 15:30:42',NULL),('229892530ce6441897cb7be5582fe84c-low-07e68dd1ea5f4f549eb813f80ca0a7b5','229892530ce6441897cb7be5582fe84c','07e68dd1ea5f4f549eb813f80ca0a7b5',' 中华人民共和国卫生部(MINISTRY OF HEALTH OF THE PEOPLE`S REPUBLIC OF CHINA)','','年龄\r\n备注：包含牙周疾病及口腔癌等','大于18岁小于60岁，每年一次','龋齿','low','age>=18 and age<60','done','toGenerate','2016-06-13 04:24:22','2016-06-14 15:30:42',NULL),('229892530ce6441897cb7be5582fe84c-low-1cfc1f8ff2dc4049b2422177cd3b9040','229892530ce6441897cb7be5582fe84c','1cfc1f8ff2dc4049b2422177cd3b9040',' 美国国家综合癌症网络(NCCN,National Comprehensive Cancer Network)','','1.吸烟史\n2.氡暴露史\n3.职业暴露：砒霜、铬、石棉、镍、镉、铍、硅、柴油烟雾（吸烟可以叠加）\n4.一级亲属罹患肺癌\n5.COPD及肺纤维化病史\n6.报警症状','年龄大于等于55岁，并且吸烟指数大于30支.年，戒烟时间小于15年','肺癌','low','age>=55 and tag_smoke_quantity>=30','pending','toGenerate','2016-06-13 04:24:22','2016-06-14 15:30:42',NULL),('229892530ce6441897cb7be5582fe84c-low-365153d2e9e44bf0a15ec2fb25c97c31','229892530ce6441897cb7be5582fe84c','365153d2e9e44bf0a15ec2fb25c97c31',' 美国预防医学工作组(USPSTF,U.S. Preventive Services Task Force)','','1.性别\r\n2.年龄\r\n3.吸烟\r\n4.家族史（一级亲属罹患腹主动脉瘤）\r\n5.既往史（既往被诊断：血管瘤、心、脑血管疾病、动脉粥样硬化、高胆固醇血症、肥胖和高血压）','未吸烟男性，但包含以上危险因素','腹主动脉瘤','low','sex=\'男\' and tag_smoke_style=\'low\'','dismatch','toGenerate','2016-06-13 04:24:22','2016-06-14 15:30:42',NULL),('229892530ce6441897cb7be5582fe84c-low-3841703bd931482fb3bc425b4178b813','229892530ce6441897cb7be5582fe84c','3841703bd931482fb3bc425b4178b813',' 中华医学会内镜学分会(CSDE,Chinese Society of Digestive Endoscopy) 中华医学会消化病学分会(CSGE,Chinese Society Of Gastroenterology)','','1.年龄\r\n2.结直肠腺瘤、锯齿状息肉及结直肠癌病史\r\n3.非特异性肠炎病史\r\n4.阳性家族史（Lynch综合征病史、多发性错构瘤综合征病史等）\r\n5.大便隐血实验结果\r\n6.具有以下两项及两项以上者：①慢性便秘；②黏液血便；③慢性腹泻；④慢性阑尾炎或阑尾切除史；⑤精神刺激史；⑥体重指数 (BMI) ＞28 kg/m2；⑦吸烟指数大于400只/年；慢性胆囊炎及胆囊切除史；慢性便秘指近2年来便秘每年在2个月以上','年龄大于等于50岁，无以上危险因素','结直肠癌','low','age>=50','pending','toGenerate','2016-06-13 04:24:22','2016-06-14 15:30:42',NULL),('229892530ce6441897cb7be5582fe84c-low-3d1776a7aa894ceca869b38cbc5245fe','229892530ce6441897cb7be5582fe84c','3d1776a7aa894ceca869b38cbc5245fe',' 中华人民共和国卫生部(MINISTRY OF HEALTH OF THE PEOPLE`S REPUBLIC OF CHINA)','','年龄','大于18岁，小于60岁','牙周病','low','age>18 and age<60','pending','toGenerate','2016-06-13 04:24:22','2016-06-14 15:30:42',NULL),('229892530ce6441897cb7be5582fe84c-low-40c2f59a7b2c4b50937da37b2b9f7919','229892530ce6441897cb7be5582fe84c','40c2f59a7b2c4b50937da37b2b9f7919',' 中华医学会心血管病学分会(Chinese Society of Cardiology)','','既往史：先天性心脏病、结缔组织病、HIV感染、减肥药物治疗史、肝病及贫血\n个人史：职业解除如印刷厂或加油站工人接触油类物品、HIV感染、男-男同性恋、吸毒及染发剂接触	婚育史：女性是否有习惯性流产、男性需了解直系女性亲属是否有习惯性流产	\n家族史：是否有诊断肺动脉高压或先心病史\n','','肺动脉高压','low','1=0','pending','toGenerate','2016-06-13 04:24:22','2016-06-14 15:30:42',NULL),('229892530ce6441897cb7be5582fe84c-low-54cf2c7cb40c4d538f700e731894495e','229892530ce6441897cb7be5582fe84c','54cf2c7cb40c4d538f700e731894495e',' 中华人民共和国国家卫生和计划生育委员会(NHFPC,National Health and Family Planning Commission of China)','','HCV感染高危人群，包括： \r\na) 有静脉药瘾史者； \r\nb) 有职业或其他原因（纹身、穿孔、针灸等）所致的针刺伤史者； \r\nc) 有医源性暴露史，包括手术、透析、不洁口腔诊疗操作、器官或组织移植者； \r\nd） 有高危性行为史，如多个性伴、男男同性恋者； \r\ne) HCV感染者的性伴及家庭成员； \r\nf) HIV感染者及其性伴； \r\ng) HCV感染母亲所生的子女； \r\nh) 破损皮肤和赫膜被HCV感染者血液污染者； \r\ni) 有输血或应用血液制品史者（主要是1993年前有过输血或应用血制品者） \r\nj) 1996年前的供血浆者。 ','持续性血液透析者','丙型病毒性肝炎','low','locate(\'血液透析\',sufferedDiseases)>0','pending','toGenerate','2016-06-13 04:24:22','2016-06-14 15:30:42',NULL),('229892530ce6441897cb7be5582fe84c-low-56f55df13386472c98df5a082a3ec9ae','229892530ce6441897cb7be5582fe84c','56f55df13386472c98df5a082a3ec9ae',' 美国预防医学工作组(USPSTF,U.S. Preventive Services Task Force)','','1.血压在正常高值者（130-139/85-89 mmHg）\r\n2.BMI大于24\r\n3.腹型肥胖：男性腰围大于90cm，女性大于85cm\r\n4.家族史（一、二级亲属罹患高血压）\r\n5.长期高盐饮食\r\n6.长期饮酒，日均大于等于100ml（2两）\r\n来源于（中国高血压基层管理指南（2014年修订版））','18-39岁、血压正常（<130/85 mmHg）且没有危险因素。','高血压','low','age>=18 and age<40 and weight/height/height*10000<24','done','toRelease','2016-06-13 04:24:22','2016-06-14 15:30:42',NULL),('229892530ce6441897cb7be5582fe84c-low-68db0e163064409286056fe21f7f27ad','229892530ce6441897cb7be5582fe84c','68db0e163064409286056fe21f7f27ad',' 北京市脑卒中诊疗质量控制与改进中心','','1.脂代谢异常\n2.高血压、糖尿\n3.吸烟及吸烟环境\n4.家族史：一二级亲属罹患脑动脉粥样硬化\n5.肥胖\n6.高同型半胱氨酸\n','','脑动脉粥样硬化','low','age>=45','dismatch','toGenerate','2016-06-13 04:24:22','2016-06-14 15:30:42',NULL),('229892530ce6441897cb7be5582fe84c-low-7c77c03835cc41dda72c27028ecb7585','229892530ce6441897cb7be5582fe84c','7c77c03835cc41dda72c27028ecb7585',' 中华医学会外科学分会胆道外科学组','','1.是否患有胆囊结石2.是否有胆囊慢性炎症3.是否有胆囊息肉4.是否存在胆胰管汇合异常5.家族史：胆囊癌及胆囊结石家族史6.是否有胆道系统感染7.是否肥胖，是否有糖尿病8.','','胆囊癌','low','age>=50','pending','toGenerate','2016-06-13 04:24:22','2016-06-14 15:30:42',NULL),('229892530ce6441897cb7be5582fe84c-low-89932374522c4cc4979d2c1206949377','229892530ce6441897cb7be5582fe84c','89932374522c4cc4979d2c1206949377','中华医学会内分泌学分会(CSE,Chinese Society of Endocrinology)','','成年人 (>18岁)具有下列任何一个及以上的糖尿病高危因素，可定义为糖尿病高危人群：\r\n\r\n(1)年龄≥40岁；\r\n\r\n(2)既往有糖尿病前期病史；\r\n\r\n(3)超重、肥胖 (体重指数≥24 kg/m2)，男性腰围≥90cm,女性腰围≥85cm；\r\n\r\n(4)静坐的生活方式；\r\n\r\n(5)一级亲属中有2型糖尿病家族史；\r\n\r\n(6)有巨大儿 (出生体重≥4 kg)生产史，妊娠期显性糖尿病或妊娠糖尿病病史的妇女；\r\n\r\n(7)高血压 [收缩压≥140 mmHg (1mmHg=0.133kPa)和(或)舒张压≥90 mmHg]或正在接受降压治疗；\r\n\r\n(8)血脂异常(高密度脂蛋白胆固醇≤0.91mmol/L及甘油三酯≥2.22mmol/L，或正在接受调脂治疗)；\r\n\r\n(9)动脉粥样硬化性CCVD患者；\r\n\r\n(10)有一过性类固醇性糖尿病病史者；\r\n\r\n(11)多囊卵巢综合征患者；\r\n\r\n(12)严重精神病和 (或)长期接受抗抑郁症药物治疗的患者。','','成人2型糖尿病','low','age>=40','pending','toGenerate','2016-06-13 04:24:22','2016-06-14 15:30:42',NULL),('229892530ce6441897cb7be5582fe84c-low-8a2b68cc6b054aa7a40b5763f14cec28','229892530ce6441897cb7be5582fe84c','8a2b68cc6b054aa7a40b5763f14cec28','美国妇产科医师学会(ACOG,American College of Obstetricians and Gynecologists)','','1.人乳头瘤病毒感染；2.过早性生活；3.多个性伙伴；4.多产；5.丈夫婚外性行为；6.阴茎癌；7.社会经济条件差；8.营养不良；9.吸烟','21-29岁','宫颈癌','low','age>=21 and age<=29 and tag_hasSexBehavior=true','pending','toGenerate','2016-06-13 04:24:22','2016-06-14 15:30:42',NULL),('229892530ce6441897cb7be5582fe84c-low-9a1bac66a1b640c2b1e106ecd37797e9','229892530ce6441897cb7be5582fe84c','9a1bac66a1b640c2b1e106ecd37797e9',' 美国国家综合癌症网络(NCCN,National Comprehensive Cancer Network)','','1.年龄\r\n2.是否有肝硬化\r\n3.饮酒\r\n4.乙型肝炎病毒感染\r\n5.丙型肝炎病毒感染\r\n6.非酒精性脂肪肝\r\n7.α1-抗胰蛋白酶缺乏症病史\r\n8.四期原发性胆汁性肝硬化病史\r\n9.遗传性血色病病史','普通人群不推荐','肝癌','low','1=0','pending','toGenerate','2016-06-13 04:24:22','2016-06-14 15:30:42',NULL),('229892530ce6441897cb7be5582fe84c-low-a1ccc6a220a4465f964195c539c1d365','229892530ce6441897cb7be5582fe84c','a1ccc6a220a4465f964195c539c1d365','中国癌症筛查及早诊早治技术方案 人民卫生出版社','','1.地区：高发地区：鼻咽癌死亡率＞3/10万的地区（中国标化）：广东、广西、福建、湖南、江西\n2.家族史：有家族聚集倾向，一级亲属罹患过鼻咽癌的；\n3.喜食咸鱼、腌制食物的、长期接触甲醛的\n4.高镍环境（存疑）','','鼻咽癌','low','age>=30 and (locate(\'广东\',liveplace)>0 or locate(\'广西\',liveplace)>0 or locate(\'福建\',liveplace)>0 or locate(\'湖南\',liveplace)>0 or locate(\'江西\',liveplace)>0)','dismatch','toGenerate','2016-06-13 04:24:22','2016-06-14 15:30:42',NULL),('229892530ce6441897cb7be5582fe84c-low-a26efd48e9484b22b8bf7477f7656630','229892530ce6441897cb7be5582fe84c','a26efd48e9484b22b8bf7477f7656630','美国国家综合癌症网络(NCCN,National Comprehensive Cancer Network)','','1.年龄\r\n2.家族史（一级亲属罹患前列腺癌）','','前列腺癌','low','age>=45 and sex=\'男\'','pending','toGenerate','2016-06-13 04:24:22','2016-06-14 15:30:42',NULL),('229892530ce6441897cb7be5582fe84c-low-a5c0a4318fb547c7bcf015480b2ca8c4','229892530ce6441897cb7be5582fe84c','a5c0a4318fb547c7bcf015480b2ca8c4',' 中国抗癌协会乳腺癌专业委员会(CACA-CBCS,Chinese Anti-Cancer Association, Committee of Breast Cancer Society)','','确定性因素：1.年龄；2.性别；3.绝经后体重增加 BMI≥30kg/m2或增加10公斤；4.高身材，身高大于175cm；5.雌激素水平（高内源性雌激素水平）；6.骨密度（升高者发病率升高）；7.良性乳腺疾病史；8.长期使用外源性雌激素；9.初潮较早或绝经较晚；10.未产妇及首次初产年龄大于等于35岁；11.乳腺癌个人史；12.一级亲属罹患乳腺癌；13.饮酒；14.吸烟；15.夜班工作；16.暴露于治疗性电离辐射；17.是否哺乳；18.大豆/植物雌激素应用；19.体育锻炼；\n不确定性因素：未录入','无','乳腺癌','low','sex=\'女\' and (height>175 or height/weight/weight*10000>=24)','pending','toGenerate','2016-06-13 04:24:22','2016-06-14 15:30:42',NULL),('229892530ce6441897cb7be5582fe84c-low-aa5f7b61e93f4c0a8639e2b2d8b3a933','229892530ce6441897cb7be5582fe84c','aa5f7b61e93f4c0a8639e2b2d8b3a933','中华医学会外科学分会胰腺外科学组','','1.年龄；2.家族史；3.60岁以上突发糖尿病；4.慢性胰腺炎病史；5.吸烟；6.饮酒；7.肥胖；8.远端胃大部切除术病史（时间大于20年）；9.接触萘胺及苯类化合物者\r\n前驱症状：消化不良、恶性、脂肪泻、黄疸、疼痛、体重减轻','','胰腺癌','low','age>=40 and (tag_smoke_age>10 or height/weight/weight*10000>24)','pending','toGenerate','2016-06-13 04:24:22','2016-06-14 15:30:42',NULL),('229892530ce6441897cb7be5582fe84c-low-ae6bcb0679ba4b7f83ec6aca09757dd6','229892530ce6441897cb7be5582fe84c','ae6bcb0679ba4b7f83ec6aca09757dd6',' 中华人民共和国国家卫生和计划生育委员会(NHFPC,National Health and Family Planning Commission of China)','','1.高血压史（≥140/90 mmHg）或正在服用降压药物 \n2.房颤和（或）心脏瓣膜病等心脏病\n3.吸烟\n4.血脂异常\n5.糖尿病\n6.BMI大于26\n7.很少进行体育活动\n8.有卒中家族史','','颈动脉狭窄','low','locate(\'高血压\',sufferedDiseases)>0 or locate(\'房颤\',sufferedDiseases)>0 or locate(\'心脏\',sufferedDiseases)>0 or locate(\'糖尿病\',sufferedDiseases)>0 or tag_smoke_style!=\'no\'','pending','toGenerate','2016-06-13 04:24:22','2016-06-14 15:30:42',NULL),('229892530ce6441897cb7be5582fe84c-low-b324470469f449a883059bebbc195bea','229892530ce6441897cb7be5582fe84c','b324470469f449a883059bebbc195bea',' 中华医学会内镜学分会(CSDE,Chinese Society of Digestive Endoscopy) 中国抗癌协会(Chinese Anti-cancer Association) 中国抗癌协会肿瘤内镜专业委员会','','1.性别：\n2.年龄\n3.饮食：加盐腌制蔬菜或烟熏肉和鱼。\n4.吸烟\n5.治疗：接受过胃部手术。\n6.癌前疾病：慢性萎缩性胃炎、胃溃疡、胃息肉。\n7.家族肿瘤疾病史：包括家族胃癌史，遗传性非息肉性肠癌，家族性腺瘤性息肉等遗传性疾病等。\n8.恶性贫血。\n9.肥胖：超过正常体重20～25公斤\n10.经济状况：经济较差的地区，胃癌的发病率较高。\n11.是否有贫血、消瘦、消化道出血、呕吐、上腹部不适、上腹部肿块.来源:2013卫计委胃癌规范化诊疗指南（试行）','  男女不限，年龄大于等于40岁，满足一下任意一条：\n1.胃癌高发地区人群\n2.幽门螺旋杆菌感染感染\n3.既往患有慢性萎缩性胃炎等胃癌癌前病变\n4.一级亲属罹患胃癌\n5.存在胃癌其它高危因素（吸烟、重度饮酒、高盐、腌制饮食等）\n检查需同时进行','胃癌','low','age>=40 and (locate(\'幽门螺旋杆菌阳性\',sufferedDiseases)>0 or locate(\'salty\',tag_foodStyle)>0 or locate(\'smoked\',tag_foodStyle)>0 or locate(\'cured\',tag_foodStyle)>0 or tag_smoke_age>1 or locate(\'胃\',sufferedDiseases)>0 or locate(\'胃癌\',inheritDiseases)>0 or locate(\'腺瘤\',inheritDiseases)>0 or locate(\'肠癌\',inheritDiseases)>0)','pending','toGenerate','2016-06-13 04:24:22','2016-06-14 15:30:42',NULL),('229892530ce6441897cb7be5582fe84c-low-e00f9b2d6bee4dc7aeb0d821f8ac068d','229892530ce6441897cb7be5582fe84c','e00f9b2d6bee4dc7aeb0d821f8ac068d','中华医学会消化内镜学分会消化系早癌内镜诊断与治疗协作组,中华医学会消化病学分会消化道肿瘤协作组,中华医学会消化病学分会消化病理学组','','将55～74岁的一般风险人群、40～74岁的高风险人群以及家族史不详的人群作为内镜筛查的目标人群。\n①长期居住于食管鳞癌高发区；②一级亲属有食管鳞癌病史；③既往有食管病变史(食管上皮内瘤变)；④本人有癌症史；⑤长期吸烟史；⑥长期饮酒史；⑦有不良饮食习惯如进食快、热烫饮食、高盐饮食、进食腌菜者。','一般风险人群：无上述任意1条者。（鉴于现有国际国内指南均未推荐筛查频率，本项目拟定胃癌筛查频率进行）','食管癌','low','age>=40 and age<=74 and (locate(\'fast\',tag_foodStyle)>0 or locate(\'hot\',tag_foodStyle)>0 or locate(\'salty\',tag_foodStyle)>0)','pending','toGenerate','2016-06-13 04:24:22','2016-06-14 15:30:42',NULL),('24c1a11d8fb442bcb875a1d604d0d506-high-07e68dd1ea5f4f549eb813f80ca0a7b5','24c1a11d8fb442bcb875a1d604d0d506','07e68dd1ea5f4f549eb813f80ca0a7b5',' 中华人民共和国卫生部(MINISTRY OF HEALTH OF THE PEOPLE`S REPUBLIC OF CHINA)','','年龄\r\n备注：包含牙周疾病及口腔癌等','大于60岁，半年一次','龋齿','high','age>=60','dismatch','toGenerate','2016-06-13 04:24:22','2016-06-13 04:24:22',NULL),('24c1a11d8fb442bcb875a1d604d0d506-high-1cfc1f8ff2dc4049b2422177cd3b9040','24c1a11d8fb442bcb875a1d604d0d506','1cfc1f8ff2dc4049b2422177cd3b9040',' 美国国家综合癌症网络(NCCN,National Comprehensive Cancer Network)','','1.吸烟史\n2.氡暴露史\n3.职业暴露：砒霜、铬、石棉、镍、镉、铍、硅、柴油烟雾（吸烟可以叠加）\n4.一级亲属罹患肺癌\n5.COPD及肺纤维化病史\n6.报警症状','或年龄大于50岁，并且吸烟指数大于20支.年，或包含任意一条危险因素（见关注因素）','肺癌','high','age>50 and tag_smoke_quantity>=20','dismatch','toGenerate','2016-06-13 04:24:22','2016-06-13 04:24:22',NULL),('24c1a11d8fb442bcb875a1d604d0d506-high-365153d2e9e44bf0a15ec2fb25c97c31','24c1a11d8fb442bcb875a1d604d0d506','365153d2e9e44bf0a15ec2fb25c97c31',' 美国预防医学工作组(USPSTF,U.S. Preventive Services Task Force)','','1.性别\r\n2.年龄\r\n3.吸烟\r\n4.家族史（一级亲属罹患腹主动脉瘤）\r\n5.既往史（既往被诊断：血管瘤、心、脑血管疾病、动脉粥样硬化、高胆固醇血症、肥胖和高血压）','男性\r\n吸烟超过100只\r\n年龄大于65岁','腹主动脉瘤','high','sex=\'男\' and age>=65 and tag_smoke_style!=\'no\'','dismatch','toGenerate','2016-06-13 04:24:22','2016-06-13 04:24:22',NULL),('24c1a11d8fb442bcb875a1d604d0d506-high-3841703bd931482fb3bc425b4178b813','24c1a11d8fb442bcb875a1d604d0d506','3841703bd931482fb3bc425b4178b813',' 中华医学会内镜学分会(CSDE,Chinese Society of Digestive Endoscopy) 中华医学会消化病学分会(CSGE,Chinese Society Of Gastroenterology)','','1.年龄\r\n2.结直肠腺瘤、锯齿状息肉及结直肠癌病史\r\n3.非特异性肠炎病史\r\n4.阳性家族史（Lynch综合征病史、多发性错构瘤综合征病史等）\r\n5.大便隐血实验结果\r\n6.具有以下两项及两项以上者：①慢性便秘；②黏液血便；③慢性腹泻；④慢性阑尾炎或阑尾切除史；⑤精神刺激史；⑥体重指数 (BMI) ＞28 kg/m2；⑦吸烟指数大于400只/年；慢性胆囊炎及胆囊切除史；慢性便秘指近2年来便秘每年在2个月以上','1.有便血、黑便、体重减轻、贫血等报警症状的人群\n2.大于50岁，包含：结直肠腺瘤、锯齿状息肉及结直肠癌病史；非特异性肠炎病史；阳性家族史（Lynch综合征病史、多发性错构瘤综合征病史等）可以理解为一级亲属有结直肠癌病史；大便隐血实验结果阳性；具有以下两项及两项以上者：①慢性便秘；②黏液血便；③慢性腹泻；④慢性阑尾炎或阑尾切除史；⑤精神刺激史；⑥体重指数 (BMI) ＞28 kg/m2；⑦吸烟指数大于400只/年；慢性胆囊炎及胆囊切除史；慢性便秘指近2年来便秘每年在2个月以上','结直肠癌','high','age>=50 and (tag_smoke_quantity>1 or weight/height/height*10000>28)','dismatch','toGenerate','2016-06-13 04:24:22','2016-06-13 04:24:22',NULL),('24c1a11d8fb442bcb875a1d604d0d506-high-3d1776a7aa894ceca869b38cbc5245fe','24c1a11d8fb442bcb875a1d604d0d506','3d1776a7aa894ceca869b38cbc5245fe',' 中华人民共和国卫生部(MINISTRY OF HEALTH OF THE PEOPLE`S REPUBLIC OF CHINA)','','年龄','年龄大于等于60岁','牙周病','high','age>=60','dismatch','toGenerate','2016-06-13 04:24:22','2016-06-13 04:24:22',NULL),('24c1a11d8fb442bcb875a1d604d0d506-high-40c2f59a7b2c4b50937da37b2b9f7919','24c1a11d8fb442bcb875a1d604d0d506','40c2f59a7b2c4b50937da37b2b9f7919',' 中华医学会心血管病学分会(Chinese Society of Cardiology)','','既往史：先天性心脏病、结缔组织病、HIV感染、减肥药物治疗史、肝病及贫血\n个人史：职业解除如印刷厂或加油站工人接触油类物品、HIV感染、男-男同性恋、吸毒及染发剂接触	婚育史：女性是否有习惯性流产、男性需了解直系女性亲属是否有习惯性流产	\n家族史：是否有诊断肺动脉高压或先心病史\n','既往史：先天性心脏病、结缔组织病、HIV感染、减肥药物治疗史、肝病及贫血\n个人史：职业解除如印刷厂或加油站工人接触油类物品、HIV感染、男-男同性恋、吸毒及染发剂接触	婚育史：女性是否有习惯性流产、男性需了解直系女性亲属是否有习惯性流产	\n家族史：是否有诊断肺动脉高压或先心病史\n胸部影像学检测提示有右心脏增大及肺动脉增粗表现\n如有非特异性临床表现和体征可更考虑疑诊','肺动脉高压','high','(locate(\'先天性心脏病\',sufferedDiseases)>0 or locate(\'HIV感染\',sufferedDiseases)>0 or locate(\'肝病\',sufferedDiseases)>0 or locate(\'贫血\',sufferedDiseases)>0 or locate(\'结缔组织病\',sufferedDiseases)>0 or locate(\'先天性心脏病\',inheritDiseases)>0)','dismatch','toGenerate','2016-06-13 04:24:22','2016-06-13 04:24:22',NULL),('24c1a11d8fb442bcb875a1d604d0d506-high-54cf2c7cb40c4d538f700e731894495e','24c1a11d8fb442bcb875a1d604d0d506','54cf2c7cb40c4d538f700e731894495e',' 中华人民共和国国家卫生和计划生育委员会(NHFPC,National Health and Family Planning Commission of China)','','HCV感染高危人群，包括： \r\na) 有静脉药瘾史者； \r\nb) 有职业或其他原因（纹身、穿孔、针灸等）所致的针刺伤史者； \r\nc) 有医源性暴露史，包括手术、透析、不洁口腔诊疗操作、器官或组织移植者； \r\nd） 有高危性行为史，如多个性伴、男男同性恋者； \r\ne) HCV感染者的性伴及家庭成员； \r\nf) HIV感染者及其性伴； \r\ng) HCV感染母亲所生的子女； \r\nh) 破损皮肤和赫膜被HCV感染者血液污染者； \r\ni) 有输血或应用血液制品史者（主要是1993年前有过输血或应用血制品者） \r\nj) 1996年前的供血浆者。 ','HCV感染高危人群，包括： \na) 有静脉药瘾史者； \nb) 有职业或其他原因（纹身、穿孔、针灸等）所致的针刺伤史者； \nc) 有医源性暴露史，包括手术、透析、不洁口腔诊疗操作、器官或组织移植者； \nd） 有高危性行为史，如多个性伴、男男同性恋者； \ne) HCV感染者的性伴及家庭成员； \nf) HIV感染者及其性伴； \ng) HCV感染母亲所生的子女； \nh) 破损皮肤和赫膜被HCV感染者血液污染者； \ni) 有输血或应用血液制品史者（主要是1993年前有过输血或应用血制品者） \nj) 1996年前的供血浆者。 ','丙型病毒性肝炎','high','tag_sexHomosex=true or tag_sexBehaviorStyle=\'highrisk\' or locate(\'HCV\',inheritDiseases)>0','dismatch','toGenerate','2016-06-13 04:24:22','2016-06-13 04:24:22',NULL),('24c1a11d8fb442bcb875a1d604d0d506-high-56f55df13386472c98df5a082a3ec9ae','24c1a11d8fb442bcb875a1d604d0d506','56f55df13386472c98df5a082a3ec9ae',' 美国预防医学工作组(USPSTF,U.S. Preventive Services Task Force)','','1.血压在正常高值者（130-139/85-89 mmHg）\r\n2.BMI大于24\r\n3.腹型肥胖：男性腰围大于90cm，女性大于85cm\r\n4.家族史（一、二级亲属罹患高血压）\r\n5.长期高盐饮食\r\n6.长期饮酒，日均大于等于100ml（2两）\r\n来源于（中国高血压基层管理指南（2014年修订版））','≥40岁的成人，血压在正常高值者（130-139/85-89 mmHg）、超重或肥胖者。','高血压','high','age>=40 and weight/height/height*10000>=24','dismatch','toGenerate','2016-06-13 04:24:22','2016-06-13 04:24:22',NULL),('24c1a11d8fb442bcb875a1d604d0d506-high-68db0e163064409286056fe21f7f27ad','24c1a11d8fb442bcb875a1d604d0d506','68db0e163064409286056fe21f7f27ad',' 北京市脑卒中诊疗质量控制与改进中心','','1.脂代谢异常\n2.高血压、糖尿\n3.吸烟及吸烟环境\n4.家族史：一二级亲属罹患脑动脉粥样硬化\n5.肥胖\n6.高同型半胱氨酸\n','大于45岁，包含一下一项或以上：1.高胆固醇或高甘油三酯血症；2.高血压；3.糖尿病；4.吸烟；5.家族史；6.大量饮酒；7.肥胖及不良饮食习惯（高热量、高脂肪）；8.缺乏规律有氧运动；9.被诊断高同型半胱氨酸','脑动脉粥样硬化','high','age>=45 and (locate(\'高血压\',sufferedDiseases)>0 or locate(\'糖尿病\',sufferedDiseases)>0 or locate(\'脑动脉粥样硬化\',inheritDiseases)>0)','dismatch','toGenerate','2016-06-13 04:24:22','2016-06-13 04:24:22',NULL),('24c1a11d8fb442bcb875a1d604d0d506-high-7c77c03835cc41dda72c27028ecb7585','24c1a11d8fb442bcb875a1d604d0d506','7c77c03835cc41dda72c27028ecb7585',' 中华医学会外科学分会胆道外科学组','','1.是否患有胆囊结石2.是否有胆囊慢性炎症3.是否有胆囊息肉4.是否存在胆胰管汇合异常5.家族史：胆囊癌及胆囊结石家族史6.是否有胆道系统感染7.是否肥胖，是否有糖尿病8.','(1)胆囊息肉；(2)年龄超过50岁，特别是女性；(3)肥胖症；(4)有胆石症或胆囊癌家族史。','胆囊癌','high','locate(\'胆囊息肉\',sufferedDiseases)>0 or (age>=50 and sex=\'女\') or locate(\'肥胖\',sufferedDiseases)>0 or locate(\'胆结石\',inheritDiseases)>0 or locate(\'胆囊癌\',inheritDiseases)>0','done','toRelease','2016-06-13 04:24:22','2016-06-13 04:24:22',NULL),('24c1a11d8fb442bcb875a1d604d0d506-high-89932374522c4cc4979d2c1206949377','24c1a11d8fb442bcb875a1d604d0d506','89932374522c4cc4979d2c1206949377','中华医学会内分泌学分会(CSE,Chinese Society of Endocrinology)','','成年人 (>18岁)具有下列任何一个及以上的糖尿病高危因素，可定义为糖尿病高危人群：\r\n\r\n(1)年龄≥40岁；\r\n\r\n(2)既往有糖尿病前期病史；\r\n\r\n(3)超重、肥胖 (体重指数≥24 kg/m2)，男性腰围≥90cm,女性腰围≥85cm；\r\n\r\n(4)静坐的生活方式；\r\n\r\n(5)一级亲属中有2型糖尿病家族史；\r\n\r\n(6)有巨大儿 (出生体重≥4 kg)生产史，妊娠期显性糖尿病或妊娠糖尿病病史的妇女；\r\n\r\n(7)高血压 [收缩压≥140 mmHg (1mmHg=0.133kPa)和(或)舒张压≥90 mmHg]或正在接受降压治疗；\r\n\r\n(8)血脂异常(高密度脂蛋白胆固醇≤0.91mmol/L及甘油三酯≥2.22mmol/L，或正在接受调脂治疗)；\r\n\r\n(9)动脉粥样硬化性CCVD患者；\r\n\r\n(10)有一过性类固醇性糖尿病病史者；\r\n\r\n(11)多囊卵巢综合征患者；\r\n\r\n(12)严重精神病和 (或)长期接受抗抑郁症药物治疗的患者。','成年人 (>18岁)具有下列任何一个及以上的糖尿病高危因素，可定义为糖尿病高危人群：\n\n(1)年龄≥40岁；\n\n(2)既往有糖尿病前期病史；\n\n(3)超重、肥胖 (体重指数≥24 kg/m2)，男性腰围≥90cm,女性腰围≥85cm；\n\n(4)静坐的生活方式；\n\n(5)一级亲属中有2型糖尿病家族史；\n\n(6)有巨大儿 (出生体重≥4 kg)生产史，妊娠期显性糖尿病或妊娠糖尿病病史的妇女；\n\n(7)高血压 [收缩压≥140 mmHg (1mmHg=0.133kPa)和(或)舒张压≥90 mmHg]或正在接受降压治疗；\n\n(8)血脂异常(高密度脂蛋白胆固醇≤0.91mmol/L及甘油三酯≥2.22mmol/L，或正在接受调脂治疗)；\n\n(9)动脉粥样硬化性CCVD患者；\n\n(10)有一过性类固醇性糖尿病病史者；\n\n(11)多囊卵巢综合征患者；\n\n(12)严重精神病和 (或)长期接受抗抑郁症药物治疗的患者。','成人2型糖尿病','high','age>=40 and (weight/height/height*10000>=24 or  locate(\'糖尿病\',inheritDiseases)>0 or locate(\'动脉粥样硬化\',sufferedDiseases)>0 or locate(\'一过性类固醇糖尿病\',sufferedDiseases)>0 or locate(\'多囊卵巢综合症\',sufferedDiseases))','dismatch','toGenerate','2016-06-13 04:24:22','2016-06-13 04:24:22',NULL),('24c1a11d8fb442bcb875a1d604d0d506-high-8a2b68cc6b054aa7a40b5763f14cec28','24c1a11d8fb442bcb875a1d604d0d506','8a2b68cc6b054aa7a40b5763f14cec28','美国妇产科医师学会(ACOG,American College of Obstetricians and Gynecologists)','','1.人乳头瘤病毒感染；2.过早性生活；3.多个性伙伴；4.多产；5.丈夫婚外性行为；6.阴茎癌；7.社会经济条件差；8.营养不良；9.吸烟','1.大于等于21岁\r\n2.有性行为','宫颈癌','high','age>=21 and tag_hasSexBehavior=true and (tag_sexParterners>1 or tag_sexBehaviorStyle=\'highrisk\')','dismatch','toGenerate','2016-06-13 04:24:22','2016-06-13 04:24:22',NULL),('24c1a11d8fb442bcb875a1d604d0d506-high-9a1bac66a1b640c2b1e106ecd37797e9','24c1a11d8fb442bcb875a1d604d0d506','9a1bac66a1b640c2b1e106ecd37797e9',' 美国国家综合癌症网络(NCCN,National Comprehensive Cancer Network)','','1.年龄\r\n2.是否有肝硬化\r\n3.饮酒\r\n4.乙型肝炎病毒感染\r\n5.丙型肝炎病毒感染\r\n6.非酒精性脂肪肝\r\n7.α1-抗胰蛋白酶缺乏症病史\r\n8.四期原发性胆汁性肝硬化病史\r\n9.遗传性血色病病史','1.各种原因导致的肝硬化患者\r\n2.乙肝携带者，男性大于等于40岁，女性大于等于50岁','肝癌','high','((age>=40 and sex=\'男\') or (age>=50 and sex=\'女\'))and locate(\'乙肝\',sufferedDiseases)>0','dismatch','toGenerate','2016-06-13 04:24:22','2016-06-13 04:24:22',NULL),('24c1a11d8fb442bcb875a1d604d0d506-high-a1ccc6a220a4465f964195c539c1d365','24c1a11d8fb442bcb875a1d604d0d506','a1ccc6a220a4465f964195c539c1d365','中国癌症筛查及早诊早治技术方案 人民卫生出版社','','1.地区：高发地区：鼻咽癌死亡率＞3/10万的地区（中国标化）：广东、广西、福建、湖南、江西\n2.家族史：有家族聚集倾向，一级亲属罹患过鼻咽癌的；\n3.喜食咸鱼、腌制食物的、长期接触甲醛的\n4.高镍环境（存疑）','满足2和或3-4 条\r\n年龄大于等于30岁','鼻咽癌','high','age>=30 and (locate(\'鼻咽癌\',inheritDiseases)>0 or locate(\'salty\',tag_foodStyle)>0)','dismatch','toGenerate','2016-06-13 04:24:22','2016-06-13 04:24:22',NULL),('24c1a11d8fb442bcb875a1d604d0d506-high-a26efd48e9484b22b8bf7477f7656630','24c1a11d8fb442bcb875a1d604d0d506','a26efd48e9484b22b8bf7477f7656630','美国国家综合癌症网络(NCCN,National Comprehensive Cancer Network)','','1.年龄\r\n2.家族史（一级亲属罹患前列腺癌）','年龄大于等于45岁','前列腺癌','high','age>=45 and sex=\'男\' and locate(\'前列腺癌\',inheritDiseases)>0','dismatch','toGenerate','2016-06-13 04:24:22','2016-06-13 04:24:22',NULL),('24c1a11d8fb442bcb875a1d604d0d506-high-a5c0a4318fb547c7bcf015480b2ca8c4','24c1a11d8fb442bcb875a1d604d0d506','a5c0a4318fb547c7bcf015480b2ca8c4',' 中国抗癌协会乳腺癌专业委员会(CACA-CBCS,Chinese Anti-Cancer Association, Committee of Breast Cancer Society)','','确定性因素：1.年龄；2.性别；3.绝经后体重增加 BMI≥30kg/m2或增加10公斤；4.高身材，身高大于175cm；5.雌激素水平（高内源性雌激素水平）；6.骨密度（升高者发病率升高）；7.良性乳腺疾病史；8.长期使用外源性雌激素；9.初潮较早或绝经较晚；10.未产妇及首次初产年龄大于等于35岁；11.乳腺癌个人史；12.一级亲属罹患乳腺癌；13.饮酒；14.吸烟；15.夜班工作；16.暴露于治疗性电离辐射；17.是否哺乳；18.大豆/植物雌激素应用；19.体育锻炼；\n不确定性因素：未录入','1.有明显的乳腺癌遗传倾向者\r\n2.既往有乳腺良恶性疾病患者\r\n3.既往行胸部放疗','乳腺癌','high','sex=\'女\' and (locate(\'乳腺\',sufferedDiseases)>0 or locate(\'乳腺\',inheritDiseases)>0 or height>175 or height/weight/weight*10000>=24)','dismatch','toGenerate','2016-06-13 04:24:22','2016-06-13 04:24:22',NULL),('24c1a11d8fb442bcb875a1d604d0d506-high-aa5f7b61e93f4c0a8639e2b2d8b3a933','24c1a11d8fb442bcb875a1d604d0d506','aa5f7b61e93f4c0a8639e2b2d8b3a933','中华医学会外科学分会胰腺外科学组','','1.年龄；2.家族史；3.60岁以上突发糖尿病；4.慢性胰腺炎病史；5.吸烟；6.饮酒；7.肥胖；8.远端胃大部切除术病史（时间大于20年）；9.接触萘胺及苯类化合物者\r\n前驱症状：消化不良、恶性、脂肪泻、黄疸、疼痛、体重减轻','1.年龄大于40岁，有非特异性上腹部不适症状；\n2.一级亲属有罹患胰腺癌\n3.年龄大于60岁，突发糖尿病，缺乏家族史，低体重指数，很快形成胰岛素抵抗\n4.慢性胰腺炎病史：特别是遗传性胰腺炎病史\n5.良性病变行远端胃大部切除术者，特别是术后20年以上人群\n6.导管内乳头状粘液瘤患者\n7.FAP 家族性腺瘤息肉病患者\n8.长期吸烟\n9.大量饮酒\n10.体重超重\n11.黑斑息肉综合征病史\n12.家族性恶性黑色素瘤病史','胰腺癌','high','(age>=40 and locate(\'胰腺癌\',inheritDiseases)>0 or locate(\'胰腺\',sufferedDiseases)>0) or (locate(\'突发性糖尿病\',sufferedDiseases)>0 and age>=60)','dismatch','toGenerate','2016-06-13 04:24:22','2016-06-13 04:24:22',NULL),('24c1a11d8fb442bcb875a1d604d0d506-high-ae6bcb0679ba4b7f83ec6aca09757dd6','24c1a11d8fb442bcb875a1d604d0d506','ae6bcb0679ba4b7f83ec6aca09757dd6',' 中华人民共和国国家卫生和计划生育委员会(NHFPC,National Health and Family Planning Commission of China)','','1.高血压史（≥140/90 mmHg）或正在服用降压药物 \n2.房颤和（或）心脏瓣膜病等心脏病\n3.吸烟\n4.血脂异常\n5.糖尿病\n6.BMI大于26\n7.很少进行体育活动\n8.有卒中家族史','1.以上8条满足3条\r\n2.既往有缺血性脑卒中病史或短暂性脑缺血发作病史','颈动脉狭窄','high','(locate(\'高血压\',sufferedDiseases)>0 or locate(\'房颤\',sufferedDiseases)>0 or locate(\'心脏\',sufferedDiseases)>0 or locate(\'糖尿病\',sufferedDiseases)>0 or tag_smoke_style!=\'no\') and (locate(\'脑卒中\',sufferedDiseases)>0 or locate(\'脑缺血\',sufferedDiseases)>0)','dismatch','toGenerate','2016-06-13 04:24:22','2016-06-13 04:24:22',NULL),('24c1a11d8fb442bcb875a1d604d0d506-high-b324470469f449a883059bebbc195bea','24c1a11d8fb442bcb875a1d604d0d506','b324470469f449a883059bebbc195bea',' 中华医学会内镜学分会(CSDE,Chinese Society of Digestive Endoscopy) 中国抗癌协会(Chinese Anti-cancer Association) 中国抗癌协会肿瘤内镜专业委员会','','1.性别：\n2.年龄\n3.饮食：加盐腌制蔬菜或烟熏肉和鱼。\n4.吸烟\n5.治疗：接受过胃部手术。\n6.癌前疾病：慢性萎缩性胃炎、胃溃疡、胃息肉。\n7.家族肿瘤疾病史：包括家族胃癌史，遗传性非息肉性肠癌，家族性腺瘤性息肉等遗传性疾病等。\n8.恶性贫血。\n9.肥胖：超过正常体重20～25公斤\n10.经济状况：经济较差的地区，胃癌的发病率较高。\n11.是否有贫血、消瘦、消化道出血、呕吐、上腹部不适、上腹部肿块.来源:2013卫计委胃癌规范化诊疗指南（试行）','1.幽门螺旋杆菌+，萎缩性胃炎-\n2.幽门螺旋杆菌+，萎缩性胃炎+\n3.幽门螺旋杆菌-，萎缩性胃炎-\n4.幽门螺旋杆菌-，萎缩性胃炎-按照一般人群处理','胃癌','high','locate(\'幽门螺旋杆菌阳性\',sufferedDiseases)>0 and (locate(\'salty\',tag_foodStyle)>0 or locate(\'smoked\',tag_foodStyle)>0 or locate(\'cured\',tag_foodStyle)>0 or tag_smoke_age>1 or locate(\'胃\',sufferedDiseases)>0 or locate(\'胃癌\',inheritDiseases)>0 or locate(\'腺瘤\',inheritDiseases)>0 or locate(\'肠癌\',inheritDiseases)>0)','dismatch','toGenerate','2016-06-13 04:24:22','2016-06-13 04:24:22',NULL),('24c1a11d8fb442bcb875a1d604d0d506-high-e00f9b2d6bee4dc7aeb0d821f8ac068d','24c1a11d8fb442bcb875a1d604d0d506','e00f9b2d6bee4dc7aeb0d821f8ac068d','中华医学会消化内镜学分会消化系早癌内镜诊断与治疗协作组,中华医学会消化病学分会消化道肿瘤协作组,中华医学会消化病学分会消化病理学组','','将55～74岁的一般风险人群、40～74岁的高风险人群以及家族史不详的人群作为内镜筛查的目标人群。\n①长期居住于食管鳞癌高发区；②一级亲属有食管鳞癌病史；③既往有食管病变史(食管上皮内瘤变)；④本人有癌症史；⑤长期吸烟史；⑥长期饮酒史；⑦有不良饮食习惯如进食快、热烫饮食、高盐饮食、进食腌菜者。','有以上任意1条者视为高危人群（鉴于现有国际国内指南均未推荐筛查频率，本项目拟定胃癌筛查频率进行）','食管癌','high','age>=55 and age<=74 and (locate(\'食管鳞癌\',inheritDiseases)>0  or locate(\'食管\',sufferedDiseases)>0 or locate(\'癌\',sufferedDiseases)>0 or tag_smoke_age>=10 or locate(\'fast\',tag_foodStyle)>0 or locate(\'hot\',tag_foodStyle)>0 or locate(\'salty\',tag_foodStyle)>0)','dismatch','toGenerate','2016-06-13 04:24:22','2016-06-13 04:24:22',NULL),('24c1a11d8fb442bcb875a1d604d0d506-low-07e68dd1ea5f4f549eb813f80ca0a7b5','24c1a11d8fb442bcb875a1d604d0d506','07e68dd1ea5f4f549eb813f80ca0a7b5',' 中华人民共和国卫生部(MINISTRY OF HEALTH OF THE PEOPLE`S REPUBLIC OF CHINA)','','年龄\r\n备注：包含牙周疾病及口腔癌等','大于18岁小于60岁，每年一次','龋齿','low','age>=18 and age<60','done','toRelease','2016-06-13 04:24:22','2016-06-13 04:24:22',NULL),('24c1a11d8fb442bcb875a1d604d0d506-low-1cfc1f8ff2dc4049b2422177cd3b9040','24c1a11d8fb442bcb875a1d604d0d506','1cfc1f8ff2dc4049b2422177cd3b9040',' 美国国家综合癌症网络(NCCN,National Comprehensive Cancer Network)','','1.吸烟史\n2.氡暴露史\n3.职业暴露：砒霜、铬、石棉、镍、镉、铍、硅、柴油烟雾（吸烟可以叠加）\n4.一级亲属罹患肺癌\n5.COPD及肺纤维化病史\n6.报警症状','年龄大于等于55岁，并且吸烟指数大于30支.年，戒烟时间小于15年','肺癌','low','age>=55 and tag_smoke_quantity>=30','dismatch','toGenerate','2016-06-13 04:24:22','2016-06-13 04:24:22',NULL),('24c1a11d8fb442bcb875a1d604d0d506-low-365153d2e9e44bf0a15ec2fb25c97c31','24c1a11d8fb442bcb875a1d604d0d506','365153d2e9e44bf0a15ec2fb25c97c31',' 美国预防医学工作组(USPSTF,U.S. Preventive Services Task Force)','','1.性别\r\n2.年龄\r\n3.吸烟\r\n4.家族史（一级亲属罹患腹主动脉瘤）\r\n5.既往史（既往被诊断：血管瘤、心、脑血管疾病、动脉粥样硬化、高胆固醇血症、肥胖和高血压）','未吸烟男性，但包含以上危险因素','腹主动脉瘤','low','sex=\'男\' and tag_smoke_style=\'low\'','dismatch','toGenerate','2016-06-13 04:24:22','2016-06-13 04:24:22',NULL),('24c1a11d8fb442bcb875a1d604d0d506-low-3841703bd931482fb3bc425b4178b813','24c1a11d8fb442bcb875a1d604d0d506','3841703bd931482fb3bc425b4178b813',' 中华医学会内镜学分会(CSDE,Chinese Society of Digestive Endoscopy) 中华医学会消化病学分会(CSGE,Chinese Society Of Gastroenterology)','','1.年龄\r\n2.结直肠腺瘤、锯齿状息肉及结直肠癌病史\r\n3.非特异性肠炎病史\r\n4.阳性家族史（Lynch综合征病史、多发性错构瘤综合征病史等）\r\n5.大便隐血实验结果\r\n6.具有以下两项及两项以上者：①慢性便秘；②黏液血便；③慢性腹泻；④慢性阑尾炎或阑尾切除史；⑤精神刺激史；⑥体重指数 (BMI) ＞28 kg/m2；⑦吸烟指数大于400只/年；慢性胆囊炎及胆囊切除史；慢性便秘指近2年来便秘每年在2个月以上','年龄大于等于50岁，无以上危险因素','结直肠癌','low','age>=50','dismatch','toGenerate','2016-06-13 04:24:22','2016-06-13 04:24:22',NULL),('24c1a11d8fb442bcb875a1d604d0d506-low-3d1776a7aa894ceca869b38cbc5245fe','24c1a11d8fb442bcb875a1d604d0d506','3d1776a7aa894ceca869b38cbc5245fe',' 中华人民共和国卫生部(MINISTRY OF HEALTH OF THE PEOPLE`S REPUBLIC OF CHINA)','','年龄','大于18岁，小于60岁','牙周病','low','age>18 and age<60','done','toRelease','2016-06-13 04:24:22','2016-06-13 04:24:22',NULL),('24c1a11d8fb442bcb875a1d604d0d506-low-40c2f59a7b2c4b50937da37b2b9f7919','24c1a11d8fb442bcb875a1d604d0d506','40c2f59a7b2c4b50937da37b2b9f7919',' 中华医学会心血管病学分会(Chinese Society of Cardiology)','','既往史：先天性心脏病、结缔组织病、HIV感染、减肥药物治疗史、肝病及贫血\n个人史：职业解除如印刷厂或加油站工人接触油类物品、HIV感染、男-男同性恋、吸毒及染发剂接触	婚育史：女性是否有习惯性流产、男性需了解直系女性亲属是否有习惯性流产	\n家族史：是否有诊断肺动脉高压或先心病史\n','','肺动脉高压','low','1=0','dismatch','toGenerate','2016-06-13 04:24:22','2016-06-13 04:24:22',NULL),('24c1a11d8fb442bcb875a1d604d0d506-low-54cf2c7cb40c4d538f700e731894495e','24c1a11d8fb442bcb875a1d604d0d506','54cf2c7cb40c4d538f700e731894495e',' 中华人民共和国国家卫生和计划生育委员会(NHFPC,National Health and Family Planning Commission of China)','','HCV感染高危人群，包括： \r\na) 有静脉药瘾史者； \r\nb) 有职业或其他原因（纹身、穿孔、针灸等）所致的针刺伤史者； \r\nc) 有医源性暴露史，包括手术、透析、不洁口腔诊疗操作、器官或组织移植者； \r\nd） 有高危性行为史，如多个性伴、男男同性恋者； \r\ne) HCV感染者的性伴及家庭成员； \r\nf) HIV感染者及其性伴； \r\ng) HCV感染母亲所生的子女； \r\nh) 破损皮肤和赫膜被HCV感染者血液污染者； \r\ni) 有输血或应用血液制品史者（主要是1993年前有过输血或应用血制品者） \r\nj) 1996年前的供血浆者。 ','持续性血液透析者','丙型病毒性肝炎','low','locate(\'血液透析\',sufferedDiseases)>0','dismatch','toGenerate','2016-06-13 04:24:22','2016-06-13 04:24:22',NULL),('24c1a11d8fb442bcb875a1d604d0d506-low-56f55df13386472c98df5a082a3ec9ae','24c1a11d8fb442bcb875a1d604d0d506','56f55df13386472c98df5a082a3ec9ae',' 美国预防医学工作组(USPSTF,U.S. Preventive Services Task Force)','','1.血压在正常高值者（130-139/85-89 mmHg）\r\n2.BMI大于24\r\n3.腹型肥胖：男性腰围大于90cm，女性大于85cm\r\n4.家族史（一、二级亲属罹患高血压）\r\n5.长期高盐饮食\r\n6.长期饮酒，日均大于等于100ml（2两）\r\n来源于（中国高血压基层管理指南（2014年修订版））','18-39岁、血压正常（<130/85 mmHg）且没有危险因素。','高血压','low','age>=18 and age<40 and weight/height/height*10000<24','done','toRelease','2016-06-13 04:24:22','2016-06-13 04:24:22',NULL),('24c1a11d8fb442bcb875a1d604d0d506-low-68db0e163064409286056fe21f7f27ad','24c1a11d8fb442bcb875a1d604d0d506','68db0e163064409286056fe21f7f27ad',' 北京市脑卒中诊疗质量控制与改进中心','','1.脂代谢异常\n2.高血压、糖尿\n3.吸烟及吸烟环境\n4.家族史：一二级亲属罹患脑动脉粥样硬化\n5.肥胖\n6.高同型半胱氨酸\n','','脑动脉粥样硬化','low','age>=45','dismatch','toGenerate','2016-06-13 04:24:22','2016-06-13 04:24:22',NULL),('24c1a11d8fb442bcb875a1d604d0d506-low-7c77c03835cc41dda72c27028ecb7585','24c1a11d8fb442bcb875a1d604d0d506','7c77c03835cc41dda72c27028ecb7585',' 中华医学会外科学分会胆道外科学组','','1.是否患有胆囊结石2.是否有胆囊慢性炎症3.是否有胆囊息肉4.是否存在胆胰管汇合异常5.家族史：胆囊癌及胆囊结石家族史6.是否有胆道系统感染7.是否肥胖，是否有糖尿病8.','','胆囊癌','low','age>=50','dismatch','toGenerate','2016-06-13 04:24:22','2016-06-13 04:24:22',NULL),('24c1a11d8fb442bcb875a1d604d0d506-low-89932374522c4cc4979d2c1206949377','24c1a11d8fb442bcb875a1d604d0d506','89932374522c4cc4979d2c1206949377','中华医学会内分泌学分会(CSE,Chinese Society of Endocrinology)','','成年人 (>18岁)具有下列任何一个及以上的糖尿病高危因素，可定义为糖尿病高危人群：\r\n\r\n(1)年龄≥40岁；\r\n\r\n(2)既往有糖尿病前期病史；\r\n\r\n(3)超重、肥胖 (体重指数≥24 kg/m2)，男性腰围≥90cm,女性腰围≥85cm；\r\n\r\n(4)静坐的生活方式；\r\n\r\n(5)一级亲属中有2型糖尿病家族史；\r\n\r\n(6)有巨大儿 (出生体重≥4 kg)生产史，妊娠期显性糖尿病或妊娠糖尿病病史的妇女；\r\n\r\n(7)高血压 [收缩压≥140 mmHg (1mmHg=0.133kPa)和(或)舒张压≥90 mmHg]或正在接受降压治疗；\r\n\r\n(8)血脂异常(高密度脂蛋白胆固醇≤0.91mmol/L及甘油三酯≥2.22mmol/L，或正在接受调脂治疗)；\r\n\r\n(9)动脉粥样硬化性CCVD患者；\r\n\r\n(10)有一过性类固醇性糖尿病病史者；\r\n\r\n(11)多囊卵巢综合征患者；\r\n\r\n(12)严重精神病和 (或)长期接受抗抑郁症药物治疗的患者。','','成人2型糖尿病','low','age>=40','dismatch','toGenerate','2016-06-13 04:24:22','2016-06-13 04:24:22',NULL),('24c1a11d8fb442bcb875a1d604d0d506-low-8a2b68cc6b054aa7a40b5763f14cec28','24c1a11d8fb442bcb875a1d604d0d506','8a2b68cc6b054aa7a40b5763f14cec28','美国妇产科医师学会(ACOG,American College of Obstetricians and Gynecologists)','','1.人乳头瘤病毒感染；2.过早性生活；3.多个性伙伴；4.多产；5.丈夫婚外性行为；6.阴茎癌；7.社会经济条件差；8.营养不良；9.吸烟','21-29岁','宫颈癌','low','age>=21 and age<=29 and tag_hasSexBehavior=true','dismatch','toGenerate','2016-06-13 04:24:22','2016-06-13 04:24:22',NULL),('24c1a11d8fb442bcb875a1d604d0d506-low-9a1bac66a1b640c2b1e106ecd37797e9','24c1a11d8fb442bcb875a1d604d0d506','9a1bac66a1b640c2b1e106ecd37797e9',' 美国国家综合癌症网络(NCCN,National Comprehensive Cancer Network)','','1.年龄\r\n2.是否有肝硬化\r\n3.饮酒\r\n4.乙型肝炎病毒感染\r\n5.丙型肝炎病毒感染\r\n6.非酒精性脂肪肝\r\n7.α1-抗胰蛋白酶缺乏症病史\r\n8.四期原发性胆汁性肝硬化病史\r\n9.遗传性血色病病史','普通人群不推荐','肝癌','low','1=0','dismatch','toGenerate','2016-06-13 04:24:22','2016-06-13 04:24:22',NULL),('24c1a11d8fb442bcb875a1d604d0d506-low-a1ccc6a220a4465f964195c539c1d365','24c1a11d8fb442bcb875a1d604d0d506','a1ccc6a220a4465f964195c539c1d365','中国癌症筛查及早诊早治技术方案 人民卫生出版社','','1.地区：高发地区：鼻咽癌死亡率＞3/10万的地区（中国标化）：广东、广西、福建、湖南、江西\n2.家族史：有家族聚集倾向，一级亲属罹患过鼻咽癌的；\n3.喜食咸鱼、腌制食物的、长期接触甲醛的\n4.高镍环境（存疑）','','鼻咽癌','low','age>=30 and (locate(\'广东\',liveplace)>0 or locate(\'广西\',liveplace)>0 or locate(\'福建\',liveplace)>0 or locate(\'湖南\',liveplace)>0 or locate(\'江西\',liveplace)>0)','dismatch','toGenerate','2016-06-13 04:24:22','2016-06-13 04:24:22',NULL),('24c1a11d8fb442bcb875a1d604d0d506-low-a26efd48e9484b22b8bf7477f7656630','24c1a11d8fb442bcb875a1d604d0d506','a26efd48e9484b22b8bf7477f7656630','美国国家综合癌症网络(NCCN,National Comprehensive Cancer Network)','','1.年龄\r\n2.家族史（一级亲属罹患前列腺癌）','','前列腺癌','low','age>=45 and sex=\'男\'','dismatch','toGenerate','2016-06-13 04:24:22','2016-06-13 04:24:22',NULL),('24c1a11d8fb442bcb875a1d604d0d506-low-a5c0a4318fb547c7bcf015480b2ca8c4','24c1a11d8fb442bcb875a1d604d0d506','a5c0a4318fb547c7bcf015480b2ca8c4',' 中国抗癌协会乳腺癌专业委员会(CACA-CBCS,Chinese Anti-Cancer Association, Committee of Breast Cancer Society)','','确定性因素：1.年龄；2.性别；3.绝经后体重增加 BMI≥30kg/m2或增加10公斤；4.高身材，身高大于175cm；5.雌激素水平（高内源性雌激素水平）；6.骨密度（升高者发病率升高）；7.良性乳腺疾病史；8.长期使用外源性雌激素；9.初潮较早或绝经较晚；10.未产妇及首次初产年龄大于等于35岁；11.乳腺癌个人史；12.一级亲属罹患乳腺癌；13.饮酒；14.吸烟；15.夜班工作；16.暴露于治疗性电离辐射；17.是否哺乳；18.大豆/植物雌激素应用；19.体育锻炼；\n不确定性因素：未录入','无','乳腺癌','low','sex=\'女\' and (height>175 or height/weight/weight*10000>=24)','dismatch','toGenerate','2016-06-13 04:24:22','2016-06-13 04:24:22',NULL),('24c1a11d8fb442bcb875a1d604d0d506-low-aa5f7b61e93f4c0a8639e2b2d8b3a933','24c1a11d8fb442bcb875a1d604d0d506','aa5f7b61e93f4c0a8639e2b2d8b3a933','中华医学会外科学分会胰腺外科学组','','1.年龄；2.家族史；3.60岁以上突发糖尿病；4.慢性胰腺炎病史；5.吸烟；6.饮酒；7.肥胖；8.远端胃大部切除术病史（时间大于20年）；9.接触萘胺及苯类化合物者\r\n前驱症状：消化不良、恶性、脂肪泻、黄疸、疼痛、体重减轻','','胰腺癌','low','age>=40 and (tag_smoke_age>10 or height/weight/weight*10000>24)','dismatch','toGenerate','2016-06-13 04:24:22','2016-06-13 04:24:22',NULL),('24c1a11d8fb442bcb875a1d604d0d506-low-ae6bcb0679ba4b7f83ec6aca09757dd6','24c1a11d8fb442bcb875a1d604d0d506','ae6bcb0679ba4b7f83ec6aca09757dd6',' 中华人民共和国国家卫生和计划生育委员会(NHFPC,National Health and Family Planning Commission of China)','','1.高血压史（≥140/90 mmHg）或正在服用降压药物 \n2.房颤和（或）心脏瓣膜病等心脏病\n3.吸烟\n4.血脂异常\n5.糖尿病\n6.BMI大于26\n7.很少进行体育活动\n8.有卒中家族史','','颈动脉狭窄','low','locate(\'高血压\',sufferedDiseases)>0 or locate(\'房颤\',sufferedDiseases)>0 or locate(\'心脏\',sufferedDiseases)>0 or locate(\'糖尿病\',sufferedDiseases)>0 or tag_smoke_style!=\'no\'','match','toRelease','2016-06-13 04:24:22','2016-06-13 04:24:22',NULL),('24c1a11d8fb442bcb875a1d604d0d506-low-b324470469f449a883059bebbc195bea','24c1a11d8fb442bcb875a1d604d0d506','b324470469f449a883059bebbc195bea',' 中华医学会内镜学分会(CSDE,Chinese Society of Digestive Endoscopy) 中国抗癌协会(Chinese Anti-cancer Association) 中国抗癌协会肿瘤内镜专业委员会','','1.性别：\n2.年龄\n3.饮食：加盐腌制蔬菜或烟熏肉和鱼。\n4.吸烟\n5.治疗：接受过胃部手术。\n6.癌前疾病：慢性萎缩性胃炎、胃溃疡、胃息肉。\n7.家族肿瘤疾病史：包括家族胃癌史，遗传性非息肉性肠癌，家族性腺瘤性息肉等遗传性疾病等。\n8.恶性贫血。\n9.肥胖：超过正常体重20～25公斤\n10.经济状况：经济较差的地区，胃癌的发病率较高。\n11.是否有贫血、消瘦、消化道出血、呕吐、上腹部不适、上腹部肿块.来源:2013卫计委胃癌规范化诊疗指南（试行）','  男女不限，年龄大于等于40岁，满足一下任意一条：\n1.胃癌高发地区人群\n2.幽门螺旋杆菌感染感染\n3.既往患有慢性萎缩性胃炎等胃癌癌前病变\n4.一级亲属罹患胃癌\n5.存在胃癌其它高危因素（吸烟、重度饮酒、高盐、腌制饮食等）\n检查需同时进行','胃癌','low','age>=40 and (locate(\'幽门螺旋杆菌阳性\',sufferedDiseases)>0 or locate(\'salty\',tag_foodStyle)>0 or locate(\'smoked\',tag_foodStyle)>0 or locate(\'cured\',tag_foodStyle)>0 or tag_smoke_age>1 or locate(\'胃\',sufferedDiseases)>0 or locate(\'胃癌\',inheritDiseases)>0 or locate(\'腺瘤\',inheritDiseases)>0 or locate(\'肠癌\',inheritDiseases)>0)','dismatch','toGenerate','2016-06-13 04:24:22','2016-06-13 04:24:22',NULL),('24c1a11d8fb442bcb875a1d604d0d506-low-e00f9b2d6bee4dc7aeb0d821f8ac068d','24c1a11d8fb442bcb875a1d604d0d506','e00f9b2d6bee4dc7aeb0d821f8ac068d','中华医学会消化内镜学分会消化系早癌内镜诊断与治疗协作组,中华医学会消化病学分会消化道肿瘤协作组,中华医学会消化病学分会消化病理学组','','将55～74岁的一般风险人群、40～74岁的高风险人群以及家族史不详的人群作为内镜筛查的目标人群。\n①长期居住于食管鳞癌高发区；②一级亲属有食管鳞癌病史；③既往有食管病变史(食管上皮内瘤变)；④本人有癌症史；⑤长期吸烟史；⑥长期饮酒史；⑦有不良饮食习惯如进食快、热烫饮食、高盐饮食、进食腌菜者。','一般风险人群：无上述任意1条者。（鉴于现有国际国内指南均未推荐筛查频率，本项目拟定胃癌筛查频率进行）','食管癌','low','age>=40 and age<=74 and (locate(\'fast\',tag_foodStyle)>0 or locate(\'hot\',tag_foodStyle)>0 or locate(\'salty\',tag_foodStyle)>0)','dismatch','toGenerate','2016-06-13 04:24:22','2016-06-13 04:24:22',NULL),('2deede843eb9449db982efa583ab5a77-high-07e68dd1ea5f4f549eb813f80ca0a7b5','2deede843eb9449db982efa583ab5a77','07e68dd1ea5f4f549eb813f80ca0a7b5',' 中华人民共和国卫生部(MINISTRY OF HEALTH OF THE PEOPLE`S REPUBLIC OF CHINA)','','年龄\r\n备注：包含牙周疾病及口腔癌等','大于60岁，半年一次','龋齿','high','age>=60','dismatch','toGenerate','2016-06-13 04:24:22','2016-06-13 04:24:22',NULL),('2deede843eb9449db982efa583ab5a77-high-1cfc1f8ff2dc4049b2422177cd3b9040','2deede843eb9449db982efa583ab5a77','1cfc1f8ff2dc4049b2422177cd3b9040',' 美国国家综合癌症网络(NCCN,National Comprehensive Cancer Network)','','1.吸烟史\n2.氡暴露史\n3.职业暴露：砒霜、铬、石棉、镍、镉、铍、硅、柴油烟雾（吸烟可以叠加）\n4.一级亲属罹患肺癌\n5.COPD及肺纤维化病史\n6.报警症状','或年龄大于50岁，并且吸烟指数大于20支.年，或包含任意一条危险因素（见关注因素）','肺癌','high','age>50 and tag_smoke_quantity>=20','dismatch','toGenerate','2016-06-13 04:24:22','2016-06-13 04:24:22',NULL),('2deede843eb9449db982efa583ab5a77-high-365153d2e9e44bf0a15ec2fb25c97c31','2deede843eb9449db982efa583ab5a77','365153d2e9e44bf0a15ec2fb25c97c31',' 美国预防医学工作组(USPSTF,U.S. Preventive Services Task Force)','','1.性别\r\n2.年龄\r\n3.吸烟\r\n4.家族史（一级亲属罹患腹主动脉瘤）\r\n5.既往史（既往被诊断：血管瘤、心、脑血管疾病、动脉粥样硬化、高胆固醇血症、肥胖和高血压）','男性\r\n吸烟超过100只\r\n年龄大于65岁','腹主动脉瘤','high','sex=\'男\' and age>=65 and tag_smoke_style!=\'no\'','dismatch','toGenerate','2016-06-13 04:24:22','2016-06-13 04:24:22',NULL),('2deede843eb9449db982efa583ab5a77-high-3841703bd931482fb3bc425b4178b813','2deede843eb9449db982efa583ab5a77','3841703bd931482fb3bc425b4178b813',' 中华医学会内镜学分会(CSDE,Chinese Society of Digestive Endoscopy) 中华医学会消化病学分会(CSGE,Chinese Society Of Gastroenterology)','','1.年龄\r\n2.结直肠腺瘤、锯齿状息肉及结直肠癌病史\r\n3.非特异性肠炎病史\r\n4.阳性家族史（Lynch综合征病史、多发性错构瘤综合征病史等）\r\n5.大便隐血实验结果\r\n6.具有以下两项及两项以上者：①慢性便秘；②黏液血便；③慢性腹泻；④慢性阑尾炎或阑尾切除史；⑤精神刺激史；⑥体重指数 (BMI) ＞28 kg/m2；⑦吸烟指数大于400只/年；慢性胆囊炎及胆囊切除史；慢性便秘指近2年来便秘每年在2个月以上','1.有便血、黑便、体重减轻、贫血等报警症状的人群\n2.大于50岁，包含：结直肠腺瘤、锯齿状息肉及结直肠癌病史；非特异性肠炎病史；阳性家族史（Lynch综合征病史、多发性错构瘤综合征病史等）可以理解为一级亲属有结直肠癌病史；大便隐血实验结果阳性；具有以下两项及两项以上者：①慢性便秘；②黏液血便；③慢性腹泻；④慢性阑尾炎或阑尾切除史；⑤精神刺激史；⑥体重指数 (BMI) ＞28 kg/m2；⑦吸烟指数大于400只/年；慢性胆囊炎及胆囊切除史；慢性便秘指近2年来便秘每年在2个月以上','结直肠癌','high','age>=50 and (tag_smoke_quantity>1 or weight/height/height*10000>28)','dismatch','toGenerate','2016-06-13 04:24:22','2016-06-13 04:24:22',NULL),('2deede843eb9449db982efa583ab5a77-high-3d1776a7aa894ceca869b38cbc5245fe','2deede843eb9449db982efa583ab5a77','3d1776a7aa894ceca869b38cbc5245fe',' 中华人民共和国卫生部(MINISTRY OF HEALTH OF THE PEOPLE`S REPUBLIC OF CHINA)','','年龄','年龄大于等于60岁','牙周病','high','age>=60','dismatch','toGenerate','2016-06-13 04:24:22','2016-06-13 04:24:22',NULL),('2deede843eb9449db982efa583ab5a77-high-40c2f59a7b2c4b50937da37b2b9f7919','2deede843eb9449db982efa583ab5a77','40c2f59a7b2c4b50937da37b2b9f7919',' 中华医学会心血管病学分会(Chinese Society of Cardiology)','','既往史：先天性心脏病、结缔组织病、HIV感染、减肥药物治疗史、肝病及贫血\n个人史：职业解除如印刷厂或加油站工人接触油类物品、HIV感染、男-男同性恋、吸毒及染发剂接触	婚育史：女性是否有习惯性流产、男性需了解直系女性亲属是否有习惯性流产	\n家族史：是否有诊断肺动脉高压或先心病史\n','既往史：先天性心脏病、结缔组织病、HIV感染、减肥药物治疗史、肝病及贫血\n个人史：职业解除如印刷厂或加油站工人接触油类物品、HIV感染、男-男同性恋、吸毒及染发剂接触	婚育史：女性是否有习惯性流产、男性需了解直系女性亲属是否有习惯性流产	\n家族史：是否有诊断肺动脉高压或先心病史\n胸部影像学检测提示有右心脏增大及肺动脉增粗表现\n如有非特异性临床表现和体征可更考虑疑诊','肺动脉高压','high','(locate(\'先天性心脏病\',sufferedDiseases)>0 or locate(\'HIV感染\',sufferedDiseases)>0 or locate(\'肝病\',sufferedDiseases)>0 or locate(\'贫血\',sufferedDiseases)>0 or locate(\'结缔组织病\',sufferedDiseases)>0 or locate(\'先天性心脏病\',inheritDiseases)>0)','dismatch','toGenerate','2016-06-13 04:24:22','2016-06-13 04:24:22',NULL),('2deede843eb9449db982efa583ab5a77-high-54cf2c7cb40c4d538f700e731894495e','2deede843eb9449db982efa583ab5a77','54cf2c7cb40c4d538f700e731894495e',' 中华人民共和国国家卫生和计划生育委员会(NHFPC,National Health and Family Planning Commission of China)','','HCV感染高危人群，包括： \r\na) 有静脉药瘾史者； \r\nb) 有职业或其他原因（纹身、穿孔、针灸等）所致的针刺伤史者； \r\nc) 有医源性暴露史，包括手术、透析、不洁口腔诊疗操作、器官或组织移植者； \r\nd） 有高危性行为史，如多个性伴、男男同性恋者； \r\ne) HCV感染者的性伴及家庭成员； \r\nf) HIV感染者及其性伴； \r\ng) HCV感染母亲所生的子女； \r\nh) 破损皮肤和赫膜被HCV感染者血液污染者； \r\ni) 有输血或应用血液制品史者（主要是1993年前有过输血或应用血制品者） \r\nj) 1996年前的供血浆者。 ','HCV感染高危人群，包括： \na) 有静脉药瘾史者； \nb) 有职业或其他原因（纹身、穿孔、针灸等）所致的针刺伤史者； \nc) 有医源性暴露史，包括手术、透析、不洁口腔诊疗操作、器官或组织移植者； \nd） 有高危性行为史，如多个性伴、男男同性恋者； \ne) HCV感染者的性伴及家庭成员； \nf) HIV感染者及其性伴； \ng) HCV感染母亲所生的子女； \nh) 破损皮肤和赫膜被HCV感染者血液污染者； \ni) 有输血或应用血液制品史者（主要是1993年前有过输血或应用血制品者） \nj) 1996年前的供血浆者。 ','丙型病毒性肝炎','high','tag_sexHomosex=true or tag_sexBehaviorStyle=\'highrisk\' or locate(\'HCV\',inheritDiseases)>0','dismatch','toGenerate','2016-06-13 04:24:22','2016-06-13 04:24:22',NULL),('2deede843eb9449db982efa583ab5a77-high-56f55df13386472c98df5a082a3ec9ae','2deede843eb9449db982efa583ab5a77','56f55df13386472c98df5a082a3ec9ae',' 美国预防医学工作组(USPSTF,U.S. Preventive Services Task Force)','','1.血压在正常高值者（130-139/85-89 mmHg）\r\n2.BMI大于24\r\n3.腹型肥胖：男性腰围大于90cm，女性大于85cm\r\n4.家族史（一、二级亲属罹患高血压）\r\n5.长期高盐饮食\r\n6.长期饮酒，日均大于等于100ml（2两）\r\n来源于（中国高血压基层管理指南（2014年修订版））','≥40岁的成人，血压在正常高值者（130-139/85-89 mmHg）、超重或肥胖者。','高血压','high','age>=40 and weight/height/height*10000>=24','dismatch','toGenerate','2016-06-13 04:24:22','2016-06-13 04:24:22',NULL),('2deede843eb9449db982efa583ab5a77-high-68db0e163064409286056fe21f7f27ad','2deede843eb9449db982efa583ab5a77','68db0e163064409286056fe21f7f27ad',' 北京市脑卒中诊疗质量控制与改进中心','','1.脂代谢异常\n2.高血压、糖尿\n3.吸烟及吸烟环境\n4.家族史：一二级亲属罹患脑动脉粥样硬化\n5.肥胖\n6.高同型半胱氨酸\n','大于45岁，包含一下一项或以上：1.高胆固醇或高甘油三酯血症；2.高血压；3.糖尿病；4.吸烟；5.家族史；6.大量饮酒；7.肥胖及不良饮食习惯（高热量、高脂肪）；8.缺乏规律有氧运动；9.被诊断高同型半胱氨酸','脑动脉粥样硬化','high','age>=45 and (locate(\'高血压\',sufferedDiseases)>0 or locate(\'糖尿病\',sufferedDiseases)>0 or locate(\'脑动脉粥样硬化\',inheritDiseases)>0)','dismatch','toGenerate','2016-06-13 04:24:22','2016-06-13 04:24:22',NULL),('2deede843eb9449db982efa583ab5a77-high-7c77c03835cc41dda72c27028ecb7585','2deede843eb9449db982efa583ab5a77','7c77c03835cc41dda72c27028ecb7585',' 中华医学会外科学分会胆道外科学组','','1.是否患有胆囊结石2.是否有胆囊慢性炎症3.是否有胆囊息肉4.是否存在胆胰管汇合异常5.家族史：胆囊癌及胆囊结石家族史6.是否有胆道系统感染7.是否肥胖，是否有糖尿病8.','(1)胆囊息肉；(2)年龄超过50岁，特别是女性；(3)肥胖症；(4)有胆石症或胆囊癌家族史。','胆囊癌','high','locate(\'胆囊息肉\',sufferedDiseases)>0 or (age>=50 and sex=\'女\') or locate(\'肥胖\',sufferedDiseases)>0 or locate(\'胆结石\',inheritDiseases)>0 or locate(\'胆囊癌\',inheritDiseases)>0','done','toRelease','2016-06-13 04:24:22','2016-06-13 04:24:22',NULL),('2deede843eb9449db982efa583ab5a77-high-89932374522c4cc4979d2c1206949377','2deede843eb9449db982efa583ab5a77','89932374522c4cc4979d2c1206949377','中华医学会内分泌学分会(CSE,Chinese Society of Endocrinology)','','成年人 (>18岁)具有下列任何一个及以上的糖尿病高危因素，可定义为糖尿病高危人群：\r\n\r\n(1)年龄≥40岁；\r\n\r\n(2)既往有糖尿病前期病史；\r\n\r\n(3)超重、肥胖 (体重指数≥24 kg/m2)，男性腰围≥90cm,女性腰围≥85cm；\r\n\r\n(4)静坐的生活方式；\r\n\r\n(5)一级亲属中有2型糖尿病家族史；\r\n\r\n(6)有巨大儿 (出生体重≥4 kg)生产史，妊娠期显性糖尿病或妊娠糖尿病病史的妇女；\r\n\r\n(7)高血压 [收缩压≥140 mmHg (1mmHg=0.133kPa)和(或)舒张压≥90 mmHg]或正在接受降压治疗；\r\n\r\n(8)血脂异常(高密度脂蛋白胆固醇≤0.91mmol/L及甘油三酯≥2.22mmol/L，或正在接受调脂治疗)；\r\n\r\n(9)动脉粥样硬化性CCVD患者；\r\n\r\n(10)有一过性类固醇性糖尿病病史者；\r\n\r\n(11)多囊卵巢综合征患者；\r\n\r\n(12)严重精神病和 (或)长期接受抗抑郁症药物治疗的患者。','成年人 (>18岁)具有下列任何一个及以上的糖尿病高危因素，可定义为糖尿病高危人群：\n\n(1)年龄≥40岁；\n\n(2)既往有糖尿病前期病史；\n\n(3)超重、肥胖 (体重指数≥24 kg/m2)，男性腰围≥90cm,女性腰围≥85cm；\n\n(4)静坐的生活方式；\n\n(5)一级亲属中有2型糖尿病家族史；\n\n(6)有巨大儿 (出生体重≥4 kg)生产史，妊娠期显性糖尿病或妊娠糖尿病病史的妇女；\n\n(7)高血压 [收缩压≥140 mmHg (1mmHg=0.133kPa)和(或)舒张压≥90 mmHg]或正在接受降压治疗；\n\n(8)血脂异常(高密度脂蛋白胆固醇≤0.91mmol/L及甘油三酯≥2.22mmol/L，或正在接受调脂治疗)；\n\n(9)动脉粥样硬化性CCVD患者；\n\n(10)有一过性类固醇性糖尿病病史者；\n\n(11)多囊卵巢综合征患者；\n\n(12)严重精神病和 (或)长期接受抗抑郁症药物治疗的患者。','成人2型糖尿病','high','age>=40 and (weight/height/height*10000>=24 or  locate(\'糖尿病\',inheritDiseases)>0 or locate(\'动脉粥样硬化\',sufferedDiseases)>0 or locate(\'一过性类固醇糖尿病\',sufferedDiseases)>0 or locate(\'多囊卵巢综合症\',sufferedDiseases))','dismatch','toGenerate','2016-06-13 04:24:22','2016-06-13 04:24:22',NULL),('2deede843eb9449db982efa583ab5a77-high-8a2b68cc6b054aa7a40b5763f14cec28','2deede843eb9449db982efa583ab5a77','8a2b68cc6b054aa7a40b5763f14cec28','美国妇产科医师学会(ACOG,American College of Obstetricians and Gynecologists)','','1.人乳头瘤病毒感染；2.过早性生活；3.多个性伙伴；4.多产；5.丈夫婚外性行为；6.阴茎癌；7.社会经济条件差；8.营养不良；9.吸烟','1.大于等于21岁\r\n2.有性行为','宫颈癌','high','age>=21 and tag_hasSexBehavior=true and (tag_sexParterners>1 or tag_sexBehaviorStyle=\'highrisk\')','dismatch','toGenerate','2016-06-13 04:24:22','2016-06-13 04:24:22',NULL),('2deede843eb9449db982efa583ab5a77-high-9a1bac66a1b640c2b1e106ecd37797e9','2deede843eb9449db982efa583ab5a77','9a1bac66a1b640c2b1e106ecd37797e9',' 美国国家综合癌症网络(NCCN,National Comprehensive Cancer Network)','','1.年龄\r\n2.是否有肝硬化\r\n3.饮酒\r\n4.乙型肝炎病毒感染\r\n5.丙型肝炎病毒感染\r\n6.非酒精性脂肪肝\r\n7.α1-抗胰蛋白酶缺乏症病史\r\n8.四期原发性胆汁性肝硬化病史\r\n9.遗传性血色病病史','1.各种原因导致的肝硬化患者\r\n2.乙肝携带者，男性大于等于40岁，女性大于等于50岁','肝癌','high','((age>=40 and sex=\'男\') or (age>=50 and sex=\'女\'))and locate(\'乙肝\',sufferedDiseases)>0','dismatch','toGenerate','2016-06-13 04:24:22','2016-06-13 04:24:22',NULL),('2deede843eb9449db982efa583ab5a77-high-a1ccc6a220a4465f964195c539c1d365','2deede843eb9449db982efa583ab5a77','a1ccc6a220a4465f964195c539c1d365','中国癌症筛查及早诊早治技术方案 人民卫生出版社','','1.地区：高发地区：鼻咽癌死亡率＞3/10万的地区（中国标化）：广东、广西、福建、湖南、江西\n2.家族史：有家族聚集倾向，一级亲属罹患过鼻咽癌的；\n3.喜食咸鱼、腌制食物的、长期接触甲醛的\n4.高镍环境（存疑）','满足2和或3-4 条\r\n年龄大于等于30岁','鼻咽癌','high','age>=30 and (locate(\'鼻咽癌\',inheritDiseases)>0 or locate(\'salty\',tag_foodStyle)>0)','dismatch','toGenerate','2016-06-13 04:24:22','2016-06-13 04:24:22',NULL),('2deede843eb9449db982efa583ab5a77-high-a26efd48e9484b22b8bf7477f7656630','2deede843eb9449db982efa583ab5a77','a26efd48e9484b22b8bf7477f7656630','美国国家综合癌症网络(NCCN,National Comprehensive Cancer Network)','','1.年龄\r\n2.家族史（一级亲属罹患前列腺癌）','年龄大于等于45岁','前列腺癌','high','age>=45 and sex=\'男\' and locate(\'前列腺癌\',inheritDiseases)>0','dismatch','toGenerate','2016-06-13 04:24:22','2016-06-13 04:24:22',NULL),('2deede843eb9449db982efa583ab5a77-high-a5c0a4318fb547c7bcf015480b2ca8c4','2deede843eb9449db982efa583ab5a77','a5c0a4318fb547c7bcf015480b2ca8c4',' 中国抗癌协会乳腺癌专业委员会(CACA-CBCS,Chinese Anti-Cancer Association, Committee of Breast Cancer Society)','','确定性因素：1.年龄；2.性别；3.绝经后体重增加 BMI≥30kg/m2或增加10公斤；4.高身材，身高大于175cm；5.雌激素水平（高内源性雌激素水平）；6.骨密度（升高者发病率升高）；7.良性乳腺疾病史；8.长期使用外源性雌激素；9.初潮较早或绝经较晚；10.未产妇及首次初产年龄大于等于35岁；11.乳腺癌个人史；12.一级亲属罹患乳腺癌；13.饮酒；14.吸烟；15.夜班工作；16.暴露于治疗性电离辐射；17.是否哺乳；18.大豆/植物雌激素应用；19.体育锻炼；\n不确定性因素：未录入','1.有明显的乳腺癌遗传倾向者\r\n2.既往有乳腺良恶性疾病患者\r\n3.既往行胸部放疗','乳腺癌','high','sex=\'女\' and (locate(\'乳腺\',sufferedDiseases)>0 or locate(\'乳腺\',inheritDiseases)>0 or height>175 or height/weight/weight*10000>=24)','dismatch','toGenerate','2016-06-13 04:24:23','2016-06-13 04:24:23',NULL),('2deede843eb9449db982efa583ab5a77-high-aa5f7b61e93f4c0a8639e2b2d8b3a933','2deede843eb9449db982efa583ab5a77','aa5f7b61e93f4c0a8639e2b2d8b3a933','中华医学会外科学分会胰腺外科学组','','1.年龄；2.家族史；3.60岁以上突发糖尿病；4.慢性胰腺炎病史；5.吸烟；6.饮酒；7.肥胖；8.远端胃大部切除术病史（时间大于20年）；9.接触萘胺及苯类化合物者\r\n前驱症状：消化不良、恶性、脂肪泻、黄疸、疼痛、体重减轻','1.年龄大于40岁，有非特异性上腹部不适症状；\n2.一级亲属有罹患胰腺癌\n3.年龄大于60岁，突发糖尿病，缺乏家族史，低体重指数，很快形成胰岛素抵抗\n4.慢性胰腺炎病史：特别是遗传性胰腺炎病史\n5.良性病变行远端胃大部切除术者，特别是术后20年以上人群\n6.导管内乳头状粘液瘤患者\n7.FAP 家族性腺瘤息肉病患者\n8.长期吸烟\n9.大量饮酒\n10.体重超重\n11.黑斑息肉综合征病史\n12.家族性恶性黑色素瘤病史','胰腺癌','high','(age>=40 and locate(\'胰腺癌\',inheritDiseases)>0 or locate(\'胰腺\',sufferedDiseases)>0) or (locate(\'突发性糖尿病\',sufferedDiseases)>0 and age>=60)','dismatch','toGenerate','2016-06-13 04:24:22','2016-06-13 04:24:22',NULL),('2deede843eb9449db982efa583ab5a77-high-ae6bcb0679ba4b7f83ec6aca09757dd6','2deede843eb9449db982efa583ab5a77','ae6bcb0679ba4b7f83ec6aca09757dd6',' 中华人民共和国国家卫生和计划生育委员会(NHFPC,National Health and Family Planning Commission of China)','','1.高血压史（≥140/90 mmHg）或正在服用降压药物 \n2.房颤和（或）心脏瓣膜病等心脏病\n3.吸烟\n4.血脂异常\n5.糖尿病\n6.BMI大于26\n7.很少进行体育活动\n8.有卒中家族史','1.以上8条满足3条\r\n2.既往有缺血性脑卒中病史或短暂性脑缺血发作病史','颈动脉狭窄','high','(locate(\'高血压\',sufferedDiseases)>0 or locate(\'房颤\',sufferedDiseases)>0 or locate(\'心脏\',sufferedDiseases)>0 or locate(\'糖尿病\',sufferedDiseases)>0 or tag_smoke_style!=\'no\') and (locate(\'脑卒中\',sufferedDiseases)>0 or locate(\'脑缺血\',sufferedDiseases)>0)','dismatch','toGenerate','2016-06-13 04:24:22','2016-06-13 04:24:22',NULL),('2deede843eb9449db982efa583ab5a77-high-b324470469f449a883059bebbc195bea','2deede843eb9449db982efa583ab5a77','b324470469f449a883059bebbc195bea',' 中华医学会内镜学分会(CSDE,Chinese Society of Digestive Endoscopy) 中国抗癌协会(Chinese Anti-cancer Association) 中国抗癌协会肿瘤内镜专业委员会','','1.性别：\n2.年龄\n3.饮食：加盐腌制蔬菜或烟熏肉和鱼。\n4.吸烟\n5.治疗：接受过胃部手术。\n6.癌前疾病：慢性萎缩性胃炎、胃溃疡、胃息肉。\n7.家族肿瘤疾病史：包括家族胃癌史，遗传性非息肉性肠癌，家族性腺瘤性息肉等遗传性疾病等。\n8.恶性贫血。\n9.肥胖：超过正常体重20～25公斤\n10.经济状况：经济较差的地区，胃癌的发病率较高。\n11.是否有贫血、消瘦、消化道出血、呕吐、上腹部不适、上腹部肿块.来源:2013卫计委胃癌规范化诊疗指南（试行）','1.幽门螺旋杆菌+，萎缩性胃炎-\n2.幽门螺旋杆菌+，萎缩性胃炎+\n3.幽门螺旋杆菌-，萎缩性胃炎-\n4.幽门螺旋杆菌-，萎缩性胃炎-按照一般人群处理','胃癌','high','locate(\'幽门螺旋杆菌阳性\',sufferedDiseases)>0 and (locate(\'salty\',tag_foodStyle)>0 or locate(\'smoked\',tag_foodStyle)>0 or locate(\'cured\',tag_foodStyle)>0 or tag_smoke_age>1 or locate(\'胃\',sufferedDiseases)>0 or locate(\'胃癌\',inheritDiseases)>0 or locate(\'腺瘤\',inheritDiseases)>0 or locate(\'肠癌\',inheritDiseases)>0)','dismatch','toGenerate','2016-06-13 04:24:23','2016-06-13 04:24:23',NULL),('2deede843eb9449db982efa583ab5a77-high-e00f9b2d6bee4dc7aeb0d821f8ac068d','2deede843eb9449db982efa583ab5a77','e00f9b2d6bee4dc7aeb0d821f8ac068d','中华医学会消化内镜学分会消化系早癌内镜诊断与治疗协作组,中华医学会消化病学分会消化道肿瘤协作组,中华医学会消化病学分会消化病理学组','','将55～74岁的一般风险人群、40～74岁的高风险人群以及家族史不详的人群作为内镜筛查的目标人群。\n①长期居住于食管鳞癌高发区；②一级亲属有食管鳞癌病史；③既往有食管病变史(食管上皮内瘤变)；④本人有癌症史；⑤长期吸烟史；⑥长期饮酒史；⑦有不良饮食习惯如进食快、热烫饮食、高盐饮食、进食腌菜者。','有以上任意1条者视为高危人群（鉴于现有国际国内指南均未推荐筛查频率，本项目拟定胃癌筛查频率进行）','食管癌','high','age>=55 and age<=74 and (locate(\'食管鳞癌\',inheritDiseases)>0  or locate(\'食管\',sufferedDiseases)>0 or locate(\'癌\',sufferedDiseases)>0 or tag_smoke_age>=10 or locate(\'fast\',tag_foodStyle)>0 or locate(\'hot\',tag_foodStyle)>0 or locate(\'salty\',tag_foodStyle)>0)','dismatch','toGenerate','2016-06-13 04:24:22','2016-06-13 04:24:22',NULL),('2deede843eb9449db982efa583ab5a77-low-07e68dd1ea5f4f549eb813f80ca0a7b5','2deede843eb9449db982efa583ab5a77','07e68dd1ea5f4f549eb813f80ca0a7b5',' 中华人民共和国卫生部(MINISTRY OF HEALTH OF THE PEOPLE`S REPUBLIC OF CHINA)','','年龄\r\n备注：包含牙周疾病及口腔癌等','大于18岁小于60岁，每年一次','龋齿','low','age>=18 and age<60','done','toRelease','2016-06-13 04:24:22','2016-06-13 04:24:22',NULL),('2deede843eb9449db982efa583ab5a77-low-1cfc1f8ff2dc4049b2422177cd3b9040','2deede843eb9449db982efa583ab5a77','1cfc1f8ff2dc4049b2422177cd3b9040',' 美国国家综合癌症网络(NCCN,National Comprehensive Cancer Network)','','1.吸烟史\n2.氡暴露史\n3.职业暴露：砒霜、铬、石棉、镍、镉、铍、硅、柴油烟雾（吸烟可以叠加）\n4.一级亲属罹患肺癌\n5.COPD及肺纤维化病史\n6.报警症状','年龄大于等于55岁，并且吸烟指数大于30支.年，戒烟时间小于15年','肺癌','low','age>=55 and tag_smoke_quantity>=30','dismatch','toGenerate','2016-06-13 04:24:22','2016-06-13 04:24:22',NULL),('2deede843eb9449db982efa583ab5a77-low-365153d2e9e44bf0a15ec2fb25c97c31','2deede843eb9449db982efa583ab5a77','365153d2e9e44bf0a15ec2fb25c97c31',' 美国预防医学工作组(USPSTF,U.S. Preventive Services Task Force)','','1.性别\r\n2.年龄\r\n3.吸烟\r\n4.家族史（一级亲属罹患腹主动脉瘤）\r\n5.既往史（既往被诊断：血管瘤、心、脑血管疾病、动脉粥样硬化、高胆固醇血症、肥胖和高血压）','未吸烟男性，但包含以上危险因素','腹主动脉瘤','low','sex=\'男\' and tag_smoke_style=\'low\'','dismatch','toGenerate','2016-06-13 04:24:22','2016-06-13 04:24:22',NULL),('2deede843eb9449db982efa583ab5a77-low-3841703bd931482fb3bc425b4178b813','2deede843eb9449db982efa583ab5a77','3841703bd931482fb3bc425b4178b813',' 中华医学会内镜学分会(CSDE,Chinese Society of Digestive Endoscopy) 中华医学会消化病学分会(CSGE,Chinese Society Of Gastroenterology)','','1.年龄\r\n2.结直肠腺瘤、锯齿状息肉及结直肠癌病史\r\n3.非特异性肠炎病史\r\n4.阳性家族史（Lynch综合征病史、多发性错构瘤综合征病史等）\r\n5.大便隐血实验结果\r\n6.具有以下两项及两项以上者：①慢性便秘；②黏液血便；③慢性腹泻；④慢性阑尾炎或阑尾切除史；⑤精神刺激史；⑥体重指数 (BMI) ＞28 kg/m2；⑦吸烟指数大于400只/年；慢性胆囊炎及胆囊切除史；慢性便秘指近2年来便秘每年在2个月以上','年龄大于等于50岁，无以上危险因素','结直肠癌','low','age>=50','dismatch','toGenerate','2016-06-13 04:24:22','2016-06-13 04:24:22',NULL),('2deede843eb9449db982efa583ab5a77-low-3d1776a7aa894ceca869b38cbc5245fe','2deede843eb9449db982efa583ab5a77','3d1776a7aa894ceca869b38cbc5245fe',' 中华人民共和国卫生部(MINISTRY OF HEALTH OF THE PEOPLE`S REPUBLIC OF CHINA)','','年龄','大于18岁，小于60岁','牙周病','low','age>18 and age<60','done','toRelease','2016-06-13 04:24:22','2016-06-13 04:24:22',NULL),('2deede843eb9449db982efa583ab5a77-low-40c2f59a7b2c4b50937da37b2b9f7919','2deede843eb9449db982efa583ab5a77','40c2f59a7b2c4b50937da37b2b9f7919',' 中华医学会心血管病学分会(Chinese Society of Cardiology)','','既往史：先天性心脏病、结缔组织病、HIV感染、减肥药物治疗史、肝病及贫血\n个人史：职业解除如印刷厂或加油站工人接触油类物品、HIV感染、男-男同性恋、吸毒及染发剂接触	婚育史：女性是否有习惯性流产、男性需了解直系女性亲属是否有习惯性流产	\n家族史：是否有诊断肺动脉高压或先心病史\n','','肺动脉高压','low','1=0','dismatch','toGenerate','2016-06-13 04:24:22','2016-06-13 04:24:22',NULL),('2deede843eb9449db982efa583ab5a77-low-54cf2c7cb40c4d538f700e731894495e','2deede843eb9449db982efa583ab5a77','54cf2c7cb40c4d538f700e731894495e',' 中华人民共和国国家卫生和计划生育委员会(NHFPC,National Health and Family Planning Commission of China)','','HCV感染高危人群，包括： \r\na) 有静脉药瘾史者； \r\nb) 有职业或其他原因（纹身、穿孔、针灸等）所致的针刺伤史者； \r\nc) 有医源性暴露史，包括手术、透析、不洁口腔诊疗操作、器官或组织移植者； \r\nd） 有高危性行为史，如多个性伴、男男同性恋者； \r\ne) HCV感染者的性伴及家庭成员； \r\nf) HIV感染者及其性伴； \r\ng) HCV感染母亲所生的子女； \r\nh) 破损皮肤和赫膜被HCV感染者血液污染者； \r\ni) 有输血或应用血液制品史者（主要是1993年前有过输血或应用血制品者） \r\nj) 1996年前的供血浆者。 ','持续性血液透析者','丙型病毒性肝炎','low','locate(\'血液透析\',sufferedDiseases)>0','dismatch','toGenerate','2016-06-13 04:24:23','2016-06-13 04:24:23',NULL),('2deede843eb9449db982efa583ab5a77-low-56f55df13386472c98df5a082a3ec9ae','2deede843eb9449db982efa583ab5a77','56f55df13386472c98df5a082a3ec9ae',' 美国预防医学工作组(USPSTF,U.S. Preventive Services Task Force)','','1.血压在正常高值者（130-139/85-89 mmHg）\r\n2.BMI大于24\r\n3.腹型肥胖：男性腰围大于90cm，女性大于85cm\r\n4.家族史（一、二级亲属罹患高血压）\r\n5.长期高盐饮食\r\n6.长期饮酒，日均大于等于100ml（2两）\r\n来源于（中国高血压基层管理指南（2014年修订版））','18-39岁、血压正常（<130/85 mmHg）且没有危险因素。','高血压','low','age>=18 and age<40 and weight/height/height*10000<24','done','toRelease','2016-06-13 04:24:23','2016-06-13 04:24:23',NULL),('2deede843eb9449db982efa583ab5a77-low-68db0e163064409286056fe21f7f27ad','2deede843eb9449db982efa583ab5a77','68db0e163064409286056fe21f7f27ad',' 北京市脑卒中诊疗质量控制与改进中心','','1.脂代谢异常\n2.高血压、糖尿\n3.吸烟及吸烟环境\n4.家族史：一二级亲属罹患脑动脉粥样硬化\n5.肥胖\n6.高同型半胱氨酸\n','','脑动脉粥样硬化','low','age>=45','dismatch','toGenerate','2016-06-13 04:24:22','2016-06-13 04:24:22',NULL),('2deede843eb9449db982efa583ab5a77-low-7c77c03835cc41dda72c27028ecb7585','2deede843eb9449db982efa583ab5a77','7c77c03835cc41dda72c27028ecb7585',' 中华医学会外科学分会胆道外科学组','','1.是否患有胆囊结石2.是否有胆囊慢性炎症3.是否有胆囊息肉4.是否存在胆胰管汇合异常5.家族史：胆囊癌及胆囊结石家族史6.是否有胆道系统感染7.是否肥胖，是否有糖尿病8.','','胆囊癌','low','age>=50','dismatch','toGenerate','2016-06-13 04:24:22','2016-06-13 04:24:22',NULL),('2deede843eb9449db982efa583ab5a77-low-89932374522c4cc4979d2c1206949377','2deede843eb9449db982efa583ab5a77','89932374522c4cc4979d2c1206949377','中华医学会内分泌学分会(CSE,Chinese Society of Endocrinology)','','成年人 (>18岁)具有下列任何一个及以上的糖尿病高危因素，可定义为糖尿病高危人群：\r\n\r\n(1)年龄≥40岁；\r\n\r\n(2)既往有糖尿病前期病史；\r\n\r\n(3)超重、肥胖 (体重指数≥24 kg/m2)，男性腰围≥90cm,女性腰围≥85cm；\r\n\r\n(4)静坐的生活方式；\r\n\r\n(5)一级亲属中有2型糖尿病家族史；\r\n\r\n(6)有巨大儿 (出生体重≥4 kg)生产史，妊娠期显性糖尿病或妊娠糖尿病病史的妇女；\r\n\r\n(7)高血压 [收缩压≥140 mmHg (1mmHg=0.133kPa)和(或)舒张压≥90 mmHg]或正在接受降压治疗；\r\n\r\n(8)血脂异常(高密度脂蛋白胆固醇≤0.91mmol/L及甘油三酯≥2.22mmol/L，或正在接受调脂治疗)；\r\n\r\n(9)动脉粥样硬化性CCVD患者；\r\n\r\n(10)有一过性类固醇性糖尿病病史者；\r\n\r\n(11)多囊卵巢综合征患者；\r\n\r\n(12)严重精神病和 (或)长期接受抗抑郁症药物治疗的患者。','','成人2型糖尿病','low','age>=40','dismatch','toGenerate','2016-06-13 04:24:23','2016-06-13 04:24:23',NULL),('2deede843eb9449db982efa583ab5a77-low-8a2b68cc6b054aa7a40b5763f14cec28','2deede843eb9449db982efa583ab5a77','8a2b68cc6b054aa7a40b5763f14cec28','美国妇产科医师学会(ACOG,American College of Obstetricians and Gynecologists)','','1.人乳头瘤病毒感染；2.过早性生活；3.多个性伙伴；4.多产；5.丈夫婚外性行为；6.阴茎癌；7.社会经济条件差；8.营养不良；9.吸烟','21-29岁','宫颈癌','low','age>=21 and age<=29 and tag_hasSexBehavior=true','dismatch','toGenerate','2016-06-13 04:24:22','2016-06-13 04:24:22',NULL),('2deede843eb9449db982efa583ab5a77-low-9a1bac66a1b640c2b1e106ecd37797e9','2deede843eb9449db982efa583ab5a77','9a1bac66a1b640c2b1e106ecd37797e9',' 美国国家综合癌症网络(NCCN,National Comprehensive Cancer Network)','','1.年龄\r\n2.是否有肝硬化\r\n3.饮酒\r\n4.乙型肝炎病毒感染\r\n5.丙型肝炎病毒感染\r\n6.非酒精性脂肪肝\r\n7.α1-抗胰蛋白酶缺乏症病史\r\n8.四期原发性胆汁性肝硬化病史\r\n9.遗传性血色病病史','普通人群不推荐','肝癌','low','1=0','dismatch','toGenerate','2016-06-13 04:24:22','2016-06-13 04:24:22',NULL),('2deede843eb9449db982efa583ab5a77-low-a1ccc6a220a4465f964195c539c1d365','2deede843eb9449db982efa583ab5a77','a1ccc6a220a4465f964195c539c1d365','中国癌症筛查及早诊早治技术方案 人民卫生出版社','','1.地区：高发地区：鼻咽癌死亡率＞3/10万的地区（中国标化）：广东、广西、福建、湖南、江西\n2.家族史：有家族聚集倾向，一级亲属罹患过鼻咽癌的；\n3.喜食咸鱼、腌制食物的、长期接触甲醛的\n4.高镍环境（存疑）','','鼻咽癌','low','age>=30 and (locate(\'广东\',liveplace)>0 or locate(\'广西\',liveplace)>0 or locate(\'福建\',liveplace)>0 or locate(\'湖南\',liveplace)>0 or locate(\'江西\',liveplace)>0)','dismatch','toGenerate','2016-06-13 04:24:22','2016-06-13 04:24:22',NULL),('2deede843eb9449db982efa583ab5a77-low-a26efd48e9484b22b8bf7477f7656630','2deede843eb9449db982efa583ab5a77','a26efd48e9484b22b8bf7477f7656630','美国国家综合癌症网络(NCCN,National Comprehensive Cancer Network)','','1.年龄\r\n2.家族史（一级亲属罹患前列腺癌）','','前列腺癌','low','age>=45 and sex=\'男\'','dismatch','toGenerate','2016-06-13 04:24:23','2016-06-13 04:24:23',NULL),('2deede843eb9449db982efa583ab5a77-low-a5c0a4318fb547c7bcf015480b2ca8c4','2deede843eb9449db982efa583ab5a77','a5c0a4318fb547c7bcf015480b2ca8c4',' 中国抗癌协会乳腺癌专业委员会(CACA-CBCS,Chinese Anti-Cancer Association, Committee of Breast Cancer Society)','','确定性因素：1.年龄；2.性别；3.绝经后体重增加 BMI≥30kg/m2或增加10公斤；4.高身材，身高大于175cm；5.雌激素水平（高内源性雌激素水平）；6.骨密度（升高者发病率升高）；7.良性乳腺疾病史；8.长期使用外源性雌激素；9.初潮较早或绝经较晚；10.未产妇及首次初产年龄大于等于35岁；11.乳腺癌个人史；12.一级亲属罹患乳腺癌；13.饮酒；14.吸烟；15.夜班工作；16.暴露于治疗性电离辐射；17.是否哺乳；18.大豆/植物雌激素应用；19.体育锻炼；\n不确定性因素：未录入','无','乳腺癌','low','sex=\'女\' and (height>175 or height/weight/weight*10000>=24)','dismatch','toGenerate','2016-06-13 04:24:23','2016-06-13 04:24:23',NULL),('2deede843eb9449db982efa583ab5a77-low-aa5f7b61e93f4c0a8639e2b2d8b3a933','2deede843eb9449db982efa583ab5a77','aa5f7b61e93f4c0a8639e2b2d8b3a933','中华医学会外科学分会胰腺外科学组','','1.年龄；2.家族史；3.60岁以上突发糖尿病；4.慢性胰腺炎病史；5.吸烟；6.饮酒；7.肥胖；8.远端胃大部切除术病史（时间大于20年）；9.接触萘胺及苯类化合物者\r\n前驱症状：消化不良、恶性、脂肪泻、黄疸、疼痛、体重减轻','','胰腺癌','low','age>=40 and (tag_smoke_age>10 or height/weight/weight*10000>24)','dismatch','toGenerate','2016-06-13 04:24:22','2016-06-13 04:24:22',NULL),('2deede843eb9449db982efa583ab5a77-low-ae6bcb0679ba4b7f83ec6aca09757dd6','2deede843eb9449db982efa583ab5a77','ae6bcb0679ba4b7f83ec6aca09757dd6',' 中华人民共和国国家卫生和计划生育委员会(NHFPC,National Health and Family Planning Commission of China)','','1.高血压史（≥140/90 mmHg）或正在服用降压药物 \n2.房颤和（或）心脏瓣膜病等心脏病\n3.吸烟\n4.血脂异常\n5.糖尿病\n6.BMI大于26\n7.很少进行体育活动\n8.有卒中家族史','','颈动脉狭窄','low','locate(\'高血压\',sufferedDiseases)>0 or locate(\'房颤\',sufferedDiseases)>0 or locate(\'心脏\',sufferedDiseases)>0 or locate(\'糖尿病\',sufferedDiseases)>0 or tag_smoke_style!=\'no\'','match','toRelease','2016-06-13 04:24:22','2016-06-13 04:24:22',NULL),('2deede843eb9449db982efa583ab5a77-low-b324470469f449a883059bebbc195bea','2deede843eb9449db982efa583ab5a77','b324470469f449a883059bebbc195bea',' 中华医学会内镜学分会(CSDE,Chinese Society of Digestive Endoscopy) 中国抗癌协会(Chinese Anti-cancer Association) 中国抗癌协会肿瘤内镜专业委员会','','1.性别：\n2.年龄\n3.饮食：加盐腌制蔬菜或烟熏肉和鱼。\n4.吸烟\n5.治疗：接受过胃部手术。\n6.癌前疾病：慢性萎缩性胃炎、胃溃疡、胃息肉。\n7.家族肿瘤疾病史：包括家族胃癌史，遗传性非息肉性肠癌，家族性腺瘤性息肉等遗传性疾病等。\n8.恶性贫血。\n9.肥胖：超过正常体重20～25公斤\n10.经济状况：经济较差的地区，胃癌的发病率较高。\n11.是否有贫血、消瘦、消化道出血、呕吐、上腹部不适、上腹部肿块.来源:2013卫计委胃癌规范化诊疗指南（试行）','  男女不限，年龄大于等于40岁，满足一下任意一条：\n1.胃癌高发地区人群\n2.幽门螺旋杆菌感染感染\n3.既往患有慢性萎缩性胃炎等胃癌癌前病变\n4.一级亲属罹患胃癌\n5.存在胃癌其它高危因素（吸烟、重度饮酒、高盐、腌制饮食等）\n检查需同时进行','胃癌','low','age>=40 and (locate(\'幽门螺旋杆菌阳性\',sufferedDiseases)>0 or locate(\'salty\',tag_foodStyle)>0 or locate(\'smoked\',tag_foodStyle)>0 or locate(\'cured\',tag_foodStyle)>0 or tag_smoke_age>1 or locate(\'胃\',sufferedDiseases)>0 or locate(\'胃癌\',inheritDiseases)>0 or locate(\'腺瘤\',inheritDiseases)>0 or locate(\'肠癌\',inheritDiseases)>0)','dismatch','toGenerate','2016-06-13 04:24:22','2016-06-13 04:24:22',NULL),('2deede843eb9449db982efa583ab5a77-low-e00f9b2d6bee4dc7aeb0d821f8ac068d','2deede843eb9449db982efa583ab5a77','e00f9b2d6bee4dc7aeb0d821f8ac068d','中华医学会消化内镜学分会消化系早癌内镜诊断与治疗协作组,中华医学会消化病学分会消化道肿瘤协作组,中华医学会消化病学分会消化病理学组','','将55～74岁的一般风险人群、40～74岁的高风险人群以及家族史不详的人群作为内镜筛查的目标人群。\n①长期居住于食管鳞癌高发区；②一级亲属有食管鳞癌病史；③既往有食管病变史(食管上皮内瘤变)；④本人有癌症史；⑤长期吸烟史；⑥长期饮酒史；⑦有不良饮食习惯如进食快、热烫饮食、高盐饮食、进食腌菜者。','一般风险人群：无上述任意1条者。（鉴于现有国际国内指南均未推荐筛查频率，本项目拟定胃癌筛查频率进行）','食管癌','low','age>=40 and age<=74 and (locate(\'fast\',tag_foodStyle)>0 or locate(\'hot\',tag_foodStyle)>0 or locate(\'salty\',tag_foodStyle)>0)','dismatch','toGenerate','2016-06-13 04:24:22','2016-06-13 04:24:22',NULL),('486f89f8a5b44d689eb7f93267219855-high-07e68dd1ea5f4f549eb813f80ca0a7b5','486f89f8a5b44d689eb7f93267219855','07e68dd1ea5f4f549eb813f80ca0a7b5',' 中华人民共和国卫生部(MINISTRY OF HEALTH OF THE PEOPLE`S REPUBLIC OF CHINA)','','年龄\r\n备注：包含牙周疾病及口腔癌等','大于60岁，半年一次','龋齿','high','age>=60','dismatch','toGenerate','2016-06-18 14:27:53','2016-06-18 14:27:53',NULL),('486f89f8a5b44d689eb7f93267219855-high-1cfc1f8ff2dc4049b2422177cd3b9040','486f89f8a5b44d689eb7f93267219855','1cfc1f8ff2dc4049b2422177cd3b9040',' 美国国家综合癌症网络(NCCN,National Comprehensive Cancer Network)','','1.吸烟史\n2.氡暴露史\n3.职业暴露：砒霜、铬、石棉、镍、镉、铍、硅、柴油烟雾（吸烟可以叠加）\n4.一级亲属罹患肺癌\n5.COPD及肺纤维化病史\n6.报警症状','或年龄大于50岁，并且吸烟指数大于20支.年，或包含任意一条危险因素（见关注因素）','肺癌','high','age>50 and tag_smoke_quantity>=20','pending','toGenerate','2016-06-18 14:27:53','2016-06-18 14:27:53',NULL),('486f89f8a5b44d689eb7f93267219855-high-365153d2e9e44bf0a15ec2fb25c97c31','486f89f8a5b44d689eb7f93267219855','365153d2e9e44bf0a15ec2fb25c97c31',' 美国预防医学工作组(USPSTF,U.S. Preventive Services Task Force)','','1.性别\r\n2.年龄\r\n3.吸烟\r\n4.家族史（一级亲属罹患腹主动脉瘤）\r\n5.既往史（既往被诊断：血管瘤、心、脑血管疾病、动脉粥样硬化、高胆固醇血症、肥胖和高血压）','男性\r\n吸烟超过100只\r\n年龄大于65岁','腹主动脉瘤','high','sex=\'男\' and age>=65 and tag_smoke_style!=\'no\'','dismatch','toGenerate','2016-06-18 14:27:53','2016-06-18 14:27:53',NULL),('486f89f8a5b44d689eb7f93267219855-high-3841703bd931482fb3bc425b4178b813','486f89f8a5b44d689eb7f93267219855','3841703bd931482fb3bc425b4178b813',' 中华医学会内镜学分会(CSDE,Chinese Society of Digestive Endoscopy) 中华医学会消化病学分会(CSGE,Chinese Society Of Gastroenterology)','','1.年龄\r\n2.结直肠腺瘤、锯齿状息肉及结直肠癌病史\r\n3.非特异性肠炎病史\r\n4.阳性家族史（Lynch综合征病史、多发性错构瘤综合征病史等）\r\n5.大便隐血实验结果\r\n6.具有以下两项及两项以上者：①慢性便秘；②黏液血便；③慢性腹泻；④慢性阑尾炎或阑尾切除史；⑤精神刺激史；⑥体重指数 (BMI) ＞28 kg/m2；⑦吸烟指数大于400只/年；慢性胆囊炎及胆囊切除史；慢性便秘指近2年来便秘每年在2个月以上','1.有便血、黑便、体重减轻、贫血等报警症状的人群\n2.大于50岁，包含：结直肠腺瘤、锯齿状息肉及结直肠癌病史；非特异性肠炎病史；阳性家族史（Lynch综合征病史、多发性错构瘤综合征病史等）可以理解为一级亲属有结直肠癌病史；大便隐血实验结果阳性；具有以下两项及两项以上者：①慢性便秘；②黏液血便；③慢性腹泻；④慢性阑尾炎或阑尾切除史；⑤精神刺激史；⑥体重指数 (BMI) ＞28 kg/m2；⑦吸烟指数大于400只/年；慢性胆囊炎及胆囊切除史；慢性便秘指近2年来便秘每年在2个月以上','结直肠癌','high','age>=50 and (tag_smoke_quantity>1 or weight/height/height*10000>28)','pending','toGenerate','2016-06-18 14:27:53','2016-06-18 14:27:53',NULL),('486f89f8a5b44d689eb7f93267219855-high-3d1776a7aa894ceca869b38cbc5245fe','486f89f8a5b44d689eb7f93267219855','3d1776a7aa894ceca869b38cbc5245fe',' 中华人民共和国卫生部(MINISTRY OF HEALTH OF THE PEOPLE`S REPUBLIC OF CHINA)','','年龄','年龄大于等于60岁','牙周病','high','age>=60','pending','toGenerate','2016-06-18 14:27:53','2016-06-18 14:27:53',NULL),('486f89f8a5b44d689eb7f93267219855-high-40c2f59a7b2c4b50937da37b2b9f7919','486f89f8a5b44d689eb7f93267219855','40c2f59a7b2c4b50937da37b2b9f7919',' 中华医学会心血管病学分会(Chinese Society of Cardiology)','','既往史：先天性心脏病、结缔组织病、HIV感染、减肥药物治疗史、肝病及贫血\n个人史：职业解除如印刷厂或加油站工人接触油类物品、HIV感染、男-男同性恋、吸毒及染发剂接触	婚育史：女性是否有习惯性流产、男性需了解直系女性亲属是否有习惯性流产	\n家族史：是否有诊断肺动脉高压或先心病史\n','既往史：先天性心脏病、结缔组织病、HIV感染、减肥药物治疗史、肝病及贫血\n个人史：职业解除如印刷厂或加油站工人接触油类物品、HIV感染、男-男同性恋、吸毒及染发剂接触	婚育史：女性是否有习惯性流产、男性需了解直系女性亲属是否有习惯性流产	\n家族史：是否有诊断肺动脉高压或先心病史\n胸部影像学检测提示有右心脏增大及肺动脉增粗表现\n如有非特异性临床表现和体征可更考虑疑诊','肺动脉高压','high','(locate(\'先天性心脏病\',sufferedDiseases)>0 or locate(\'HIV感染\',sufferedDiseases)>0 or locate(\'肝病\',sufferedDiseases)>0 or locate(\'贫血\',sufferedDiseases)>0 or locate(\'结缔组织病\',sufferedDiseases)>0 or locate(\'先天性心脏病\',inheritDiseases)>0)','pending','toGenerate','2016-06-18 14:27:53','2016-06-18 14:27:53',NULL),('486f89f8a5b44d689eb7f93267219855-high-54cf2c7cb40c4d538f700e731894495e','486f89f8a5b44d689eb7f93267219855','54cf2c7cb40c4d538f700e731894495e',' 中华人民共和国国家卫生和计划生育委员会(NHFPC,National Health and Family Planning Commission of China)','','HCV感染高危人群，包括： \r\na) 有静脉药瘾史者； \r\nb) 有职业或其他原因（纹身、穿孔、针灸等）所致的针刺伤史者； \r\nc) 有医源性暴露史，包括手术、透析、不洁口腔诊疗操作、器官或组织移植者； \r\nd） 有高危性行为史，如多个性伴、男男同性恋者； \r\ne) HCV感染者的性伴及家庭成员； \r\nf) HIV感染者及其性伴； \r\ng) HCV感染母亲所生的子女； \r\nh) 破损皮肤和赫膜被HCV感染者血液污染者； \r\ni) 有输血或应用血液制品史者（主要是1993年前有过输血或应用血制品者） \r\nj) 1996年前的供血浆者。 ','HCV感染高危人群，包括： \na) 有静脉药瘾史者； \nb) 有职业或其他原因（纹身、穿孔、针灸等）所致的针刺伤史者； \nc) 有医源性暴露史，包括手术、透析、不洁口腔诊疗操作、器官或组织移植者； \nd） 有高危性行为史，如多个性伴、男男同性恋者； \ne) HCV感染者的性伴及家庭成员； \nf) HIV感染者及其性伴； \ng) HCV感染母亲所生的子女； \nh) 破损皮肤和赫膜被HCV感染者血液污染者； \ni) 有输血或应用血液制品史者（主要是1993年前有过输血或应用血制品者） \nj) 1996年前的供血浆者。 ','丙型病毒性肝炎','high','tag_sexHomosex=true or tag_sexBehaviorStyle=\'highrisk\' or locate(\'HCV\',inheritDiseases)>0','pending','toGenerate','2016-06-18 14:27:53','2016-06-18 14:27:53',NULL),('486f89f8a5b44d689eb7f93267219855-high-56f55df13386472c98df5a082a3ec9ae','486f89f8a5b44d689eb7f93267219855','56f55df13386472c98df5a082a3ec9ae',' 美国预防医学工作组(USPSTF,U.S. Preventive Services Task Force)','','1.血压在正常高值者（130-139/85-89 mmHg）\r\n2.BMI大于24\r\n3.腹型肥胖：男性腰围大于90cm，女性大于85cm\r\n4.家族史（一、二级亲属罹患高血压）\r\n5.长期高盐饮食\r\n6.长期饮酒，日均大于等于100ml（2两）\r\n来源于（中国高血压基层管理指南（2014年修订版））','≥40岁的成人，血压在正常高值者（130-139/85-89 mmHg）、超重或肥胖者。','高血压','high','age>=40 and weight/height/height*10000>=24','pending','toGenerate','2016-06-18 14:27:53','2016-06-18 14:27:53',NULL),('486f89f8a5b44d689eb7f93267219855-high-68db0e163064409286056fe21f7f27ad','486f89f8a5b44d689eb7f93267219855','68db0e163064409286056fe21f7f27ad',' 北京市脑卒中诊疗质量控制与改进中心','','1.脂代谢异常\n2.高血压、糖尿\n3.吸烟及吸烟环境\n4.家族史：一二级亲属罹患脑动脉粥样硬化\n5.肥胖\n6.高同型半胱氨酸\n','大于45岁，包含一下一项或以上：1.高胆固醇或高甘油三酯血症；2.高血压；3.糖尿病；4.吸烟；5.家族史；6.大量饮酒；7.肥胖及不良饮食习惯（高热量、高脂肪）；8.缺乏规律有氧运动；9.被诊断高同型半胱氨酸','脑动脉粥样硬化','high','age>=45 and (locate(\'高血压\',sufferedDiseases)>0 or locate(\'糖尿病\',sufferedDiseases)>0 or locate(\'脑动脉粥样硬化\',inheritDiseases)>0)','pending','toGenerate','2016-06-18 14:27:53','2016-06-18 14:27:53',NULL),('486f89f8a5b44d689eb7f93267219855-high-7c77c03835cc41dda72c27028ecb7585','486f89f8a5b44d689eb7f93267219855','7c77c03835cc41dda72c27028ecb7585',' 中华医学会外科学分会胆道外科学组','','1.是否患有胆囊结石2.是否有胆囊慢性炎症3.是否有胆囊息肉4.是否存在胆胰管汇合异常5.家族史：胆囊癌及胆囊结石家族史6.是否有胆道系统感染7.是否肥胖，是否有糖尿病8.','(1)胆囊息肉；(2)年龄超过50岁，特别是女性；(3)肥胖症；(4)有胆石症或胆囊癌家族史。','胆囊癌','high','locate(\'胆囊息肉\',sufferedDiseases)>0 or (age>=50 and sex=\'女\') or locate(\'肥胖\',sufferedDiseases)>0 or locate(\'胆结石\',inheritDiseases)>0 or locate(\'胆囊癌\',inheritDiseases)>0','pending','toGenerate','2016-06-18 14:27:53','2016-06-18 14:27:53',NULL),('486f89f8a5b44d689eb7f93267219855-high-89932374522c4cc4979d2c1206949377','486f89f8a5b44d689eb7f93267219855','89932374522c4cc4979d2c1206949377','中华医学会内分泌学分会(CSE,Chinese Society of Endocrinology)','','成年人 (>18岁)具有下列任何一个及以上的糖尿病高危因素，可定义为糖尿病高危人群：\r\n\r\n(1)年龄≥40岁；\r\n\r\n(2)既往有糖尿病前期病史；\r\n\r\n(3)超重、肥胖 (体重指数≥24 kg/m2)，男性腰围≥90cm,女性腰围≥85cm；\r\n\r\n(4)静坐的生活方式；\r\n\r\n(5)一级亲属中有2型糖尿病家族史；\r\n\r\n(6)有巨大儿 (出生体重≥4 kg)生产史，妊娠期显性糖尿病或妊娠糖尿病病史的妇女；\r\n\r\n(7)高血压 [收缩压≥140 mmHg (1mmHg=0.133kPa)和(或)舒张压≥90 mmHg]或正在接受降压治疗；\r\n\r\n(8)血脂异常(高密度脂蛋白胆固醇≤0.91mmol/L及甘油三酯≥2.22mmol/L，或正在接受调脂治疗)；\r\n\r\n(9)动脉粥样硬化性CCVD患者；\r\n\r\n(10)有一过性类固醇性糖尿病病史者；\r\n\r\n(11)多囊卵巢综合征患者；\r\n\r\n(12)严重精神病和 (或)长期接受抗抑郁症药物治疗的患者。','成年人 (>18岁)具有下列任何一个及以上的糖尿病高危因素，可定义为糖尿病高危人群：\n\n(1)年龄≥40岁；\n\n(2)既往有糖尿病前期病史；\n\n(3)超重、肥胖 (体重指数≥24 kg/m2)，男性腰围≥90cm,女性腰围≥85cm；\n\n(4)静坐的生活方式；\n\n(5)一级亲属中有2型糖尿病家族史；\n\n(6)有巨大儿 (出生体重≥4 kg)生产史，妊娠期显性糖尿病或妊娠糖尿病病史的妇女；\n\n(7)高血压 [收缩压≥140 mmHg (1mmHg=0.133kPa)和(或)舒张压≥90 mmHg]或正在接受降压治疗；\n\n(8)血脂异常(高密度脂蛋白胆固醇≤0.91mmol/L及甘油三酯≥2.22mmol/L，或正在接受调脂治疗)；\n\n(9)动脉粥样硬化性CCVD患者；\n\n(10)有一过性类固醇性糖尿病病史者；\n\n(11)多囊卵巢综合征患者；\n\n(12)严重精神病和 (或)长期接受抗抑郁症药物治疗的患者。','成人2型糖尿病','high','age>=40 and (weight/height/height*10000>=24 or  locate(\'糖尿病\',inheritDiseases)>0 or locate(\'动脉粥样硬化\',sufferedDiseases)>0 or locate(\'一过性类固醇糖尿病\',sufferedDiseases)>0 or locate(\'多囊卵巢综合症\',sufferedDiseases))','pending','toGenerate','2016-06-18 14:27:53','2016-06-18 14:27:53',NULL),('486f89f8a5b44d689eb7f93267219855-high-8a2b68cc6b054aa7a40b5763f14cec28','486f89f8a5b44d689eb7f93267219855','8a2b68cc6b054aa7a40b5763f14cec28','美国妇产科医师学会(ACOG,American College of Obstetricians and Gynecologists)','','1.人乳头瘤病毒感染；2.过早性生活；3.多个性伙伴；4.多产；5.丈夫婚外性行为；6.阴茎癌；7.社会经济条件差；8.营养不良；9.吸烟','1.大于等于21岁\r\n2.有性行为','宫颈癌','high','age>=21 and tag_hasSexBehavior=true and (tag_sexParterners>1 or tag_sexBehaviorStyle=\'highrisk\')','pending','toGenerate','2016-06-18 14:27:53','2016-06-18 14:27:53',NULL),('486f89f8a5b44d689eb7f93267219855-high-9a1bac66a1b640c2b1e106ecd37797e9','486f89f8a5b44d689eb7f93267219855','9a1bac66a1b640c2b1e106ecd37797e9',' 美国国家综合癌症网络(NCCN,National Comprehensive Cancer Network)','','1.年龄\r\n2.是否有肝硬化\r\n3.饮酒\r\n4.乙型肝炎病毒感染\r\n5.丙型肝炎病毒感染\r\n6.非酒精性脂肪肝\r\n7.α1-抗胰蛋白酶缺乏症病史\r\n8.四期原发性胆汁性肝硬化病史\r\n9.遗传性血色病病史','1.各种原因导致的肝硬化患者\r\n2.乙肝携带者，男性大于等于40岁，女性大于等于50岁','肝癌','high','((age>=40 and sex=\'男\') or (age>=50 and sex=\'女\'))and locate(\'乙肝\',sufferedDiseases)>0','pending','toGenerate','2016-06-18 14:27:53','2016-06-18 14:27:53',NULL),('486f89f8a5b44d689eb7f93267219855-high-a1ccc6a220a4465f964195c539c1d365','486f89f8a5b44d689eb7f93267219855','a1ccc6a220a4465f964195c539c1d365','中国癌症筛查及早诊早治技术方案 人民卫生出版社','','1.地区：高发地区：鼻咽癌死亡率＞3/10万的地区（中国标化）：广东、广西、福建、湖南、江西\n2.家族史：有家族聚集倾向，一级亲属罹患过鼻咽癌的；\n3.喜食咸鱼、腌制食物的、长期接触甲醛的\n4.高镍环境（存疑）','满足2和或3-4 条\r\n年龄大于等于30岁','鼻咽癌','high','age>=30 and (locate(\'鼻咽癌\',inheritDiseases)>0 or locate(\'salty\',tag_foodStyle)>0)','pending','toGenerate','2016-06-18 14:27:53','2016-06-18 14:27:53',NULL),('486f89f8a5b44d689eb7f93267219855-high-a26efd48e9484b22b8bf7477f7656630','486f89f8a5b44d689eb7f93267219855','a26efd48e9484b22b8bf7477f7656630','美国国家综合癌症网络(NCCN,National Comprehensive Cancer Network)','','1.年龄\r\n2.家族史（一级亲属罹患前列腺癌）','年龄大于等于45岁','前列腺癌','high','age>=45 and sex=\'男\' and locate(\'前列腺癌\',inheritDiseases)>0','pending','toGenerate','2016-06-18 14:27:53','2016-06-18 14:27:53',NULL),('486f89f8a5b44d689eb7f93267219855-high-a5c0a4318fb547c7bcf015480b2ca8c4','486f89f8a5b44d689eb7f93267219855','a5c0a4318fb547c7bcf015480b2ca8c4',' 中国抗癌协会乳腺癌专业委员会(CACA-CBCS,Chinese Anti-Cancer Association, Committee of Breast Cancer Society)','','确定性因素：1.年龄；2.性别；3.绝经后体重增加 BMI≥30kg/m2或增加10公斤；4.高身材，身高大于175cm；5.雌激素水平（高内源性雌激素水平）；6.骨密度（升高者发病率升高）；7.良性乳腺疾病史；8.长期使用外源性雌激素；9.初潮较早或绝经较晚；10.未产妇及首次初产年龄大于等于35岁；11.乳腺癌个人史；12.一级亲属罹患乳腺癌；13.饮酒；14.吸烟；15.夜班工作；16.暴露于治疗性电离辐射；17.是否哺乳；18.大豆/植物雌激素应用；19.体育锻炼；\n不确定性因素：未录入','1.有明显的乳腺癌遗传倾向者\r\n2.既往有乳腺良恶性疾病患者\r\n3.既往行胸部放疗','乳腺癌','high','sex=\'女\' and (locate(\'乳腺\',sufferedDiseases)>0 or locate(\'乳腺\',inheritDiseases)>0 or height>175 or height/weight/weight*10000>=24)','dismatch','toGenerate','2016-06-18 14:27:53','2016-06-18 14:27:53',NULL),('486f89f8a5b44d689eb7f93267219855-high-aa5f7b61e93f4c0a8639e2b2d8b3a933','486f89f8a5b44d689eb7f93267219855','aa5f7b61e93f4c0a8639e2b2d8b3a933','中华医学会外科学分会胰腺外科学组','','1.年龄；2.家族史；3.60岁以上突发糖尿病；4.慢性胰腺炎病史；5.吸烟；6.饮酒；7.肥胖；8.远端胃大部切除术病史（时间大于20年）；9.接触萘胺及苯类化合物者\r\n前驱症状：消化不良、恶性、脂肪泻、黄疸、疼痛、体重减轻','1.年龄大于40岁，有非特异性上腹部不适症状；\n2.一级亲属有罹患胰腺癌\n3.年龄大于60岁，突发糖尿病，缺乏家族史，低体重指数，很快形成胰岛素抵抗\n4.慢性胰腺炎病史：特别是遗传性胰腺炎病史\n5.良性病变行远端胃大部切除术者，特别是术后20年以上人群\n6.导管内乳头状粘液瘤患者\n7.FAP 家族性腺瘤息肉病患者\n8.长期吸烟\n9.大量饮酒\n10.体重超重\n11.黑斑息肉综合征病史\n12.家族性恶性黑色素瘤病史','胰腺癌','high','(age>=40 and locate(\'胰腺癌\',inheritDiseases)>0 or locate(\'胰腺\',sufferedDiseases)>0) or (locate(\'突发性糖尿病\',sufferedDiseases)>0 and age>=60)','dismatch','toGenerate','2016-06-18 14:27:53','2016-06-18 14:27:53',NULL),('486f89f8a5b44d689eb7f93267219855-high-ae6bcb0679ba4b7f83ec6aca09757dd6','486f89f8a5b44d689eb7f93267219855','ae6bcb0679ba4b7f83ec6aca09757dd6',' 中华人民共和国国家卫生和计划生育委员会(NHFPC,National Health and Family Planning Commission of China)','','1.高血压史（≥140/90 mmHg）或正在服用降压药物 \n2.房颤和（或）心脏瓣膜病等心脏病\n3.吸烟\n4.血脂异常\n5.糖尿病\n6.BMI大于26\n7.很少进行体育活动\n8.有卒中家族史','1.以上8条满足3条\r\n2.既往有缺血性脑卒中病史或短暂性脑缺血发作病史','颈动脉狭窄','high','(locate(\'高血压\',sufferedDiseases)>0 or locate(\'房颤\',sufferedDiseases)>0 or locate(\'心脏\',sufferedDiseases)>0 or locate(\'糖尿病\',sufferedDiseases)>0 or tag_smoke_style!=\'no\') and (locate(\'脑卒中\',sufferedDiseases)>0 or locate(\'脑缺血\',sufferedDiseases)>0)','dismatch','toGenerate','2016-06-18 14:27:53','2016-06-18 14:27:53',NULL),('486f89f8a5b44d689eb7f93267219855-high-b324470469f449a883059bebbc195bea','486f89f8a5b44d689eb7f93267219855','b324470469f449a883059bebbc195bea',' 中华医学会内镜学分会(CSDE,Chinese Society of Digestive Endoscopy) 中国抗癌协会(Chinese Anti-cancer Association) 中国抗癌协会肿瘤内镜专业委员会','','1.性别：\n2.年龄\n3.饮食：加盐腌制蔬菜或烟熏肉和鱼。\n4.吸烟\n5.治疗：接受过胃部手术。\n6.癌前疾病：慢性萎缩性胃炎、胃溃疡、胃息肉。\n7.家族肿瘤疾病史：包括家族胃癌史，遗传性非息肉性肠癌，家族性腺瘤性息肉等遗传性疾病等。\n8.恶性贫血。\n9.肥胖：超过正常体重20～25公斤\n10.经济状况：经济较差的地区，胃癌的发病率较高。\n11.是否有贫血、消瘦、消化道出血、呕吐、上腹部不适、上腹部肿块.来源:2013卫计委胃癌规范化诊疗指南（试行）','1.幽门螺旋杆菌+，萎缩性胃炎-\n2.幽门螺旋杆菌+，萎缩性胃炎+\n3.幽门螺旋杆菌-，萎缩性胃炎-\n4.幽门螺旋杆菌-，萎缩性胃炎-按照一般人群处理','胃癌','high','locate(\'幽门螺旋杆菌阳性\',sufferedDiseases)>0 and (locate(\'salty\',tag_foodStyle)>0 or locate(\'smoked\',tag_foodStyle)>0 or locate(\'cured\',tag_foodStyle)>0 or tag_smoke_age>1 or locate(\'胃\',sufferedDiseases)>0 or locate(\'胃癌\',inheritDiseases)>0 or locate(\'腺瘤\',inheritDiseases)>0 or locate(\'肠癌\',inheritDiseases)>0)','pending','toGenerate','2016-06-18 14:27:53','2016-06-18 14:27:53',NULL),('486f89f8a5b44d689eb7f93267219855-high-e00f9b2d6bee4dc7aeb0d821f8ac068d','486f89f8a5b44d689eb7f93267219855','e00f9b2d6bee4dc7aeb0d821f8ac068d','中华医学会消化内镜学分会消化系早癌内镜诊断与治疗协作组,中华医学会消化病学分会消化道肿瘤协作组,中华医学会消化病学分会消化病理学组','','将55～74岁的一般风险人群、40～74岁的高风险人群以及家族史不详的人群作为内镜筛查的目标人群。\n①长期居住于食管鳞癌高发区；②一级亲属有食管鳞癌病史；③既往有食管病变史(食管上皮内瘤变)；④本人有癌症史；⑤长期吸烟史；⑥长期饮酒史；⑦有不良饮食习惯如进食快、热烫饮食、高盐饮食、进食腌菜者。','有以上任意1条者视为高危人群（鉴于现有国际国内指南均未推荐筛查频率，本项目拟定胃癌筛查频率进行）','食管癌','high','age>=55 and age<=74 and (locate(\'食管鳞癌\',inheritDiseases)>0  or locate(\'食管\',sufferedDiseases)>0 or locate(\'癌\',sufferedDiseases)>0 or tag_smoke_age>=10 or locate(\'fast\',tag_foodStyle)>0 or locate(\'hot\',tag_foodStyle)>0 or locate(\'salty\',tag_foodStyle)>0)','pending','toGenerate','2016-06-18 14:27:53','2016-06-18 14:27:53',NULL),('486f89f8a5b44d689eb7f93267219855-low-07e68dd1ea5f4f549eb813f80ca0a7b5','486f89f8a5b44d689eb7f93267219855','07e68dd1ea5f4f549eb813f80ca0a7b5',' 中华人民共和国卫生部(MINISTRY OF HEALTH OF THE PEOPLE`S REPUBLIC OF CHINA)','','年龄\r\n备注：包含牙周疾病及口腔癌等','大于18岁小于60岁，每年一次','龋齿','low','age>=18 and age<60','dismatch','toGenerate','2016-06-18 14:27:53','2016-06-18 14:27:53',NULL),('486f89f8a5b44d689eb7f93267219855-low-1cfc1f8ff2dc4049b2422177cd3b9040','486f89f8a5b44d689eb7f93267219855','1cfc1f8ff2dc4049b2422177cd3b9040',' 美国国家综合癌症网络(NCCN,National Comprehensive Cancer Network)','','1.吸烟史\n2.氡暴露史\n3.职业暴露：砒霜、铬、石棉、镍、镉、铍、硅、柴油烟雾（吸烟可以叠加）\n4.一级亲属罹患肺癌\n5.COPD及肺纤维化病史\n6.报警症状','年龄大于等于55岁，并且吸烟指数大于30支.年，戒烟时间小于15年','肺癌','low','age>=55 and tag_smoke_quantity>=30','pending','toGenerate','2016-06-18 14:27:53','2016-06-18 14:27:53',NULL),('486f89f8a5b44d689eb7f93267219855-low-365153d2e9e44bf0a15ec2fb25c97c31','486f89f8a5b44d689eb7f93267219855','365153d2e9e44bf0a15ec2fb25c97c31',' 美国预防医学工作组(USPSTF,U.S. Preventive Services Task Force)','','1.性别\r\n2.年龄\r\n3.吸烟\r\n4.家族史（一级亲属罹患腹主动脉瘤）\r\n5.既往史（既往被诊断：血管瘤、心、脑血管疾病、动脉粥样硬化、高胆固醇血症、肥胖和高血压）','未吸烟男性，但包含以上危险因素','腹主动脉瘤','low','sex=\'男\' and tag_smoke_style=\'low\'','pending','toGenerate','2016-06-18 14:27:53','2016-06-18 14:27:53',NULL),('486f89f8a5b44d689eb7f93267219855-low-3841703bd931482fb3bc425b4178b813','486f89f8a5b44d689eb7f93267219855','3841703bd931482fb3bc425b4178b813',' 中华医学会内镜学分会(CSDE,Chinese Society of Digestive Endoscopy) 中华医学会消化病学分会(CSGE,Chinese Society Of Gastroenterology)','','1.年龄\r\n2.结直肠腺瘤、锯齿状息肉及结直肠癌病史\r\n3.非特异性肠炎病史\r\n4.阳性家族史（Lynch综合征病史、多发性错构瘤综合征病史等）\r\n5.大便隐血实验结果\r\n6.具有以下两项及两项以上者：①慢性便秘；②黏液血便；③慢性腹泻；④慢性阑尾炎或阑尾切除史；⑤精神刺激史；⑥体重指数 (BMI) ＞28 kg/m2；⑦吸烟指数大于400只/年；慢性胆囊炎及胆囊切除史；慢性便秘指近2年来便秘每年在2个月以上','年龄大于等于50岁，无以上危险因素','结直肠癌','low','age>=50','pending','toGenerate','2016-06-18 14:27:53','2016-06-18 14:27:53',NULL),('486f89f8a5b44d689eb7f93267219855-low-3d1776a7aa894ceca869b38cbc5245fe','486f89f8a5b44d689eb7f93267219855','3d1776a7aa894ceca869b38cbc5245fe',' 中华人民共和国卫生部(MINISTRY OF HEALTH OF THE PEOPLE`S REPUBLIC OF CHINA)','','年龄','大于18岁，小于60岁','牙周病','low','age>18 and age<60','pending','toGenerate','2016-06-18 14:27:53','2016-06-18 14:27:53',NULL),('486f89f8a5b44d689eb7f93267219855-low-40c2f59a7b2c4b50937da37b2b9f7919','486f89f8a5b44d689eb7f93267219855','40c2f59a7b2c4b50937da37b2b9f7919',' 中华医学会心血管病学分会(Chinese Society of Cardiology)','','既往史：先天性心脏病、结缔组织病、HIV感染、减肥药物治疗史、肝病及贫血\n个人史：职业解除如印刷厂或加油站工人接触油类物品、HIV感染、男-男同性恋、吸毒及染发剂接触	婚育史：女性是否有习惯性流产、男性需了解直系女性亲属是否有习惯性流产	\n家族史：是否有诊断肺动脉高压或先心病史\n','','肺动脉高压','low','1=0','dismatch','toGenerate','2016-06-18 14:27:53','2016-06-18 14:27:53',NULL),('486f89f8a5b44d689eb7f93267219855-low-54cf2c7cb40c4d538f700e731894495e','486f89f8a5b44d689eb7f93267219855','54cf2c7cb40c4d538f700e731894495e',' 中华人民共和国国家卫生和计划生育委员会(NHFPC,National Health and Family Planning Commission of China)','','HCV感染高危人群，包括： \r\na) 有静脉药瘾史者； \r\nb) 有职业或其他原因（纹身、穿孔、针灸等）所致的针刺伤史者； \r\nc) 有医源性暴露史，包括手术、透析、不洁口腔诊疗操作、器官或组织移植者； \r\nd） 有高危性行为史，如多个性伴、男男同性恋者； \r\ne) HCV感染者的性伴及家庭成员； \r\nf) HIV感染者及其性伴； \r\ng) HCV感染母亲所生的子女； \r\nh) 破损皮肤和赫膜被HCV感染者血液污染者； \r\ni) 有输血或应用血液制品史者（主要是1993年前有过输血或应用血制品者） \r\nj) 1996年前的供血浆者。 ','持续性血液透析者','丙型病毒性肝炎','low','locate(\'血液透析\',sufferedDiseases)>0','pending','toGenerate','2016-06-18 14:27:53','2016-06-18 14:27:53',NULL),('486f89f8a5b44d689eb7f93267219855-low-56f55df13386472c98df5a082a3ec9ae','486f89f8a5b44d689eb7f93267219855','56f55df13386472c98df5a082a3ec9ae',' 美国预防医学工作组(USPSTF,U.S. Preventive Services Task Force)','','1.血压在正常高值者（130-139/85-89 mmHg）\r\n2.BMI大于24\r\n3.腹型肥胖：男性腰围大于90cm，女性大于85cm\r\n4.家族史（一、二级亲属罹患高血压）\r\n5.长期高盐饮食\r\n6.长期饮酒，日均大于等于100ml（2两）\r\n来源于（中国高血压基层管理指南（2014年修订版））','18-39岁、血压正常（<130/85 mmHg）且没有危险因素。','高血压','low','age>=18 and age<40 and weight/height/height*10000<24','pending','toGenerate','2016-06-18 14:27:53','2016-06-18 14:27:53',NULL),('486f89f8a5b44d689eb7f93267219855-low-68db0e163064409286056fe21f7f27ad','486f89f8a5b44d689eb7f93267219855','68db0e163064409286056fe21f7f27ad',' 北京市脑卒中诊疗质量控制与改进中心','','1.脂代谢异常\n2.高血压、糖尿\n3.吸烟及吸烟环境\n4.家族史：一二级亲属罹患脑动脉粥样硬化\n5.肥胖\n6.高同型半胱氨酸\n','','脑动脉粥样硬化','low','age>=45','pending','toGenerate','2016-06-18 14:27:53','2016-06-18 14:27:53',NULL),('486f89f8a5b44d689eb7f93267219855-low-7c77c03835cc41dda72c27028ecb7585','486f89f8a5b44d689eb7f93267219855','7c77c03835cc41dda72c27028ecb7585',' 中华医学会外科学分会胆道外科学组','','1.是否患有胆囊结石2.是否有胆囊慢性炎症3.是否有胆囊息肉4.是否存在胆胰管汇合异常5.家族史：胆囊癌及胆囊结石家族史6.是否有胆道系统感染7.是否肥胖，是否有糖尿病8.','','胆囊癌','low','age>=50','pending','toGenerate','2016-06-18 14:27:53','2016-06-18 14:27:53',NULL),('486f89f8a5b44d689eb7f93267219855-low-89932374522c4cc4979d2c1206949377','486f89f8a5b44d689eb7f93267219855','89932374522c4cc4979d2c1206949377','中华医学会内分泌学分会(CSE,Chinese Society of Endocrinology)','','成年人 (>18岁)具有下列任何一个及以上的糖尿病高危因素，可定义为糖尿病高危人群：\r\n\r\n(1)年龄≥40岁；\r\n\r\n(2)既往有糖尿病前期病史；\r\n\r\n(3)超重、肥胖 (体重指数≥24 kg/m2)，男性腰围≥90cm,女性腰围≥85cm；\r\n\r\n(4)静坐的生活方式；\r\n\r\n(5)一级亲属中有2型糖尿病家族史；\r\n\r\n(6)有巨大儿 (出生体重≥4 kg)生产史，妊娠期显性糖尿病或妊娠糖尿病病史的妇女；\r\n\r\n(7)高血压 [收缩压≥140 mmHg (1mmHg=0.133kPa)和(或)舒张压≥90 mmHg]或正在接受降压治疗；\r\n\r\n(8)血脂异常(高密度脂蛋白胆固醇≤0.91mmol/L及甘油三酯≥2.22mmol/L，或正在接受调脂治疗)；\r\n\r\n(9)动脉粥样硬化性CCVD患者；\r\n\r\n(10)有一过性类固醇性糖尿病病史者；\r\n\r\n(11)多囊卵巢综合征患者；\r\n\r\n(12)严重精神病和 (或)长期接受抗抑郁症药物治疗的患者。','','成人2型糖尿病','low','age>=40','dismatch','toGenerate','2016-06-18 14:27:53','2016-06-18 14:27:53',NULL),('486f89f8a5b44d689eb7f93267219855-low-8a2b68cc6b054aa7a40b5763f14cec28','486f89f8a5b44d689eb7f93267219855','8a2b68cc6b054aa7a40b5763f14cec28','美国妇产科医师学会(ACOG,American College of Obstetricians and Gynecologists)','','1.人乳头瘤病毒感染；2.过早性生活；3.多个性伙伴；4.多产；5.丈夫婚外性行为；6.阴茎癌；7.社会经济条件差；8.营养不良；9.吸烟','21-29岁','宫颈癌','low','age>=21 and age<=29 and tag_hasSexBehavior=true','pending','toGenerate','2016-06-18 14:27:53','2016-06-18 14:27:53',NULL),('486f89f8a5b44d689eb7f93267219855-low-9a1bac66a1b640c2b1e106ecd37797e9','486f89f8a5b44d689eb7f93267219855','9a1bac66a1b640c2b1e106ecd37797e9',' 美国国家综合癌症网络(NCCN,National Comprehensive Cancer Network)','','1.年龄\r\n2.是否有肝硬化\r\n3.饮酒\r\n4.乙型肝炎病毒感染\r\n5.丙型肝炎病毒感染\r\n6.非酒精性脂肪肝\r\n7.α1-抗胰蛋白酶缺乏症病史\r\n8.四期原发性胆汁性肝硬化病史\r\n9.遗传性血色病病史','普通人群不推荐','肝癌','low','1=0','pending','toGenerate','2016-06-18 14:27:53','2016-06-18 14:27:53',NULL),('486f89f8a5b44d689eb7f93267219855-low-a1ccc6a220a4465f964195c539c1d365','486f89f8a5b44d689eb7f93267219855','a1ccc6a220a4465f964195c539c1d365','中国癌症筛查及早诊早治技术方案 人民卫生出版社','','1.地区：高发地区：鼻咽癌死亡率＞3/10万的地区（中国标化）：广东、广西、福建、湖南、江西\n2.家族史：有家族聚集倾向，一级亲属罹患过鼻咽癌的；\n3.喜食咸鱼、腌制食物的、长期接触甲醛的\n4.高镍环境（存疑）','','鼻咽癌','low','age>=30 and (locate(\'广东\',liveplace)>0 or locate(\'广西\',liveplace)>0 or locate(\'福建\',liveplace)>0 or locate(\'湖南\',liveplace)>0 or locate(\'江西\',liveplace)>0)','pending','toGenerate','2016-06-18 14:27:53','2016-06-18 14:27:53',NULL),('486f89f8a5b44d689eb7f93267219855-low-a26efd48e9484b22b8bf7477f7656630','486f89f8a5b44d689eb7f93267219855','a26efd48e9484b22b8bf7477f7656630','美国国家综合癌症网络(NCCN,National Comprehensive Cancer Network)','','1.年龄\r\n2.家族史（一级亲属罹患前列腺癌）','','前列腺癌','low','age>=45 and sex=\'男\'','pending','toGenerate','2016-06-18 14:27:53','2016-06-18 14:27:53',NULL),('486f89f8a5b44d689eb7f93267219855-low-a5c0a4318fb547c7bcf015480b2ca8c4','486f89f8a5b44d689eb7f93267219855','a5c0a4318fb547c7bcf015480b2ca8c4',' 中国抗癌协会乳腺癌专业委员会(CACA-CBCS,Chinese Anti-Cancer Association, Committee of Breast Cancer Society)','','确定性因素：1.年龄；2.性别；3.绝经后体重增加 BMI≥30kg/m2或增加10公斤；4.高身材，身高大于175cm；5.雌激素水平（高内源性雌激素水平）；6.骨密度（升高者发病率升高）；7.良性乳腺疾病史；8.长期使用外源性雌激素；9.初潮较早或绝经较晚；10.未产妇及首次初产年龄大于等于35岁；11.乳腺癌个人史；12.一级亲属罹患乳腺癌；13.饮酒；14.吸烟；15.夜班工作；16.暴露于治疗性电离辐射；17.是否哺乳；18.大豆/植物雌激素应用；19.体育锻炼；\n不确定性因素：未录入','无','乳腺癌','low','sex=\'女\' and (height>175 or height/weight/weight*10000>=24)','pending','toGenerate','2016-06-18 14:27:53','2016-06-18 14:27:53',NULL),('486f89f8a5b44d689eb7f93267219855-low-aa5f7b61e93f4c0a8639e2b2d8b3a933','486f89f8a5b44d689eb7f93267219855','aa5f7b61e93f4c0a8639e2b2d8b3a933','中华医学会外科学分会胰腺外科学组','','1.年龄；2.家族史；3.60岁以上突发糖尿病；4.慢性胰腺炎病史；5.吸烟；6.饮酒；7.肥胖；8.远端胃大部切除术病史（时间大于20年）；9.接触萘胺及苯类化合物者\r\n前驱症状：消化不良、恶性、脂肪泻、黄疸、疼痛、体重减轻','','胰腺癌','low','age>=40 and (tag_smoke_age>10 or height/weight/weight*10000>24)','pending','toGenerate','2016-06-18 14:27:53','2016-06-18 14:27:53',NULL),('486f89f8a5b44d689eb7f93267219855-low-ae6bcb0679ba4b7f83ec6aca09757dd6','486f89f8a5b44d689eb7f93267219855','ae6bcb0679ba4b7f83ec6aca09757dd6',' 中华人民共和国国家卫生和计划生育委员会(NHFPC,National Health and Family Planning Commission of China)','','1.高血压史（≥140/90 mmHg）或正在服用降压药物 \n2.房颤和（或）心脏瓣膜病等心脏病\n3.吸烟\n4.血脂异常\n5.糖尿病\n6.BMI大于26\n7.很少进行体育活动\n8.有卒中家族史','','颈动脉狭窄','low','locate(\'高血压\',sufferedDiseases)>0 or locate(\'房颤\',sufferedDiseases)>0 or locate(\'心脏\',sufferedDiseases)>0 or locate(\'糖尿病\',sufferedDiseases)>0 or tag_smoke_style!=\'no\'','match','toRelease','2016-06-18 14:27:53','2016-06-18 14:27:53',NULL),('486f89f8a5b44d689eb7f93267219855-low-b324470469f449a883059bebbc195bea','486f89f8a5b44d689eb7f93267219855','b324470469f449a883059bebbc195bea',' 中华医学会内镜学分会(CSDE,Chinese Society of Digestive Endoscopy) 中国抗癌协会(Chinese Anti-cancer Association) 中国抗癌协会肿瘤内镜专业委员会','','1.性别：\n2.年龄\n3.饮食：加盐腌制蔬菜或烟熏肉和鱼。\n4.吸烟\n5.治疗：接受过胃部手术。\n6.癌前疾病：慢性萎缩性胃炎、胃溃疡、胃息肉。\n7.家族肿瘤疾病史：包括家族胃癌史，遗传性非息肉性肠癌，家族性腺瘤性息肉等遗传性疾病等。\n8.恶性贫血。\n9.肥胖：超过正常体重20～25公斤\n10.经济状况：经济较差的地区，胃癌的发病率较高。\n11.是否有贫血、消瘦、消化道出血、呕吐、上腹部不适、上腹部肿块.来源:2013卫计委胃癌规范化诊疗指南（试行）','  男女不限，年龄大于等于40岁，满足一下任意一条：\n1.胃癌高发地区人群\n2.幽门螺旋杆菌感染感染\n3.既往患有慢性萎缩性胃炎等胃癌癌前病变\n4.一级亲属罹患胃癌\n5.存在胃癌其它高危因素（吸烟、重度饮酒、高盐、腌制饮食等）\n检查需同时进行','胃癌','low','age>=40 and (locate(\'幽门螺旋杆菌阳性\',sufferedDiseases)>0 or locate(\'salty\',tag_foodStyle)>0 or locate(\'smoked\',tag_foodStyle)>0 or locate(\'cured\',tag_foodStyle)>0 or tag_smoke_age>1 or locate(\'胃\',sufferedDiseases)>0 or locate(\'胃癌\',inheritDiseases)>0 or locate(\'腺瘤\',inheritDiseases)>0 or locate(\'肠癌\',inheritDiseases)>0)','pending','toGenerate','2016-06-18 14:27:53','2016-06-18 14:27:53',NULL),('486f89f8a5b44d689eb7f93267219855-low-e00f9b2d6bee4dc7aeb0d821f8ac068d','486f89f8a5b44d689eb7f93267219855','e00f9b2d6bee4dc7aeb0d821f8ac068d','中华医学会消化内镜学分会消化系早癌内镜诊断与治疗协作组,中华医学会消化病学分会消化道肿瘤协作组,中华医学会消化病学分会消化病理学组','','将55～74岁的一般风险人群、40～74岁的高风险人群以及家族史不详的人群作为内镜筛查的目标人群。\n①长期居住于食管鳞癌高发区；②一级亲属有食管鳞癌病史；③既往有食管病变史(食管上皮内瘤变)；④本人有癌症史；⑤长期吸烟史；⑥长期饮酒史；⑦有不良饮食习惯如进食快、热烫饮食、高盐饮食、进食腌菜者。','一般风险人群：无上述任意1条者。（鉴于现有国际国内指南均未推荐筛查频率，本项目拟定胃癌筛查频率进行）','食管癌','low','age>=40 and age<=74 and (locate(\'fast\',tag_foodStyle)>0 or locate(\'hot\',tag_foodStyle)>0 or locate(\'salty\',tag_foodStyle)>0)','pending','toGenerate','2016-06-18 14:27:53','2016-06-18 14:27:53',NULL),('679ba1ba6a034e83bf32e56b2945fc0a-high-07e68dd1ea5f4f549eb813f80ca0a7b5','679ba1ba6a034e83bf32e56b2945fc0a','07e68dd1ea5f4f549eb813f80ca0a7b5',' 中华人民共和国卫生部(MINISTRY OF HEALTH OF THE PEOPLE`S REPUBLIC OF CHINA)','','年龄\r\n备注：包含牙周疾病及口腔癌等','大于60岁，半年一次','龋齿','high','age>=60','dismatch','toGenerate','2016-06-19 09:28:24','2016-06-19 09:28:24',NULL),('679ba1ba6a034e83bf32e56b2945fc0a-high-1cfc1f8ff2dc4049b2422177cd3b9040','679ba1ba6a034e83bf32e56b2945fc0a','1cfc1f8ff2dc4049b2422177cd3b9040',' 美国国家综合癌症网络(NCCN,National Comprehensive Cancer Network)','','1.吸烟史\n2.氡暴露史\n3.职业暴露：砒霜、铬、石棉、镍、镉、铍、硅、柴油烟雾（吸烟可以叠加）\n4.一级亲属罹患肺癌\n5.COPD及肺纤维化病史\n6.报警症状','或年龄大于50岁，并且吸烟指数大于20支.年，或包含任意一条危险因素（见关注因素）','肺癌','high','age>50 and tag_smoke_quantity>=20','pending','toGenerate','2016-06-19 09:28:24','2016-06-19 09:28:24',NULL),('679ba1ba6a034e83bf32e56b2945fc0a-high-365153d2e9e44bf0a15ec2fb25c97c31','679ba1ba6a034e83bf32e56b2945fc0a','365153d2e9e44bf0a15ec2fb25c97c31',' 美国预防医学工作组(USPSTF,U.S. Preventive Services Task Force)','','1.性别\r\n2.年龄\r\n3.吸烟\r\n4.家族史（一级亲属罹患腹主动脉瘤）\r\n5.既往史（既往被诊断：血管瘤、心、脑血管疾病、动脉粥样硬化、高胆固醇血症、肥胖和高血压）','男性\r\n吸烟超过100只\r\n年龄大于65岁','腹主动脉瘤','high','sex=\'男\' and age>=65 and tag_smoke_style!=\'no\'','dismatch','toGenerate','2016-06-19 09:28:24','2016-06-19 09:28:24',NULL),('679ba1ba6a034e83bf32e56b2945fc0a-high-3841703bd931482fb3bc425b4178b813','679ba1ba6a034e83bf32e56b2945fc0a','3841703bd931482fb3bc425b4178b813',' 中华医学会内镜学分会(CSDE,Chinese Society of Digestive Endoscopy) 中华医学会消化病学分会(CSGE,Chinese Society Of Gastroenterology)','','1.年龄\r\n2.结直肠腺瘤、锯齿状息肉及结直肠癌病史\r\n3.非特异性肠炎病史\r\n4.阳性家族史（Lynch综合征病史、多发性错构瘤综合征病史等）\r\n5.大便隐血实验结果\r\n6.具有以下两项及两项以上者：①慢性便秘；②黏液血便；③慢性腹泻；④慢性阑尾炎或阑尾切除史；⑤精神刺激史；⑥体重指数 (BMI) ＞28 kg/m2；⑦吸烟指数大于400只/年；慢性胆囊炎及胆囊切除史；慢性便秘指近2年来便秘每年在2个月以上','1.有便血、黑便、体重减轻、贫血等报警症状的人群\n2.大于50岁，包含：结直肠腺瘤、锯齿状息肉及结直肠癌病史；非特异性肠炎病史；阳性家族史（Lynch综合征病史、多发性错构瘤综合征病史等）可以理解为一级亲属有结直肠癌病史；大便隐血实验结果阳性；具有以下两项及两项以上者：①慢性便秘；②黏液血便；③慢性腹泻；④慢性阑尾炎或阑尾切除史；⑤精神刺激史；⑥体重指数 (BMI) ＞28 kg/m2；⑦吸烟指数大于400只/年；慢性胆囊炎及胆囊切除史；慢性便秘指近2年来便秘每年在2个月以上','结直肠癌','high','age>=50 and (tag_smoke_quantity>1 or weight/height/height*10000>28)','pending','toGenerate','2016-06-19 09:28:24','2016-06-19 09:28:24',NULL),('679ba1ba6a034e83bf32e56b2945fc0a-high-3d1776a7aa894ceca869b38cbc5245fe','679ba1ba6a034e83bf32e56b2945fc0a','3d1776a7aa894ceca869b38cbc5245fe',' 中华人民共和国卫生部(MINISTRY OF HEALTH OF THE PEOPLE`S REPUBLIC OF CHINA)','','年龄','年龄大于等于60岁','牙周病','high','age>=60','pending','toGenerate','2016-06-19 09:28:24','2016-06-19 09:28:24',NULL),('679ba1ba6a034e83bf32e56b2945fc0a-high-40c2f59a7b2c4b50937da37b2b9f7919','679ba1ba6a034e83bf32e56b2945fc0a','40c2f59a7b2c4b50937da37b2b9f7919',' 中华医学会心血管病学分会(Chinese Society of Cardiology)','','既往史：先天性心脏病、结缔组织病、HIV感染、减肥药物治疗史、肝病及贫血\n个人史：职业解除如印刷厂或加油站工人接触油类物品、HIV感染、男-男同性恋、吸毒及染发剂接触	婚育史：女性是否有习惯性流产、男性需了解直系女性亲属是否有习惯性流产	\n家族史：是否有诊断肺动脉高压或先心病史\n','既往史：先天性心脏病、结缔组织病、HIV感染、减肥药物治疗史、肝病及贫血\n个人史：职业解除如印刷厂或加油站工人接触油类物品、HIV感染、男-男同性恋、吸毒及染发剂接触	婚育史：女性是否有习惯性流产、男性需了解直系女性亲属是否有习惯性流产	\n家族史：是否有诊断肺动脉高压或先心病史\n胸部影像学检测提示有右心脏增大及肺动脉增粗表现\n如有非特异性临床表现和体征可更考虑疑诊','肺动脉高压','high','(locate(\'先天性心脏病\',sufferedDiseases)>0 or locate(\'HIV感染\',sufferedDiseases)>0 or locate(\'肝病\',sufferedDiseases)>0 or locate(\'贫血\',sufferedDiseases)>0 or locate(\'结缔组织病\',sufferedDiseases)>0 or locate(\'先天性心脏病\',inheritDiseases)>0)','pending','toGenerate','2016-06-19 09:28:24','2016-06-19 09:28:24',NULL),('679ba1ba6a034e83bf32e56b2945fc0a-high-54cf2c7cb40c4d538f700e731894495e','679ba1ba6a034e83bf32e56b2945fc0a','54cf2c7cb40c4d538f700e731894495e',' 中华人民共和国国家卫生和计划生育委员会(NHFPC,National Health and Family Planning Commission of China)','','HCV感染高危人群，包括： \r\na) 有静脉药瘾史者； \r\nb) 有职业或其他原因（纹身、穿孔、针灸等）所致的针刺伤史者； \r\nc) 有医源性暴露史，包括手术、透析、不洁口腔诊疗操作、器官或组织移植者； \r\nd） 有高危性行为史，如多个性伴、男男同性恋者； \r\ne) HCV感染者的性伴及家庭成员； \r\nf) HIV感染者及其性伴； \r\ng) HCV感染母亲所生的子女； \r\nh) 破损皮肤和赫膜被HCV感染者血液污染者； \r\ni) 有输血或应用血液制品史者（主要是1993年前有过输血或应用血制品者） \r\nj) 1996年前的供血浆者。 ','HCV感染高危人群，包括： \na) 有静脉药瘾史者； \nb) 有职业或其他原因（纹身、穿孔、针灸等）所致的针刺伤史者； \nc) 有医源性暴露史，包括手术、透析、不洁口腔诊疗操作、器官或组织移植者； \nd） 有高危性行为史，如多个性伴、男男同性恋者； \ne) HCV感染者的性伴及家庭成员； \nf) HIV感染者及其性伴； \ng) HCV感染母亲所生的子女； \nh) 破损皮肤和赫膜被HCV感染者血液污染者； \ni) 有输血或应用血液制品史者（主要是1993年前有过输血或应用血制品者） \nj) 1996年前的供血浆者。 ','丙型病毒性肝炎','high','tag_sexHomosex=true or tag_sexBehaviorStyle=\'highrisk\' or locate(\'HCV\',inheritDiseases)>0','pending','toGenerate','2016-06-19 09:28:24','2016-06-19 09:28:24',NULL),('679ba1ba6a034e83bf32e56b2945fc0a-high-56f55df13386472c98df5a082a3ec9ae','679ba1ba6a034e83bf32e56b2945fc0a','56f55df13386472c98df5a082a3ec9ae',' 美国预防医学工作组(USPSTF,U.S. Preventive Services Task Force)','','1.血压在正常高值者（130-139/85-89 mmHg）\r\n2.BMI大于24\r\n3.腹型肥胖：男性腰围大于90cm，女性大于85cm\r\n4.家族史（一、二级亲属罹患高血压）\r\n5.长期高盐饮食\r\n6.长期饮酒，日均大于等于100ml（2两）\r\n来源于（中国高血压基层管理指南（2014年修订版））','≥40岁的成人，血压在正常高值者（130-139/85-89 mmHg）、超重或肥胖者。','高血压','high','age>=40 and weight/height/height*10000>=24','dismatch','toGenerate','2016-06-19 09:28:24','2016-06-19 09:28:24',NULL),('679ba1ba6a034e83bf32e56b2945fc0a-high-68db0e163064409286056fe21f7f27ad','679ba1ba6a034e83bf32e56b2945fc0a','68db0e163064409286056fe21f7f27ad',' 北京市脑卒中诊疗质量控制与改进中心','','1.脂代谢异常\n2.高血压、糖尿\n3.吸烟及吸烟环境\n4.家族史：一二级亲属罹患脑动脉粥样硬化\n5.肥胖\n6.高同型半胱氨酸\n','大于45岁，包含一下一项或以上：1.高胆固醇或高甘油三酯血症；2.高血压；3.糖尿病；4.吸烟；5.家族史；6.大量饮酒；7.肥胖及不良饮食习惯（高热量、高脂肪）；8.缺乏规律有氧运动；9.被诊断高同型半胱氨酸','脑动脉粥样硬化','high','age>=45 and (locate(\'高血压\',sufferedDiseases)>0 or locate(\'糖尿病\',sufferedDiseases)>0 or locate(\'脑动脉粥样硬化\',inheritDiseases)>0)','pending','toGenerate','2016-06-19 09:28:24','2016-06-19 09:28:24',NULL),('679ba1ba6a034e83bf32e56b2945fc0a-high-7c77c03835cc41dda72c27028ecb7585','679ba1ba6a034e83bf32e56b2945fc0a','7c77c03835cc41dda72c27028ecb7585',' 中华医学会外科学分会胆道外科学组','','1.是否患有胆囊结石2.是否有胆囊慢性炎症3.是否有胆囊息肉4.是否存在胆胰管汇合异常5.家族史：胆囊癌及胆囊结石家族史6.是否有胆道系统感染7.是否肥胖，是否有糖尿病8.','(1)胆囊息肉；(2)年龄超过50岁，特别是女性；(3)肥胖症；(4)有胆石症或胆囊癌家族史。','胆囊癌','high','locate(\'胆囊息肉\',sufferedDiseases)>0 or (age>=50 and sex=\'女\') or locate(\'肥胖\',sufferedDiseases)>0 or locate(\'胆结石\',inheritDiseases)>0 or locate(\'胆囊癌\',inheritDiseases)>0','pending','toGenerate','2016-06-19 09:28:24','2016-06-19 09:28:24',NULL),('679ba1ba6a034e83bf32e56b2945fc0a-high-89932374522c4cc4979d2c1206949377','679ba1ba6a034e83bf32e56b2945fc0a','89932374522c4cc4979d2c1206949377','中华医学会内分泌学分会(CSE,Chinese Society of Endocrinology)','','成年人 (>18岁)具有下列任何一个及以上的糖尿病高危因素，可定义为糖尿病高危人群：\r\n\r\n(1)年龄≥40岁；\r\n\r\n(2)既往有糖尿病前期病史；\r\n\r\n(3)超重、肥胖 (体重指数≥24 kg/m2)，男性腰围≥90cm,女性腰围≥85cm；\r\n\r\n(4)静坐的生活方式；\r\n\r\n(5)一级亲属中有2型糖尿病家族史；\r\n\r\n(6)有巨大儿 (出生体重≥4 kg)生产史，妊娠期显性糖尿病或妊娠糖尿病病史的妇女；\r\n\r\n(7)高血压 [收缩压≥140 mmHg (1mmHg=0.133kPa)和(或)舒张压≥90 mmHg]或正在接受降压治疗；\r\n\r\n(8)血脂异常(高密度脂蛋白胆固醇≤0.91mmol/L及甘油三酯≥2.22mmol/L，或正在接受调脂治疗)；\r\n\r\n(9)动脉粥样硬化性CCVD患者；\r\n\r\n(10)有一过性类固醇性糖尿病病史者；\r\n\r\n(11)多囊卵巢综合征患者；\r\n\r\n(12)严重精神病和 (或)长期接受抗抑郁症药物治疗的患者。','成年人 (>18岁)具有下列任何一个及以上的糖尿病高危因素，可定义为糖尿病高危人群：\n\n(1)年龄≥40岁；\n\n(2)既往有糖尿病前期病史；\n\n(3)超重、肥胖 (体重指数≥24 kg/m2)，男性腰围≥90cm,女性腰围≥85cm；\n\n(4)静坐的生活方式；\n\n(5)一级亲属中有2型糖尿病家族史；\n\n(6)有巨大儿 (出生体重≥4 kg)生产史，妊娠期显性糖尿病或妊娠糖尿病病史的妇女；\n\n(7)高血压 [收缩压≥140 mmHg (1mmHg=0.133kPa)和(或)舒张压≥90 mmHg]或正在接受降压治疗；\n\n(8)血脂异常(高密度脂蛋白胆固醇≤0.91mmol/L及甘油三酯≥2.22mmol/L，或正在接受调脂治疗)；\n\n(9)动脉粥样硬化性CCVD患者；\n\n(10)有一过性类固醇性糖尿病病史者；\n\n(11)多囊卵巢综合征患者；\n\n(12)严重精神病和 (或)长期接受抗抑郁症药物治疗的患者。','成人2型糖尿病','high','age>=40 and (weight/height/height*10000>=24 or  locate(\'糖尿病\',inheritDiseases)>0 or locate(\'动脉粥样硬化\',sufferedDiseases)>0 or locate(\'一过性类固醇糖尿病\',sufferedDiseases)>0 or locate(\'多囊卵巢综合症\',sufferedDiseases))','pending','toGenerate','2016-06-19 09:28:24','2016-06-19 09:28:24',NULL),('679ba1ba6a034e83bf32e56b2945fc0a-high-8a2b68cc6b054aa7a40b5763f14cec28','679ba1ba6a034e83bf32e56b2945fc0a','8a2b68cc6b054aa7a40b5763f14cec28','美国妇产科医师学会(ACOG,American College of Obstetricians and Gynecologists)','','1.人乳头瘤病毒感染；2.过早性生活；3.多个性伙伴；4.多产；5.丈夫婚外性行为；6.阴茎癌；7.社会经济条件差；8.营养不良；9.吸烟','1.大于等于21岁\r\n2.有性行为','宫颈癌','high','age>=21 and tag_hasSexBehavior=true and (tag_sexParterners>1 or tag_sexBehaviorStyle=\'highrisk\')','pending','toGenerate','2016-06-19 09:28:24','2016-06-19 09:28:24',NULL),('679ba1ba6a034e83bf32e56b2945fc0a-high-9a1bac66a1b640c2b1e106ecd37797e9','679ba1ba6a034e83bf32e56b2945fc0a','9a1bac66a1b640c2b1e106ecd37797e9',' 美国国家综合癌症网络(NCCN,National Comprehensive Cancer Network)','','1.年龄\r\n2.是否有肝硬化\r\n3.饮酒\r\n4.乙型肝炎病毒感染\r\n5.丙型肝炎病毒感染\r\n6.非酒精性脂肪肝\r\n7.α1-抗胰蛋白酶缺乏症病史\r\n8.四期原发性胆汁性肝硬化病史\r\n9.遗传性血色病病史','1.各种原因导致的肝硬化患者\r\n2.乙肝携带者，男性大于等于40岁，女性大于等于50岁','肝癌','high','((age>=40 and sex=\'男\') or (age>=50 and sex=\'女\'))and locate(\'乙肝\',sufferedDiseases)>0','pending','toGenerate','2016-06-19 09:28:24','2016-06-19 09:28:24',NULL),('679ba1ba6a034e83bf32e56b2945fc0a-high-a1ccc6a220a4465f964195c539c1d365','679ba1ba6a034e83bf32e56b2945fc0a','a1ccc6a220a4465f964195c539c1d365','中国癌症筛查及早诊早治技术方案 人民卫生出版社','','1.地区：高发地区：鼻咽癌死亡率＞3/10万的地区（中国标化）：广东、广西、福建、湖南、江西\n2.家族史：有家族聚集倾向，一级亲属罹患过鼻咽癌的；\n3.喜食咸鱼、腌制食物的、长期接触甲醛的\n4.高镍环境（存疑）','满足2和或3-4 条\r\n年龄大于等于30岁','鼻咽癌','high','age>=30 and (locate(\'鼻咽癌\',inheritDiseases)>0 or locate(\'salty\',tag_foodStyle)>0)','pending','toGenerate','2016-06-19 09:28:24','2016-06-19 09:28:24',NULL),('679ba1ba6a034e83bf32e56b2945fc0a-high-a26efd48e9484b22b8bf7477f7656630','679ba1ba6a034e83bf32e56b2945fc0a','a26efd48e9484b22b8bf7477f7656630','美国国家综合癌症网络(NCCN,National Comprehensive Cancer Network)','','1.年龄\r\n2.家族史（一级亲属罹患前列腺癌）','年龄大于等于45岁','前列腺癌','high','age>=45 and sex=\'男\' and locate(\'前列腺癌\',inheritDiseases)>0','pending','toGenerate','2016-06-19 09:28:24','2016-06-19 09:28:24',NULL),('679ba1ba6a034e83bf32e56b2945fc0a-high-a5c0a4318fb547c7bcf015480b2ca8c4','679ba1ba6a034e83bf32e56b2945fc0a','a5c0a4318fb547c7bcf015480b2ca8c4',' 中国抗癌协会乳腺癌专业委员会(CACA-CBCS,Chinese Anti-Cancer Association, Committee of Breast Cancer Society)','','确定性因素：1.年龄；2.性别；3.绝经后体重增加 BMI≥30kg/m2或增加10公斤；4.高身材，身高大于175cm；5.雌激素水平（高内源性雌激素水平）；6.骨密度（升高者发病率升高）；7.良性乳腺疾病史；8.长期使用外源性雌激素；9.初潮较早或绝经较晚；10.未产妇及首次初产年龄大于等于35岁；11.乳腺癌个人史；12.一级亲属罹患乳腺癌；13.饮酒；14.吸烟；15.夜班工作；16.暴露于治疗性电离辐射；17.是否哺乳；18.大豆/植物雌激素应用；19.体育锻炼；\n不确定性因素：未录入','1.有明显的乳腺癌遗传倾向者\r\n2.既往有乳腺良恶性疾病患者\r\n3.既往行胸部放疗','乳腺癌','high','sex=\'女\' and (locate(\'乳腺\',sufferedDiseases)>0 or locate(\'乳腺\',inheritDiseases)>0 or height>175 or height/weight/weight*10000>=24)','pending','toGenerate','2016-06-19 09:28:24','2016-06-19 09:28:24',NULL),('679ba1ba6a034e83bf32e56b2945fc0a-high-aa5f7b61e93f4c0a8639e2b2d8b3a933','679ba1ba6a034e83bf32e56b2945fc0a','aa5f7b61e93f4c0a8639e2b2d8b3a933','中华医学会外科学分会胰腺外科学组','','1.年龄；2.家族史；3.60岁以上突发糖尿病；4.慢性胰腺炎病史；5.吸烟；6.饮酒；7.肥胖；8.远端胃大部切除术病史（时间大于20年）；9.接触萘胺及苯类化合物者\r\n前驱症状：消化不良、恶性、脂肪泻、黄疸、疼痛、体重减轻','1.年龄大于40岁，有非特异性上腹部不适症状；\n2.一级亲属有罹患胰腺癌\n3.年龄大于60岁，突发糖尿病，缺乏家族史，低体重指数，很快形成胰岛素抵抗\n4.慢性胰腺炎病史：特别是遗传性胰腺炎病史\n5.良性病变行远端胃大部切除术者，特别是术后20年以上人群\n6.导管内乳头状粘液瘤患者\n7.FAP 家族性腺瘤息肉病患者\n8.长期吸烟\n9.大量饮酒\n10.体重超重\n11.黑斑息肉综合征病史\n12.家族性恶性黑色素瘤病史','胰腺癌','high','(age>=40 and locate(\'胰腺癌\',inheritDiseases)>0 or locate(\'胰腺\',sufferedDiseases)>0) or (locate(\'突发性糖尿病\',sufferedDiseases)>0 and age>=60)','dismatch','toGenerate','2016-06-19 09:28:24','2016-06-19 09:28:24',NULL),('679ba1ba6a034e83bf32e56b2945fc0a-high-ae6bcb0679ba4b7f83ec6aca09757dd6','679ba1ba6a034e83bf32e56b2945fc0a','ae6bcb0679ba4b7f83ec6aca09757dd6',' 中华人民共和国国家卫生和计划生育委员会(NHFPC,National Health and Family Planning Commission of China)','','1.高血压史（≥140/90 mmHg）或正在服用降压药物 \n2.房颤和（或）心脏瓣膜病等心脏病\n3.吸烟\n4.血脂异常\n5.糖尿病\n6.BMI大于26\n7.很少进行体育活动\n8.有卒中家族史','1.以上8条满足3条\r\n2.既往有缺血性脑卒中病史或短暂性脑缺血发作病史','颈动脉狭窄','high','(locate(\'高血压\',sufferedDiseases)>0 or locate(\'房颤\',sufferedDiseases)>0 or locate(\'心脏\',sufferedDiseases)>0 or locate(\'糖尿病\',sufferedDiseases)>0 or tag_smoke_style!=\'no\') and (locate(\'脑卒中\',sufferedDiseases)>0 or locate(\'脑缺血\',sufferedDiseases)>0)','dismatch','toGenerate','2016-06-19 09:28:24','2016-06-19 09:28:24',NULL),('679ba1ba6a034e83bf32e56b2945fc0a-high-b324470469f449a883059bebbc195bea','679ba1ba6a034e83bf32e56b2945fc0a','b324470469f449a883059bebbc195bea',' 中华医学会内镜学分会(CSDE,Chinese Society of Digestive Endoscopy) 中国抗癌协会(Chinese Anti-cancer Association) 中国抗癌协会肿瘤内镜专业委员会','','1.性别：\n2.年龄\n3.饮食：加盐腌制蔬菜或烟熏肉和鱼。\n4.吸烟\n5.治疗：接受过胃部手术。\n6.癌前疾病：慢性萎缩性胃炎、胃溃疡、胃息肉。\n7.家族肿瘤疾病史：包括家族胃癌史，遗传性非息肉性肠癌，家族性腺瘤性息肉等遗传性疾病等。\n8.恶性贫血。\n9.肥胖：超过正常体重20～25公斤\n10.经济状况：经济较差的地区，胃癌的发病率较高。\n11.是否有贫血、消瘦、消化道出血、呕吐、上腹部不适、上腹部肿块.来源:2013卫计委胃癌规范化诊疗指南（试行）','1.幽门螺旋杆菌+，萎缩性胃炎-\n2.幽门螺旋杆菌+，萎缩性胃炎+\n3.幽门螺旋杆菌-，萎缩性胃炎-\n4.幽门螺旋杆菌-，萎缩性胃炎-按照一般人群处理','胃癌','high','locate(\'幽门螺旋杆菌阳性\',sufferedDiseases)>0 and (locate(\'salty\',tag_foodStyle)>0 or locate(\'smoked\',tag_foodStyle)>0 or locate(\'cured\',tag_foodStyle)>0 or tag_smoke_age>1 or locate(\'胃\',sufferedDiseases)>0 or locate(\'胃癌\',inheritDiseases)>0 or locate(\'腺瘤\',inheritDiseases)>0 or locate(\'肠癌\',inheritDiseases)>0)','dismatch','toGenerate','2016-06-19 09:28:24','2016-06-19 09:28:24',NULL),('679ba1ba6a034e83bf32e56b2945fc0a-high-e00f9b2d6bee4dc7aeb0d821f8ac068d','679ba1ba6a034e83bf32e56b2945fc0a','e00f9b2d6bee4dc7aeb0d821f8ac068d','中华医学会消化内镜学分会消化系早癌内镜诊断与治疗协作组,中华医学会消化病学分会消化道肿瘤协作组,中华医学会消化病学分会消化病理学组','','将55～74岁的一般风险人群、40～74岁的高风险人群以及家族史不详的人群作为内镜筛查的目标人群。\n①长期居住于食管鳞癌高发区；②一级亲属有食管鳞癌病史；③既往有食管病变史(食管上皮内瘤变)；④本人有癌症史；⑤长期吸烟史；⑥长期饮酒史；⑦有不良饮食习惯如进食快、热烫饮食、高盐饮食、进食腌菜者。','有以上任意1条者视为高危人群（鉴于现有国际国内指南均未推荐筛查频率，本项目拟定胃癌筛查频率进行）','食管癌','high','age>=55 and age<=74 and (locate(\'食管鳞癌\',inheritDiseases)>0  or locate(\'食管\',sufferedDiseases)>0 or locate(\'癌\',sufferedDiseases)>0 or tag_smoke_age>=10 or locate(\'fast\',tag_foodStyle)>0 or locate(\'hot\',tag_foodStyle)>0 or locate(\'salty\',tag_foodStyle)>0)','pending','toGenerate','2016-06-19 09:28:24','2016-06-19 09:28:24',NULL),('679ba1ba6a034e83bf32e56b2945fc0a-low-07e68dd1ea5f4f549eb813f80ca0a7b5','679ba1ba6a034e83bf32e56b2945fc0a','07e68dd1ea5f4f549eb813f80ca0a7b5',' 中华人民共和国卫生部(MINISTRY OF HEALTH OF THE PEOPLE`S REPUBLIC OF CHINA)','','年龄\r\n备注：包含牙周疾病及口腔癌等','大于18岁小于60岁，每年一次','龋齿','low','age>=18 and age<60','dismatch','toGenerate','2016-06-19 09:28:24','2016-06-19 09:28:24',NULL),('679ba1ba6a034e83bf32e56b2945fc0a-low-1cfc1f8ff2dc4049b2422177cd3b9040','679ba1ba6a034e83bf32e56b2945fc0a','1cfc1f8ff2dc4049b2422177cd3b9040',' 美国国家综合癌症网络(NCCN,National Comprehensive Cancer Network)','','1.吸烟史\n2.氡暴露史\n3.职业暴露：砒霜、铬、石棉、镍、镉、铍、硅、柴油烟雾（吸烟可以叠加）\n4.一级亲属罹患肺癌\n5.COPD及肺纤维化病史\n6.报警症状','年龄大于等于55岁，并且吸烟指数大于30支.年，戒烟时间小于15年','肺癌','low','age>=55 and tag_smoke_quantity>=30','pending','toGenerate','2016-06-19 09:28:24','2016-06-19 09:28:24',NULL),('679ba1ba6a034e83bf32e56b2945fc0a-low-365153d2e9e44bf0a15ec2fb25c97c31','679ba1ba6a034e83bf32e56b2945fc0a','365153d2e9e44bf0a15ec2fb25c97c31',' 美国预防医学工作组(USPSTF,U.S. Preventive Services Task Force)','','1.性别\r\n2.年龄\r\n3.吸烟\r\n4.家族史（一级亲属罹患腹主动脉瘤）\r\n5.既往史（既往被诊断：血管瘤、心、脑血管疾病、动脉粥样硬化、高胆固醇血症、肥胖和高血压）','未吸烟男性，但包含以上危险因素','腹主动脉瘤','low','sex=\'男\' and tag_smoke_style=\'low\'','dismatch','toGenerate','2016-06-19 09:28:24','2016-06-19 09:28:24',NULL),('679ba1ba6a034e83bf32e56b2945fc0a-low-3841703bd931482fb3bc425b4178b813','679ba1ba6a034e83bf32e56b2945fc0a','3841703bd931482fb3bc425b4178b813',' 中华医学会内镜学分会(CSDE,Chinese Society of Digestive Endoscopy) 中华医学会消化病学分会(CSGE,Chinese Society Of Gastroenterology)','','1.年龄\r\n2.结直肠腺瘤、锯齿状息肉及结直肠癌病史\r\n3.非特异性肠炎病史\r\n4.阳性家族史（Lynch综合征病史、多发性错构瘤综合征病史等）\r\n5.大便隐血实验结果\r\n6.具有以下两项及两项以上者：①慢性便秘；②黏液血便；③慢性腹泻；④慢性阑尾炎或阑尾切除史；⑤精神刺激史；⑥体重指数 (BMI) ＞28 kg/m2；⑦吸烟指数大于400只/年；慢性胆囊炎及胆囊切除史；慢性便秘指近2年来便秘每年在2个月以上','年龄大于等于50岁，无以上危险因素','结直肠癌','low','age>=50','pending','toGenerate','2016-06-19 09:28:24','2016-06-19 09:28:24',NULL),('679ba1ba6a034e83bf32e56b2945fc0a-low-3d1776a7aa894ceca869b38cbc5245fe','679ba1ba6a034e83bf32e56b2945fc0a','3d1776a7aa894ceca869b38cbc5245fe',' 中华人民共和国卫生部(MINISTRY OF HEALTH OF THE PEOPLE`S REPUBLIC OF CHINA)','','年龄','大于18岁，小于60岁','牙周病','low','age>18 and age<60','pending','toGenerate','2016-06-19 09:28:24','2016-06-19 09:28:24',NULL),('679ba1ba6a034e83bf32e56b2945fc0a-low-40c2f59a7b2c4b50937da37b2b9f7919','679ba1ba6a034e83bf32e56b2945fc0a','40c2f59a7b2c4b50937da37b2b9f7919',' 中华医学会心血管病学分会(Chinese Society of Cardiology)','','既往史：先天性心脏病、结缔组织病、HIV感染、减肥药物治疗史、肝病及贫血\n个人史：职业解除如印刷厂或加油站工人接触油类物品、HIV感染、男-男同性恋、吸毒及染发剂接触	婚育史：女性是否有习惯性流产、男性需了解直系女性亲属是否有习惯性流产	\n家族史：是否有诊断肺动脉高压或先心病史\n','','肺动脉高压','low','1=0','pending','toGenerate','2016-06-19 09:28:24','2016-06-19 09:28:24',NULL),('679ba1ba6a034e83bf32e56b2945fc0a-low-54cf2c7cb40c4d538f700e731894495e','679ba1ba6a034e83bf32e56b2945fc0a','54cf2c7cb40c4d538f700e731894495e',' 中华人民共和国国家卫生和计划生育委员会(NHFPC,National Health and Family Planning Commission of China)','','HCV感染高危人群，包括： \r\na) 有静脉药瘾史者； \r\nb) 有职业或其他原因（纹身、穿孔、针灸等）所致的针刺伤史者； \r\nc) 有医源性暴露史，包括手术、透析、不洁口腔诊疗操作、器官或组织移植者； \r\nd） 有高危性行为史，如多个性伴、男男同性恋者； \r\ne) HCV感染者的性伴及家庭成员； \r\nf) HIV感染者及其性伴； \r\ng) HCV感染母亲所生的子女； \r\nh) 破损皮肤和赫膜被HCV感染者血液污染者； \r\ni) 有输血或应用血液制品史者（主要是1993年前有过输血或应用血制品者） \r\nj) 1996年前的供血浆者。 ','持续性血液透析者','丙型病毒性肝炎','low','locate(\'血液透析\',sufferedDiseases)>0','pending','toGenerate','2016-06-19 09:28:24','2016-06-19 09:28:24',NULL),('679ba1ba6a034e83bf32e56b2945fc0a-low-56f55df13386472c98df5a082a3ec9ae','679ba1ba6a034e83bf32e56b2945fc0a','56f55df13386472c98df5a082a3ec9ae',' 美国预防医学工作组(USPSTF,U.S. Preventive Services Task Force)','','1.血压在正常高值者（130-139/85-89 mmHg）\r\n2.BMI大于24\r\n3.腹型肥胖：男性腰围大于90cm，女性大于85cm\r\n4.家族史（一、二级亲属罹患高血压）\r\n5.长期高盐饮食\r\n6.长期饮酒，日均大于等于100ml（2两）\r\n来源于（中国高血压基层管理指南（2014年修订版））','18-39岁、血压正常（<130/85 mmHg）且没有危险因素。','高血压','low','age>=18 and age<40 and weight/height/height*10000<24','pending','toGenerate','2016-06-19 09:28:24','2016-06-19 09:28:24',NULL),('679ba1ba6a034e83bf32e56b2945fc0a-low-68db0e163064409286056fe21f7f27ad','679ba1ba6a034e83bf32e56b2945fc0a','68db0e163064409286056fe21f7f27ad',' 北京市脑卒中诊疗质量控制与改进中心','','1.脂代谢异常\n2.高血压、糖尿\n3.吸烟及吸烟环境\n4.家族史：一二级亲属罹患脑动脉粥样硬化\n5.肥胖\n6.高同型半胱氨酸\n','','脑动脉粥样硬化','low','age>=45','pending','toGenerate','2016-06-19 09:28:24','2016-06-19 09:28:24',NULL),('679ba1ba6a034e83bf32e56b2945fc0a-low-7c77c03835cc41dda72c27028ecb7585','679ba1ba6a034e83bf32e56b2945fc0a','7c77c03835cc41dda72c27028ecb7585',' 中华医学会外科学分会胆道外科学组','','1.是否患有胆囊结石2.是否有胆囊慢性炎症3.是否有胆囊息肉4.是否存在胆胰管汇合异常5.家族史：胆囊癌及胆囊结石家族史6.是否有胆道系统感染7.是否肥胖，是否有糖尿病8.','','胆囊癌','low','age>=50','pending','toGenerate','2016-06-19 09:28:24','2016-06-19 09:28:24',NULL),('679ba1ba6a034e83bf32e56b2945fc0a-low-89932374522c4cc4979d2c1206949377','679ba1ba6a034e83bf32e56b2945fc0a','89932374522c4cc4979d2c1206949377','中华医学会内分泌学分会(CSE,Chinese Society of Endocrinology)','','成年人 (>18岁)具有下列任何一个及以上的糖尿病高危因素，可定义为糖尿病高危人群：\r\n\r\n(1)年龄≥40岁；\r\n\r\n(2)既往有糖尿病前期病史；\r\n\r\n(3)超重、肥胖 (体重指数≥24 kg/m2)，男性腰围≥90cm,女性腰围≥85cm；\r\n\r\n(4)静坐的生活方式；\r\n\r\n(5)一级亲属中有2型糖尿病家族史；\r\n\r\n(6)有巨大儿 (出生体重≥4 kg)生产史，妊娠期显性糖尿病或妊娠糖尿病病史的妇女；\r\n\r\n(7)高血压 [收缩压≥140 mmHg (1mmHg=0.133kPa)和(或)舒张压≥90 mmHg]或正在接受降压治疗；\r\n\r\n(8)血脂异常(高密度脂蛋白胆固醇≤0.91mmol/L及甘油三酯≥2.22mmol/L，或正在接受调脂治疗)；\r\n\r\n(9)动脉粥样硬化性CCVD患者；\r\n\r\n(10)有一过性类固醇性糖尿病病史者；\r\n\r\n(11)多囊卵巢综合征患者；\r\n\r\n(12)严重精神病和 (或)长期接受抗抑郁症药物治疗的患者。','','成人2型糖尿病','low','age>=40','dismatch','toGenerate','2016-06-19 09:28:24','2016-06-19 09:28:24',NULL),('679ba1ba6a034e83bf32e56b2945fc0a-low-8a2b68cc6b054aa7a40b5763f14cec28','679ba1ba6a034e83bf32e56b2945fc0a','8a2b68cc6b054aa7a40b5763f14cec28','美国妇产科医师学会(ACOG,American College of Obstetricians and Gynecologists)','','1.人乳头瘤病毒感染；2.过早性生活；3.多个性伙伴；4.多产；5.丈夫婚外性行为；6.阴茎癌；7.社会经济条件差；8.营养不良；9.吸烟','21-29岁','宫颈癌','low','age>=21 and age<=29 and tag_hasSexBehavior=true','pending','toGenerate','2016-06-19 09:28:24','2016-06-19 09:28:24',NULL),('679ba1ba6a034e83bf32e56b2945fc0a-low-9a1bac66a1b640c2b1e106ecd37797e9','679ba1ba6a034e83bf32e56b2945fc0a','9a1bac66a1b640c2b1e106ecd37797e9',' 美国国家综合癌症网络(NCCN,National Comprehensive Cancer Network)','','1.年龄\r\n2.是否有肝硬化\r\n3.饮酒\r\n4.乙型肝炎病毒感染\r\n5.丙型肝炎病毒感染\r\n6.非酒精性脂肪肝\r\n7.α1-抗胰蛋白酶缺乏症病史\r\n8.四期原发性胆汁性肝硬化病史\r\n9.遗传性血色病病史','普通人群不推荐','肝癌','low','1=0','pending','toGenerate','2016-06-19 09:28:24','2016-06-19 09:28:24',NULL),('679ba1ba6a034e83bf32e56b2945fc0a-low-a1ccc6a220a4465f964195c539c1d365','679ba1ba6a034e83bf32e56b2945fc0a','a1ccc6a220a4465f964195c539c1d365','中国癌症筛查及早诊早治技术方案 人民卫生出版社','','1.地区：高发地区：鼻咽癌死亡率＞3/10万的地区（中国标化）：广东、广西、福建、湖南、江西\n2.家族史：有家族聚集倾向，一级亲属罹患过鼻咽癌的；\n3.喜食咸鱼、腌制食物的、长期接触甲醛的\n4.高镍环境（存疑）','','鼻咽癌','low','age>=30 and (locate(\'广东\',liveplace)>0 or locate(\'广西\',liveplace)>0 or locate(\'福建\',liveplace)>0 or locate(\'湖南\',liveplace)>0 or locate(\'江西\',liveplace)>0)','pending','toGenerate','2016-06-19 09:28:24','2016-06-19 09:28:24',NULL),('679ba1ba6a034e83bf32e56b2945fc0a-low-a26efd48e9484b22b8bf7477f7656630','679ba1ba6a034e83bf32e56b2945fc0a','a26efd48e9484b22b8bf7477f7656630','美国国家综合癌症网络(NCCN,National Comprehensive Cancer Network)','','1.年龄\r\n2.家族史（一级亲属罹患前列腺癌）','','前列腺癌','low','age>=45 and sex=\'男\'','pending','toGenerate','2016-06-19 09:28:24','2016-06-19 09:28:24',NULL),('679ba1ba6a034e83bf32e56b2945fc0a-low-a5c0a4318fb547c7bcf015480b2ca8c4','679ba1ba6a034e83bf32e56b2945fc0a','a5c0a4318fb547c7bcf015480b2ca8c4',' 中国抗癌协会乳腺癌专业委员会(CACA-CBCS,Chinese Anti-Cancer Association, Committee of Breast Cancer Society)','','确定性因素：1.年龄；2.性别；3.绝经后体重增加 BMI≥30kg/m2或增加10公斤；4.高身材，身高大于175cm；5.雌激素水平（高内源性雌激素水平）；6.骨密度（升高者发病率升高）；7.良性乳腺疾病史；8.长期使用外源性雌激素；9.初潮较早或绝经较晚；10.未产妇及首次初产年龄大于等于35岁；11.乳腺癌个人史；12.一级亲属罹患乳腺癌；13.饮酒；14.吸烟；15.夜班工作；16.暴露于治疗性电离辐射；17.是否哺乳；18.大豆/植物雌激素应用；19.体育锻炼；\n不确定性因素：未录入','无','乳腺癌','low','sex=\'女\' and (height>175 or height/weight/weight*10000>=24)','pending','toGenerate','2016-06-19 09:28:24','2016-06-19 09:28:24',NULL),('679ba1ba6a034e83bf32e56b2945fc0a-low-aa5f7b61e93f4c0a8639e2b2d8b3a933','679ba1ba6a034e83bf32e56b2945fc0a','aa5f7b61e93f4c0a8639e2b2d8b3a933','中华医学会外科学分会胰腺外科学组','','1.年龄；2.家族史；3.60岁以上突发糖尿病；4.慢性胰腺炎病史；5.吸烟；6.饮酒；7.肥胖；8.远端胃大部切除术病史（时间大于20年）；9.接触萘胺及苯类化合物者\r\n前驱症状：消化不良、恶性、脂肪泻、黄疸、疼痛、体重减轻','','胰腺癌','low','age>=40 and (tag_smoke_age>10 or height/weight/weight*10000>24)','pending','toGenerate','2016-06-19 09:28:24','2016-06-19 09:28:24',NULL),('679ba1ba6a034e83bf32e56b2945fc0a-low-ae6bcb0679ba4b7f83ec6aca09757dd6','679ba1ba6a034e83bf32e56b2945fc0a','ae6bcb0679ba4b7f83ec6aca09757dd6',' 中华人民共和国国家卫生和计划生育委员会(NHFPC,National Health and Family Planning Commission of China)','','1.高血压史（≥140/90 mmHg）或正在服用降压药物 \n2.房颤和（或）心脏瓣膜病等心脏病\n3.吸烟\n4.血脂异常\n5.糖尿病\n6.BMI大于26\n7.很少进行体育活动\n8.有卒中家族史','','颈动脉狭窄','low','locate(\'高血压\',sufferedDiseases)>0 or locate(\'房颤\',sufferedDiseases)>0 or locate(\'心脏\',sufferedDiseases)>0 or locate(\'糖尿病\',sufferedDiseases)>0 or tag_smoke_style!=\'no\'','pending','toGenerate','2016-06-19 09:28:24','2016-06-19 09:28:24',NULL),('679ba1ba6a034e83bf32e56b2945fc0a-low-b324470469f449a883059bebbc195bea','679ba1ba6a034e83bf32e56b2945fc0a','b324470469f449a883059bebbc195bea',' 中华医学会内镜学分会(CSDE,Chinese Society of Digestive Endoscopy) 中国抗癌协会(Chinese Anti-cancer Association) 中国抗癌协会肿瘤内镜专业委员会','','1.性别：\n2.年龄\n3.饮食：加盐腌制蔬菜或烟熏肉和鱼。\n4.吸烟\n5.治疗：接受过胃部手术。\n6.癌前疾病：慢性萎缩性胃炎、胃溃疡、胃息肉。\n7.家族肿瘤疾病史：包括家族胃癌史，遗传性非息肉性肠癌，家族性腺瘤性息肉等遗传性疾病等。\n8.恶性贫血。\n9.肥胖：超过正常体重20～25公斤\n10.经济状况：经济较差的地区，胃癌的发病率较高。\n11.是否有贫血、消瘦、消化道出血、呕吐、上腹部不适、上腹部肿块.来源:2013卫计委胃癌规范化诊疗指南（试行）','  男女不限，年龄大于等于40岁，满足一下任意一条：\n1.胃癌高发地区人群\n2.幽门螺旋杆菌感染感染\n3.既往患有慢性萎缩性胃炎等胃癌癌前病变\n4.一级亲属罹患胃癌\n5.存在胃癌其它高危因素（吸烟、重度饮酒、高盐、腌制饮食等）\n检查需同时进行','胃癌','low','age>=40 and (locate(\'幽门螺旋杆菌阳性\',sufferedDiseases)>0 or locate(\'salty\',tag_foodStyle)>0 or locate(\'smoked\',tag_foodStyle)>0 or locate(\'cured\',tag_foodStyle)>0 or tag_smoke_age>1 or locate(\'胃\',sufferedDiseases)>0 or locate(\'胃癌\',inheritDiseases)>0 or locate(\'腺瘤\',inheritDiseases)>0 or locate(\'肠癌\',inheritDiseases)>0)','dismatch','toGenerate','2016-06-19 09:28:24','2016-06-19 09:28:24',NULL),('679ba1ba6a034e83bf32e56b2945fc0a-low-e00f9b2d6bee4dc7aeb0d821f8ac068d','679ba1ba6a034e83bf32e56b2945fc0a','e00f9b2d6bee4dc7aeb0d821f8ac068d','中华医学会消化内镜学分会消化系早癌内镜诊断与治疗协作组,中华医学会消化病学分会消化道肿瘤协作组,中华医学会消化病学分会消化病理学组','','将55～74岁的一般风险人群、40～74岁的高风险人群以及家族史不详的人群作为内镜筛查的目标人群。\n①长期居住于食管鳞癌高发区；②一级亲属有食管鳞癌病史；③既往有食管病变史(食管上皮内瘤变)；④本人有癌症史；⑤长期吸烟史；⑥长期饮酒史；⑦有不良饮食习惯如进食快、热烫饮食、高盐饮食、进食腌菜者。','一般风险人群：无上述任意1条者。（鉴于现有国际国内指南均未推荐筛查频率，本项目拟定胃癌筛查频率进行）','食管癌','low','age>=40 and age<=74 and (locate(\'fast\',tag_foodStyle)>0 or locate(\'hot\',tag_foodStyle)>0 or locate(\'salty\',tag_foodStyle)>0)','dismatch','toGenerate','2016-06-19 09:28:24','2016-06-19 09:28:24',NULL),('73ec21526c29439b9c4050fce8b72286-high-07e68dd1ea5f4f549eb813f80ca0a7b5','73ec21526c29439b9c4050fce8b72286','07e68dd1ea5f4f549eb813f80ca0a7b5',' 中华人民共和国卫生部(MINISTRY OF HEALTH OF THE PEOPLE`S REPUBLIC OF CHINA)','','年龄\r\n备注：包含牙周疾病及口腔癌等','大于60岁，半年一次','龋齿','high','age>=60','dismatch','toGenerate','2016-06-11 11:28:37','2016-06-19 09:43:57',NULL),('73ec21526c29439b9c4050fce8b72286-high-1cfc1f8ff2dc4049b2422177cd3b9040','73ec21526c29439b9c4050fce8b72286','1cfc1f8ff2dc4049b2422177cd3b9040',' 美国国家综合癌症网络(NCCN,National Comprehensive Cancer Network)','','1.吸烟史\n2.氡暴露史\n3.职业暴露：砒霜、铬、石棉、镍、镉、铍、硅、柴油烟雾（吸烟可以叠加）\n4.一级亲属罹患肺癌\n5.COPD及肺纤维化病史\n6.报警症状','或年龄大于50岁，并且吸烟指数大于20支.年，或包含任意一条危险因素（见关注因素）','肺癌','high','age>50 and tag_smoke_quantity>=20','pending','toGenerate','2016-06-13 04:24:23','2016-06-19 09:43:57',NULL),('73ec21526c29439b9c4050fce8b72286-high-365153d2e9e44bf0a15ec2fb25c97c31','73ec21526c29439b9c4050fce8b72286','365153d2e9e44bf0a15ec2fb25c97c31',' 美国预防医学工作组(USPSTF,U.S. Preventive Services Task Force)','','1.性别\r\n2.年龄\r\n3.吸烟\r\n4.家族史（一级亲属罹患腹主动脉瘤）\r\n5.既往史（既往被诊断：血管瘤、心、脑血管疾病、动脉粥样硬化、高胆固醇血症、肥胖和高血压）','男性\r\n吸烟超过100只\r\n年龄大于65岁','腹主动脉瘤','high','sex=\'男\' and age>=65 and tag_smoke_style!=\'no\'','dismatch','toGenerate','2016-06-13 04:24:23','2016-06-19 09:43:57',NULL),('73ec21526c29439b9c4050fce8b72286-high-3841703bd931482fb3bc425b4178b813','73ec21526c29439b9c4050fce8b72286','3841703bd931482fb3bc425b4178b813',' 中华医学会内镜学分会(CSDE,Chinese Society of Digestive Endoscopy) 中华医学会消化病学分会(CSGE,Chinese Society Of Gastroenterology)','','1.年龄\r\n2.结直肠腺瘤、锯齿状息肉及结直肠癌病史\r\n3.非特异性肠炎病史\r\n4.阳性家族史（Lynch综合征病史、多发性错构瘤综合征病史等）\r\n5.大便隐血实验结果\r\n6.具有以下两项及两项以上者：①慢性便秘；②黏液血便；③慢性腹泻；④慢性阑尾炎或阑尾切除史；⑤精神刺激史；⑥体重指数 (BMI) ＞28 kg/m2；⑦吸烟指数大于400只/年；慢性胆囊炎及胆囊切除史；慢性便秘指近2年来便秘每年在2个月以上','1.有便血、黑便、体重减轻、贫血等报警症状的人群\n2.大于50岁，包含：结直肠腺瘤、锯齿状息肉及结直肠癌病史；非特异性肠炎病史；阳性家族史（Lynch综合征病史、多发性错构瘤综合征病史等）可以理解为一级亲属有结直肠癌病史；大便隐血实验结果阳性；具有以下两项及两项以上者：①慢性便秘；②黏液血便；③慢性腹泻；④慢性阑尾炎或阑尾切除史；⑤精神刺激史；⑥体重指数 (BMI) ＞28 kg/m2；⑦吸烟指数大于400只/年；慢性胆囊炎及胆囊切除史；慢性便秘指近2年来便秘每年在2个月以上','结直肠癌','high','age>=50 and (tag_smoke_quantity>1 or weight/height/height*10000>28)','pending','toGenerate','2016-06-13 04:24:23','2016-06-19 09:43:57',NULL),('73ec21526c29439b9c4050fce8b72286-high-3d1776a7aa894ceca869b38cbc5245fe','73ec21526c29439b9c4050fce8b72286','3d1776a7aa894ceca869b38cbc5245fe',' 中华人民共和国卫生部(MINISTRY OF HEALTH OF THE PEOPLE`S REPUBLIC OF CHINA)','','年龄','年龄大于等于60岁','牙周病','high','age>=60','pending','toGenerate','2016-06-11 11:28:37','2016-06-19 09:43:57',NULL),('73ec21526c29439b9c4050fce8b72286-high-40c2f59a7b2c4b50937da37b2b9f7919','73ec21526c29439b9c4050fce8b72286','40c2f59a7b2c4b50937da37b2b9f7919',' 中华医学会心血管病学分会(Chinese Society of Cardiology)','','既往史：先天性心脏病、结缔组织病、HIV感染、减肥药物治疗史、肝病及贫血\n个人史：职业解除如印刷厂或加油站工人接触油类物品、HIV感染、男-男同性恋、吸毒及染发剂接触	婚育史：女性是否有习惯性流产、男性需了解直系女性亲属是否有习惯性流产	\n家族史：是否有诊断肺动脉高压或先心病史\n','既往史：先天性心脏病、结缔组织病、HIV感染、减肥药物治疗史、肝病及贫血\n个人史：职业解除如印刷厂或加油站工人接触油类物品、HIV感染、男-男同性恋、吸毒及染发剂接触	婚育史：女性是否有习惯性流产、男性需了解直系女性亲属是否有习惯性流产	\n家族史：是否有诊断肺动脉高压或先心病史\n胸部影像学检测提示有右心脏增大及肺动脉增粗表现\n如有非特异性临床表现和体征可更考虑疑诊','肺动脉高压','high','(locate(\'先天性心脏病\',sufferedDiseases)>0 or locate(\'HIV感染\',sufferedDiseases)>0 or locate(\'肝病\',sufferedDiseases)>0 or locate(\'贫血\',sufferedDiseases)>0 or locate(\'结缔组织病\',sufferedDiseases)>0 or locate(\'先天性心脏病\',inheritDiseases)>0)','pending','toGenerate','2016-06-13 04:24:23','2016-06-19 09:43:57',NULL),('73ec21526c29439b9c4050fce8b72286-high-54cf2c7cb40c4d538f700e731894495e','73ec21526c29439b9c4050fce8b72286','54cf2c7cb40c4d538f700e731894495e',' 中华人民共和国国家卫生和计划生育委员会(NHFPC,National Health and Family Planning Commission of China)','','HCV感染高危人群，包括： \r\na) 有静脉药瘾史者； \r\nb) 有职业或其他原因（纹身、穿孔、针灸等）所致的针刺伤史者； \r\nc) 有医源性暴露史，包括手术、透析、不洁口腔诊疗操作、器官或组织移植者； \r\nd） 有高危性行为史，如多个性伴、男男同性恋者； \r\ne) HCV感染者的性伴及家庭成员； \r\nf) HIV感染者及其性伴； \r\ng) HCV感染母亲所生的子女； \r\nh) 破损皮肤和赫膜被HCV感染者血液污染者； \r\ni) 有输血或应用血液制品史者（主要是1993年前有过输血或应用血制品者） \r\nj) 1996年前的供血浆者。 ','HCV感染高危人群，包括： \na) 有静脉药瘾史者； \nb) 有职业或其他原因（纹身、穿孔、针灸等）所致的针刺伤史者； \nc) 有医源性暴露史，包括手术、透析、不洁口腔诊疗操作、器官或组织移植者； \nd） 有高危性行为史，如多个性伴、男男同性恋者； \ne) HCV感染者的性伴及家庭成员； \nf) HIV感染者及其性伴； \ng) HCV感染母亲所生的子女； \nh) 破损皮肤和赫膜被HCV感染者血液污染者； \ni) 有输血或应用血液制品史者（主要是1993年前有过输血或应用血制品者） \nj) 1996年前的供血浆者。 ','丙型病毒性肝炎','high','tag_sexHomosex=true or tag_sexBehaviorStyle=\'highrisk\' or locate(\'HCV\',inheritDiseases)>0','pending','toGenerate','2016-06-13 04:24:23','2016-06-19 09:43:57',NULL),('73ec21526c29439b9c4050fce8b72286-high-56f55df13386472c98df5a082a3ec9ae','73ec21526c29439b9c4050fce8b72286','56f55df13386472c98df5a082a3ec9ae',' 美国预防医学工作组(USPSTF,U.S. Preventive Services Task Force)','','1.血压在正常高值者（130-139/85-89 mmHg）\r\n2.BMI大于24\r\n3.腹型肥胖：男性腰围大于90cm，女性大于85cm\r\n4.家族史（一、二级亲属罹患高血压）\r\n5.长期高盐饮食\r\n6.长期饮酒，日均大于等于100ml（2两）\r\n来源于（中国高血压基层管理指南（2014年修订版））','≥40岁的成人，血压在正常高值者（130-139/85-89 mmHg）、超重或肥胖者。','高血压','high','age>=40 and weight/height/height*10000>=24','pending','toGenerate','2016-06-13 04:24:22','2016-06-19 09:43:57',NULL),('73ec21526c29439b9c4050fce8b72286-high-68db0e163064409286056fe21f7f27ad','73ec21526c29439b9c4050fce8b72286','68db0e163064409286056fe21f7f27ad',' 北京市脑卒中诊疗质量控制与改进中心','','1.脂代谢异常\n2.高血压、糖尿\n3.吸烟及吸烟环境\n4.家族史：一二级亲属罹患脑动脉粥样硬化\n5.肥胖\n6.高同型半胱氨酸\n','大于45岁，包含一下一项或以上：1.高胆固醇或高甘油三酯血症；2.高血压；3.糖尿病；4.吸烟；5.家族史；6.大量饮酒；7.肥胖及不良饮食习惯（高热量、高脂肪）；8.缺乏规律有氧运动；9.被诊断高同型半胱氨酸','脑动脉粥样硬化','high','age>=45 and (locate(\'高血压\',sufferedDiseases)>0 or locate(\'糖尿病\',sufferedDiseases)>0 or locate(\'脑动脉粥样硬化\',inheritDiseases)>0)','pending','toGenerate','2016-06-13 04:24:23','2016-06-19 09:43:57',NULL),('73ec21526c29439b9c4050fce8b72286-high-7c77c03835cc41dda72c27028ecb7585','73ec21526c29439b9c4050fce8b72286','7c77c03835cc41dda72c27028ecb7585',' 中华医学会外科学分会胆道外科学组','','1.是否患有胆囊结石2.是否有胆囊慢性炎症3.是否有胆囊息肉4.是否存在胆胰管汇合异常5.家族史：胆囊癌及胆囊结石家族史6.是否有胆道系统感染7.是否肥胖，是否有糖尿病8.','(1)胆囊息肉；(2)年龄超过50岁，特别是女性；(3)肥胖症；(4)有胆石症或胆囊癌家族史。','胆囊癌','high','locate(\'胆囊息肉\',sufferedDiseases)>0 or (age>=50 and sex=\'女\') or locate(\'肥胖\',sufferedDiseases)>0 or locate(\'胆结石\',inheritDiseases)>0 or locate(\'胆囊癌\',inheritDiseases)>0','pending','toGenerate','2016-06-13 04:24:23','2016-06-19 09:43:57',NULL),('73ec21526c29439b9c4050fce8b72286-high-89932374522c4cc4979d2c1206949377','73ec21526c29439b9c4050fce8b72286','89932374522c4cc4979d2c1206949377','中华医学会内分泌学分会(CSE,Chinese Society of Endocrinology)','','成年人 (>18岁)具有下列任何一个及以上的糖尿病高危因素，可定义为糖尿病高危人群：\r\n\r\n(1)年龄≥40岁；\r\n\r\n(2)既往有糖尿病前期病史；\r\n\r\n(3)超重、肥胖 (体重指数≥24 kg/m2)，男性腰围≥90cm,女性腰围≥85cm；\r\n\r\n(4)静坐的生活方式；\r\n\r\n(5)一级亲属中有2型糖尿病家族史；\r\n\r\n(6)有巨大儿 (出生体重≥4 kg)生产史，妊娠期显性糖尿病或妊娠糖尿病病史的妇女；\r\n\r\n(7)高血压 [收缩压≥140 mmHg (1mmHg=0.133kPa)和(或)舒张压≥90 mmHg]或正在接受降压治疗；\r\n\r\n(8)血脂异常(高密度脂蛋白胆固醇≤0.91mmol/L及甘油三酯≥2.22mmol/L，或正在接受调脂治疗)；\r\n\r\n(9)动脉粥样硬化性CCVD患者；\r\n\r\n(10)有一过性类固醇性糖尿病病史者；\r\n\r\n(11)多囊卵巢综合征患者；\r\n\r\n(12)严重精神病和 (或)长期接受抗抑郁症药物治疗的患者。','成年人 (>18岁)具有下列任何一个及以上的糖尿病高危因素，可定义为糖尿病高危人群：\n\n(1)年龄≥40岁；\n\n(2)既往有糖尿病前期病史；\n\n(3)超重、肥胖 (体重指数≥24 kg/m2)，男性腰围≥90cm,女性腰围≥85cm；\n\n(4)静坐的生活方式；\n\n(5)一级亲属中有2型糖尿病家族史；\n\n(6)有巨大儿 (出生体重≥4 kg)生产史，妊娠期显性糖尿病或妊娠糖尿病病史的妇女；\n\n(7)高血压 [收缩压≥140 mmHg (1mmHg=0.133kPa)和(或)舒张压≥90 mmHg]或正在接受降压治疗；\n\n(8)血脂异常(高密度脂蛋白胆固醇≤0.91mmol/L及甘油三酯≥2.22mmol/L，或正在接受调脂治疗)；\n\n(9)动脉粥样硬化性CCVD患者；\n\n(10)有一过性类固醇性糖尿病病史者；\n\n(11)多囊卵巢综合征患者；\n\n(12)严重精神病和 (或)长期接受抗抑郁症药物治疗的患者。','成人2型糖尿病','high','age>=40 and (weight/height/height*10000>=24 or  locate(\'糖尿病\',inheritDiseases)>0 or locate(\'动脉粥样硬化\',sufferedDiseases)>0 or locate(\'一过性类固醇糖尿病\',sufferedDiseases)>0 or locate(\'多囊卵巢综合症\',sufferedDiseases))','dismatch','toGenerate','2016-06-13 04:24:23','2016-06-19 09:43:57',NULL),('73ec21526c29439b9c4050fce8b72286-high-8a2b68cc6b054aa7a40b5763f14cec28','73ec21526c29439b9c4050fce8b72286','8a2b68cc6b054aa7a40b5763f14cec28','美国妇产科医师学会(ACOG,American College of Obstetricians and Gynecologists)','','1.人乳头瘤病毒感染；2.过早性生活；3.多个性伙伴；4.多产；5.丈夫婚外性行为；6.阴茎癌；7.社会经济条件差；8.营养不良；9.吸烟','1.大于等于21岁\r\n2.有性行为','宫颈癌','high','age>=21 and tag_hasSexBehavior=true and (tag_sexParterners>1 or tag_sexBehaviorStyle=\'highrisk\')','pending','toGenerate','2016-06-13 04:24:22','2016-06-19 09:43:57',NULL),('73ec21526c29439b9c4050fce8b72286-high-9a1bac66a1b640c2b1e106ecd37797e9','73ec21526c29439b9c4050fce8b72286','9a1bac66a1b640c2b1e106ecd37797e9',' 美国国家综合癌症网络(NCCN,National Comprehensive Cancer Network)','','1.年龄\r\n2.是否有肝硬化\r\n3.饮酒\r\n4.乙型肝炎病毒感染\r\n5.丙型肝炎病毒感染\r\n6.非酒精性脂肪肝\r\n7.α1-抗胰蛋白酶缺乏症病史\r\n8.四期原发性胆汁性肝硬化病史\r\n9.遗传性血色病病史','1.各种原因导致的肝硬化患者\r\n2.乙肝携带者，男性大于等于40岁，女性大于等于50岁','肝癌','high','((age>=40 and sex=\'男\') or (age>=50 and sex=\'女\'))and locate(\'乙肝\',sufferedDiseases)>0','pending','toGenerate','2016-06-13 04:24:23','2016-06-19 09:43:57',NULL),('73ec21526c29439b9c4050fce8b72286-high-a1ccc6a220a4465f964195c539c1d365','73ec21526c29439b9c4050fce8b72286','a1ccc6a220a4465f964195c539c1d365','中国癌症筛查及早诊早治技术方案 人民卫生出版社','','1.地区：高发地区：鼻咽癌死亡率＞3/10万的地区（中国标化）：广东、广西、福建、湖南、江西\n2.家族史：有家族聚集倾向，一级亲属罹患过鼻咽癌的；\n3.喜食咸鱼、腌制食物的、长期接触甲醛的\n4.高镍环境（存疑）','满足2和或3-4 条\r\n年龄大于等于30岁','鼻咽癌','high','age>=30 and (locate(\'鼻咽癌\',inheritDiseases)>0 or locate(\'salty\',tag_foodStyle)>0)','dismatch','toGenerate','2016-06-13 04:24:23','2016-06-19 09:43:57',NULL),('73ec21526c29439b9c4050fce8b72286-high-a26efd48e9484b22b8bf7477f7656630','73ec21526c29439b9c4050fce8b72286','a26efd48e9484b22b8bf7477f7656630','美国国家综合癌症网络(NCCN,National Comprehensive Cancer Network)','','1.年龄\r\n2.家族史（一级亲属罹患前列腺癌）','年龄大于等于45岁','前列腺癌','high','age>=45 and sex=\'男\' and locate(\'前列腺癌\',inheritDiseases)>0','pending','toGenerate','2016-06-13 04:24:23','2016-06-19 09:43:57',NULL),('73ec21526c29439b9c4050fce8b72286-high-a5c0a4318fb547c7bcf015480b2ca8c4','73ec21526c29439b9c4050fce8b72286','a5c0a4318fb547c7bcf015480b2ca8c4',' 中国抗癌协会乳腺癌专业委员会(CACA-CBCS,Chinese Anti-Cancer Association, Committee of Breast Cancer Society)','','确定性因素：1.年龄；2.性别；3.绝经后体重增加 BMI≥30kg/m2或增加10公斤；4.高身材，身高大于175cm；5.雌激素水平（高内源性雌激素水平）；6.骨密度（升高者发病率升高）；7.良性乳腺疾病史；8.长期使用外源性雌激素；9.初潮较早或绝经较晚；10.未产妇及首次初产年龄大于等于35岁；11.乳腺癌个人史；12.一级亲属罹患乳腺癌；13.饮酒；14.吸烟；15.夜班工作；16.暴露于治疗性电离辐射；17.是否哺乳；18.大豆/植物雌激素应用；19.体育锻炼；\n不确定性因素：未录入','1.有明显的乳腺癌遗传倾向者\r\n2.既往有乳腺良恶性疾病患者\r\n3.既往行胸部放疗','乳腺癌','high','sex=\'女\' and (locate(\'乳腺\',sufferedDiseases)>0 or locate(\'乳腺\',inheritDiseases)>0 or height>175 or height/weight/weight*10000>=24)','pending','toGenerate','2016-06-13 04:24:23','2016-06-19 09:43:57',NULL),('73ec21526c29439b9c4050fce8b72286-high-aa5f7b61e93f4c0a8639e2b2d8b3a933','73ec21526c29439b9c4050fce8b72286','aa5f7b61e93f4c0a8639e2b2d8b3a933','中华医学会外科学分会胰腺外科学组','','1.年龄；2.家族史；3.60岁以上突发糖尿病；4.慢性胰腺炎病史；5.吸烟；6.饮酒；7.肥胖；8.远端胃大部切除术病史（时间大于20年）；9.接触萘胺及苯类化合物者\r\n前驱症状：消化不良、恶性、脂肪泻、黄疸、疼痛、体重减轻','1.年龄大于40岁，有非特异性上腹部不适症状；\n2.一级亲属有罹患胰腺癌\n3.年龄大于60岁，突发糖尿病，缺乏家族史，低体重指数，很快形成胰岛素抵抗\n4.慢性胰腺炎病史：特别是遗传性胰腺炎病史\n5.良性病变行远端胃大部切除术者，特别是术后20年以上人群\n6.导管内乳头状粘液瘤患者\n7.FAP 家族性腺瘤息肉病患者\n8.长期吸烟\n9.大量饮酒\n10.体重超重\n11.黑斑息肉综合征病史\n12.家族性恶性黑色素瘤病史','胰腺癌','high','(age>=40 and locate(\'胰腺癌\',inheritDiseases)>0 or locate(\'胰腺\',sufferedDiseases)>0) or (locate(\'突发性糖尿病\',sufferedDiseases)>0 and age>=60)','pending','toGenerate','2016-06-13 04:24:23','2016-06-19 09:43:57',NULL),('73ec21526c29439b9c4050fce8b72286-high-ae6bcb0679ba4b7f83ec6aca09757dd6','73ec21526c29439b9c4050fce8b72286','ae6bcb0679ba4b7f83ec6aca09757dd6',' 中华人民共和国国家卫生和计划生育委员会(NHFPC,National Health and Family Planning Commission of China)','','1.高血压史（≥140/90 mmHg）或正在服用降压药物 \n2.房颤和（或）心脏瓣膜病等心脏病\n3.吸烟\n4.血脂异常\n5.糖尿病\n6.BMI大于26\n7.很少进行体育活动\n8.有卒中家族史','1.以上8条满足3条\r\n2.既往有缺血性脑卒中病史或短暂性脑缺血发作病史','颈动脉狭窄','high','(locate(\'高血压\',sufferedDiseases)>0 or locate(\'房颤\',sufferedDiseases)>0 or locate(\'心脏\',sufferedDiseases)>0 or locate(\'糖尿病\',sufferedDiseases)>0 or tag_smoke_style!=\'no\') and (locate(\'脑卒中\',sufferedDiseases)>0 or locate(\'脑缺血\',sufferedDiseases)>0)','pending','toGenerate','2016-06-13 04:24:23','2016-06-19 09:43:57',NULL),('73ec21526c29439b9c4050fce8b72286-high-b324470469f449a883059bebbc195bea','73ec21526c29439b9c4050fce8b72286','b324470469f449a883059bebbc195bea',' 中华医学会内镜学分会(CSDE,Chinese Society of Digestive Endoscopy) 中国抗癌协会(Chinese Anti-cancer Association) 中国抗癌协会肿瘤内镜专业委员会','','1.性别：\n2.年龄\n3.饮食：加盐腌制蔬菜或烟熏肉和鱼。\n4.吸烟\n5.治疗：接受过胃部手术。\n6.癌前疾病：慢性萎缩性胃炎、胃溃疡、胃息肉。\n7.家族肿瘤疾病史：包括家族胃癌史，遗传性非息肉性肠癌，家族性腺瘤性息肉等遗传性疾病等。\n8.恶性贫血。\n9.肥胖：超过正常体重20～25公斤\n10.经济状况：经济较差的地区，胃癌的发病率较高。\n11.是否有贫血、消瘦、消化道出血、呕吐、上腹部不适、上腹部肿块.来源:2013卫计委胃癌规范化诊疗指南（试行）','1.幽门螺旋杆菌+，萎缩性胃炎-\n2.幽门螺旋杆菌+，萎缩性胃炎+\n3.幽门螺旋杆菌-，萎缩性胃炎-\n4.幽门螺旋杆菌-，萎缩性胃炎-按照一般人群处理','胃癌','high','locate(\'幽门螺旋杆菌阳性\',sufferedDiseases)>0 and (locate(\'salty\',tag_foodStyle)>0 or locate(\'smoked\',tag_foodStyle)>0 or locate(\'cured\',tag_foodStyle)>0 or tag_smoke_age>1 or locate(\'胃\',sufferedDiseases)>0 or locate(\'胃癌\',inheritDiseases)>0 or locate(\'腺瘤\',inheritDiseases)>0 or locate(\'肠癌\',inheritDiseases)>0)','pending','toGenerate','2016-06-13 04:24:23','2016-06-19 09:43:57',NULL),('73ec21526c29439b9c4050fce8b72286-high-e00f9b2d6bee4dc7aeb0d821f8ac068d','73ec21526c29439b9c4050fce8b72286','e00f9b2d6bee4dc7aeb0d821f8ac068d','中华医学会消化内镜学分会消化系早癌内镜诊断与治疗协作组,中华医学会消化病学分会消化道肿瘤协作组,中华医学会消化病学分会消化病理学组','','将55～74岁的一般风险人群、40～74岁的高风险人群以及家族史不详的人群作为内镜筛查的目标人群。\n①长期居住于食管鳞癌高发区；②一级亲属有食管鳞癌病史；③既往有食管病变史(食管上皮内瘤变)；④本人有癌症史；⑤长期吸烟史；⑥长期饮酒史；⑦有不良饮食习惯如进食快、热烫饮食、高盐饮食、进食腌菜者。','有以上任意1条者视为高危人群（鉴于现有国际国内指南均未推荐筛查频率，本项目拟定胃癌筛查频率进行）','食管癌','high','age>=55 and age<=74 and (locate(\'食管鳞癌\',inheritDiseases)>0  or locate(\'食管\',sufferedDiseases)>0 or locate(\'癌\',sufferedDiseases)>0 or tag_smoke_age>=10 or locate(\'fast\',tag_foodStyle)>0 or locate(\'hot\',tag_foodStyle)>0 or locate(\'salty\',tag_foodStyle)>0)','pending','toGenerate','2016-06-13 04:24:23','2016-06-19 09:43:57',NULL),('73ec21526c29439b9c4050fce8b72286-low-07e68dd1ea5f4f549eb813f80ca0a7b5','73ec21526c29439b9c4050fce8b72286','07e68dd1ea5f4f549eb813f80ca0a7b5',' 中华人民共和国卫生部(MINISTRY OF HEALTH OF THE PEOPLE`S REPUBLIC OF CHINA)','','年龄\r\n备注：包含牙周疾病及口腔癌等','大于18岁小于60岁，每年一次','龋齿','low','age>=18 and age<60','done','toGenerate','2016-06-11 11:28:37','2016-06-19 09:43:57',NULL),('73ec21526c29439b9c4050fce8b72286-low-1cfc1f8ff2dc4049b2422177cd3b9040','73ec21526c29439b9c4050fce8b72286','1cfc1f8ff2dc4049b2422177cd3b9040',' 美国国家综合癌症网络(NCCN,National Comprehensive Cancer Network)','','1.吸烟史\n2.氡暴露史\n3.职业暴露：砒霜、铬、石棉、镍、镉、铍、硅、柴油烟雾（吸烟可以叠加）\n4.一级亲属罹患肺癌\n5.COPD及肺纤维化病史\n6.报警症状','年龄大于等于55岁，并且吸烟指数大于30支.年，戒烟时间小于15年','肺癌','low','age>=55 and tag_smoke_quantity>=30','pending','toGenerate','2016-06-13 04:24:23','2016-06-19 09:43:57',NULL),('73ec21526c29439b9c4050fce8b72286-low-365153d2e9e44bf0a15ec2fb25c97c31','73ec21526c29439b9c4050fce8b72286','365153d2e9e44bf0a15ec2fb25c97c31',' 美国预防医学工作组(USPSTF,U.S. Preventive Services Task Force)','','1.性别\r\n2.年龄\r\n3.吸烟\r\n4.家族史（一级亲属罹患腹主动脉瘤）\r\n5.既往史（既往被诊断：血管瘤、心、脑血管疾病、动脉粥样硬化、高胆固醇血症、肥胖和高血压）','未吸烟男性，但包含以上危险因素','腹主动脉瘤','low','sex=\'男\' and tag_smoke_style=\'low\'','pending','toGenerate','2016-06-13 04:24:23','2016-06-19 09:43:57',NULL),('73ec21526c29439b9c4050fce8b72286-low-3841703bd931482fb3bc425b4178b813','73ec21526c29439b9c4050fce8b72286','3841703bd931482fb3bc425b4178b813',' 中华医学会内镜学分会(CSDE,Chinese Society of Digestive Endoscopy) 中华医学会消化病学分会(CSGE,Chinese Society Of Gastroenterology)','','1.年龄\r\n2.结直肠腺瘤、锯齿状息肉及结直肠癌病史\r\n3.非特异性肠炎病史\r\n4.阳性家族史（Lynch综合征病史、多发性错构瘤综合征病史等）\r\n5.大便隐血实验结果\r\n6.具有以下两项及两项以上者：①慢性便秘；②黏液血便；③慢性腹泻；④慢性阑尾炎或阑尾切除史；⑤精神刺激史；⑥体重指数 (BMI) ＞28 kg/m2；⑦吸烟指数大于400只/年；慢性胆囊炎及胆囊切除史；慢性便秘指近2年来便秘每年在2个月以上','年龄大于等于50岁，无以上危险因素','结直肠癌','low','age>=50','dismatch','toGenerate','2016-06-13 04:24:23','2016-06-19 09:43:57',NULL),('73ec21526c29439b9c4050fce8b72286-low-3d1776a7aa894ceca869b38cbc5245fe','73ec21526c29439b9c4050fce8b72286','3d1776a7aa894ceca869b38cbc5245fe',' 中华人民共和国卫生部(MINISTRY OF HEALTH OF THE PEOPLE`S REPUBLIC OF CHINA)','','年龄','大于18岁，小于60岁','牙周病','low','age>18 and age<60','pending','toGenerate','2016-06-11 11:28:37','2016-06-19 09:43:57',NULL),('73ec21526c29439b9c4050fce8b72286-low-40c2f59a7b2c4b50937da37b2b9f7919','73ec21526c29439b9c4050fce8b72286','40c2f59a7b2c4b50937da37b2b9f7919',' 中华医学会心血管病学分会(Chinese Society of Cardiology)','','既往史：先天性心脏病、结缔组织病、HIV感染、减肥药物治疗史、肝病及贫血\n个人史：职业解除如印刷厂或加油站工人接触油类物品、HIV感染、男-男同性恋、吸毒及染发剂接触	婚育史：女性是否有习惯性流产、男性需了解直系女性亲属是否有习惯性流产	\n家族史：是否有诊断肺动脉高压或先心病史\n','','肺动脉高压','low','1=0','pending','toGenerate','2016-06-13 04:24:23','2016-06-19 09:43:57',NULL),('73ec21526c29439b9c4050fce8b72286-low-54cf2c7cb40c4d538f700e731894495e','73ec21526c29439b9c4050fce8b72286','54cf2c7cb40c4d538f700e731894495e',' 中华人民共和国国家卫生和计划生育委员会(NHFPC,National Health and Family Planning Commission of China)','','HCV感染高危人群，包括： \r\na) 有静脉药瘾史者； \r\nb) 有职业或其他原因（纹身、穿孔、针灸等）所致的针刺伤史者； \r\nc) 有医源性暴露史，包括手术、透析、不洁口腔诊疗操作、器官或组织移植者； \r\nd） 有高危性行为史，如多个性伴、男男同性恋者； \r\ne) HCV感染者的性伴及家庭成员； \r\nf) HIV感染者及其性伴； \r\ng) HCV感染母亲所生的子女； \r\nh) 破损皮肤和赫膜被HCV感染者血液污染者； \r\ni) 有输血或应用血液制品史者（主要是1993年前有过输血或应用血制品者） \r\nj) 1996年前的供血浆者。 ','持续性血液透析者','丙型病毒性肝炎','low','locate(\'血液透析\',sufferedDiseases)>0','pending','toGenerate','2016-06-13 04:24:23','2016-06-19 09:43:57',NULL),('73ec21526c29439b9c4050fce8b72286-low-56f55df13386472c98df5a082a3ec9ae','73ec21526c29439b9c4050fce8b72286','56f55df13386472c98df5a082a3ec9ae',' 美国预防医学工作组(USPSTF,U.S. Preventive Services Task Force)','','1.血压在正常高值者（130-139/85-89 mmHg）\r\n2.BMI大于24\r\n3.腹型肥胖：男性腰围大于90cm，女性大于85cm\r\n4.家族史（一、二级亲属罹患高血压）\r\n5.长期高盐饮食\r\n6.长期饮酒，日均大于等于100ml（2两）\r\n来源于（中国高血压基层管理指南（2014年修订版））','18-39岁、血压正常（<130/85 mmHg）且没有危险因素。','高血压','low','age>=18 and age<40 and weight/height/height*10000<24','pending','toGenerate','2016-06-13 04:24:22','2016-06-19 09:43:57',NULL),('73ec21526c29439b9c4050fce8b72286-low-68db0e163064409286056fe21f7f27ad','73ec21526c29439b9c4050fce8b72286','68db0e163064409286056fe21f7f27ad',' 北京市脑卒中诊疗质量控制与改进中心','','1.脂代谢异常\n2.高血压、糖尿\n3.吸烟及吸烟环境\n4.家族史：一二级亲属罹患脑动脉粥样硬化\n5.肥胖\n6.高同型半胱氨酸\n','','脑动脉粥样硬化','low','age>=45','pending','toGenerate','2016-06-13 04:24:23','2016-06-19 09:43:57',NULL),('73ec21526c29439b9c4050fce8b72286-low-7c77c03835cc41dda72c27028ecb7585','73ec21526c29439b9c4050fce8b72286','7c77c03835cc41dda72c27028ecb7585',' 中华医学会外科学分会胆道外科学组','','1.是否患有胆囊结石2.是否有胆囊慢性炎症3.是否有胆囊息肉4.是否存在胆胰管汇合异常5.家族史：胆囊癌及胆囊结石家族史6.是否有胆道系统感染7.是否肥胖，是否有糖尿病8.','','胆囊癌','low','age>=50','pending','toGenerate','2016-06-13 04:24:23','2016-06-19 09:43:57',NULL),('73ec21526c29439b9c4050fce8b72286-low-89932374522c4cc4979d2c1206949377','73ec21526c29439b9c4050fce8b72286','89932374522c4cc4979d2c1206949377','中华医学会内分泌学分会(CSE,Chinese Society of Endocrinology)','','成年人 (>18岁)具有下列任何一个及以上的糖尿病高危因素，可定义为糖尿病高危人群：\r\n\r\n(1)年龄≥40岁；\r\n\r\n(2)既往有糖尿病前期病史；\r\n\r\n(3)超重、肥胖 (体重指数≥24 kg/m2)，男性腰围≥90cm,女性腰围≥85cm；\r\n\r\n(4)静坐的生活方式；\r\n\r\n(5)一级亲属中有2型糖尿病家族史；\r\n\r\n(6)有巨大儿 (出生体重≥4 kg)生产史，妊娠期显性糖尿病或妊娠糖尿病病史的妇女；\r\n\r\n(7)高血压 [收缩压≥140 mmHg (1mmHg=0.133kPa)和(或)舒张压≥90 mmHg]或正在接受降压治疗；\r\n\r\n(8)血脂异常(高密度脂蛋白胆固醇≤0.91mmol/L及甘油三酯≥2.22mmol/L，或正在接受调脂治疗)；\r\n\r\n(9)动脉粥样硬化性CCVD患者；\r\n\r\n(10)有一过性类固醇性糖尿病病史者；\r\n\r\n(11)多囊卵巢综合征患者；\r\n\r\n(12)严重精神病和 (或)长期接受抗抑郁症药物治疗的患者。','','成人2型糖尿病','low','age>=40','pending','toGenerate','2016-06-13 04:24:22','2016-06-19 09:43:57',NULL),('73ec21526c29439b9c4050fce8b72286-low-8a2b68cc6b054aa7a40b5763f14cec28','73ec21526c29439b9c4050fce8b72286','8a2b68cc6b054aa7a40b5763f14cec28','美国妇产科医师学会(ACOG,American College of Obstetricians and Gynecologists)','','1.人乳头瘤病毒感染；2.过早性生活；3.多个性伙伴；4.多产；5.丈夫婚外性行为；6.阴茎癌；7.社会经济条件差；8.营养不良；9.吸烟','21-29岁','宫颈癌','low','age>=21 and age<=29 and tag_hasSexBehavior=true','dismatch','toGenerate','2016-06-13 04:24:22','2016-06-19 09:43:57',NULL),('73ec21526c29439b9c4050fce8b72286-low-9a1bac66a1b640c2b1e106ecd37797e9','73ec21526c29439b9c4050fce8b72286','9a1bac66a1b640c2b1e106ecd37797e9',' 美国国家综合癌症网络(NCCN,National Comprehensive Cancer Network)','','1.年龄\r\n2.是否有肝硬化\r\n3.饮酒\r\n4.乙型肝炎病毒感染\r\n5.丙型肝炎病毒感染\r\n6.非酒精性脂肪肝\r\n7.α1-抗胰蛋白酶缺乏症病史\r\n8.四期原发性胆汁性肝硬化病史\r\n9.遗传性血色病病史','普通人群不推荐','肝癌','low','1=0','pending','toGenerate','2016-06-13 04:24:23','2016-06-19 09:43:57',NULL),('73ec21526c29439b9c4050fce8b72286-low-a1ccc6a220a4465f964195c539c1d365','73ec21526c29439b9c4050fce8b72286','a1ccc6a220a4465f964195c539c1d365','中国癌症筛查及早诊早治技术方案 人民卫生出版社','','1.地区：高发地区：鼻咽癌死亡率＞3/10万的地区（中国标化）：广东、广西、福建、湖南、江西\n2.家族史：有家族聚集倾向，一级亲属罹患过鼻咽癌的；\n3.喜食咸鱼、腌制食物的、长期接触甲醛的\n4.高镍环境（存疑）','','鼻咽癌','low','age>=30 and (locate(\'广东\',liveplace)>0 or locate(\'广西\',liveplace)>0 or locate(\'福建\',liveplace)>0 or locate(\'湖南\',liveplace)>0 or locate(\'江西\',liveplace)>0)','pending','toGenerate','2016-06-13 04:24:22','2016-06-19 09:43:57',NULL),('73ec21526c29439b9c4050fce8b72286-low-a26efd48e9484b22b8bf7477f7656630','73ec21526c29439b9c4050fce8b72286','a26efd48e9484b22b8bf7477f7656630','美国国家综合癌症网络(NCCN,National Comprehensive Cancer Network)','','1.年龄\r\n2.家族史（一级亲属罹患前列腺癌）','','前列腺癌','low','age>=45 and sex=\'男\'','dismatch','toGenerate','2016-06-13 04:24:22','2016-06-19 09:43:57',NULL),('73ec21526c29439b9c4050fce8b72286-low-a5c0a4318fb547c7bcf015480b2ca8c4','73ec21526c29439b9c4050fce8b72286','a5c0a4318fb547c7bcf015480b2ca8c4',' 中国抗癌协会乳腺癌专业委员会(CACA-CBCS,Chinese Anti-Cancer Association, Committee of Breast Cancer Society)','','确定性因素：1.年龄；2.性别；3.绝经后体重增加 BMI≥30kg/m2或增加10公斤；4.高身材，身高大于175cm；5.雌激素水平（高内源性雌激素水平）；6.骨密度（升高者发病率升高）；7.良性乳腺疾病史；8.长期使用外源性雌激素；9.初潮较早或绝经较晚；10.未产妇及首次初产年龄大于等于35岁；11.乳腺癌个人史；12.一级亲属罹患乳腺癌；13.饮酒；14.吸烟；15.夜班工作；16.暴露于治疗性电离辐射；17.是否哺乳；18.大豆/植物雌激素应用；19.体育锻炼；\n不确定性因素：未录入','无','乳腺癌','low','sex=\'女\' and (height>175 or height/weight/weight*10000>=24)','pending','toGenerate','2016-06-13 04:24:23','2016-06-19 09:43:57',NULL),('73ec21526c29439b9c4050fce8b72286-low-aa5f7b61e93f4c0a8639e2b2d8b3a933','73ec21526c29439b9c4050fce8b72286','aa5f7b61e93f4c0a8639e2b2d8b3a933','中华医学会外科学分会胰腺外科学组','','1.年龄；2.家族史；3.60岁以上突发糖尿病；4.慢性胰腺炎病史；5.吸烟；6.饮酒；7.肥胖；8.远端胃大部切除术病史（时间大于20年）；9.接触萘胺及苯类化合物者\r\n前驱症状：消化不良、恶性、脂肪泻、黄疸、疼痛、体重减轻','','胰腺癌','low','age>=40 and (tag_smoke_age>10 or height/weight/weight*10000>24)','pending','toGenerate','2016-06-13 04:24:23','2016-06-19 09:43:57',NULL),('73ec21526c29439b9c4050fce8b72286-low-ae6bcb0679ba4b7f83ec6aca09757dd6','73ec21526c29439b9c4050fce8b72286','ae6bcb0679ba4b7f83ec6aca09757dd6',' 中华人民共和国国家卫生和计划生育委员会(NHFPC,National Health and Family Planning Commission of China)','','1.高血压史（≥140/90 mmHg）或正在服用降压药物 \n2.房颤和（或）心脏瓣膜病等心脏病\n3.吸烟\n4.血脂异常\n5.糖尿病\n6.BMI大于26\n7.很少进行体育活动\n8.有卒中家族史','','颈动脉狭窄','low','locate(\'高血压\',sufferedDiseases)>0 or locate(\'房颤\',sufferedDiseases)>0 or locate(\'心脏\',sufferedDiseases)>0 or locate(\'糖尿病\',sufferedDiseases)>0 or tag_smoke_style!=\'no\'','pending','toGenerate','2016-06-13 04:24:23','2016-06-19 09:43:57',NULL),('73ec21526c29439b9c4050fce8b72286-low-b324470469f449a883059bebbc195bea','73ec21526c29439b9c4050fce8b72286','b324470469f449a883059bebbc195bea',' 中华医学会内镜学分会(CSDE,Chinese Society of Digestive Endoscopy) 中国抗癌协会(Chinese Anti-cancer Association) 中国抗癌协会肿瘤内镜专业委员会','','1.性别：\n2.年龄\n3.饮食：加盐腌制蔬菜或烟熏肉和鱼。\n4.吸烟\n5.治疗：接受过胃部手术。\n6.癌前疾病：慢性萎缩性胃炎、胃溃疡、胃息肉。\n7.家族肿瘤疾病史：包括家族胃癌史，遗传性非息肉性肠癌，家族性腺瘤性息肉等遗传性疾病等。\n8.恶性贫血。\n9.肥胖：超过正常体重20～25公斤\n10.经济状况：经济较差的地区，胃癌的发病率较高。\n11.是否有贫血、消瘦、消化道出血、呕吐、上腹部不适、上腹部肿块.来源:2013卫计委胃癌规范化诊疗指南（试行）','  男女不限，年龄大于等于40岁，满足一下任意一条：\n1.胃癌高发地区人群\n2.幽门螺旋杆菌感染感染\n3.既往患有慢性萎缩性胃炎等胃癌癌前病变\n4.一级亲属罹患胃癌\n5.存在胃癌其它高危因素（吸烟、重度饮酒、高盐、腌制饮食等）\n检查需同时进行','胃癌','low','age>=40 and (locate(\'幽门螺旋杆菌阳性\',sufferedDiseases)>0 or locate(\'salty\',tag_foodStyle)>0 or locate(\'smoked\',tag_foodStyle)>0 or locate(\'cured\',tag_foodStyle)>0 or tag_smoke_age>1 or locate(\'胃\',sufferedDiseases)>0 or locate(\'胃癌\',inheritDiseases)>0 or locate(\'腺瘤\',inheritDiseases)>0 or locate(\'肠癌\',inheritDiseases)>0)','pending','toGenerate','2016-06-13 04:24:23','2016-06-19 09:43:57',NULL),('73ec21526c29439b9c4050fce8b72286-low-e00f9b2d6bee4dc7aeb0d821f8ac068d','73ec21526c29439b9c4050fce8b72286','e00f9b2d6bee4dc7aeb0d821f8ac068d','中华医学会消化内镜学分会消化系早癌内镜诊断与治疗协作组,中华医学会消化病学分会消化道肿瘤协作组,中华医学会消化病学分会消化病理学组','','将55～74岁的一般风险人群、40～74岁的高风险人群以及家族史不详的人群作为内镜筛查的目标人群。\n①长期居住于食管鳞癌高发区；②一级亲属有食管鳞癌病史；③既往有食管病变史(食管上皮内瘤变)；④本人有癌症史；⑤长期吸烟史；⑥长期饮酒史；⑦有不良饮食习惯如进食快、热烫饮食、高盐饮食、进食腌菜者。','一般风险人群：无上述任意1条者。（鉴于现有国际国内指南均未推荐筛查频率，本项目拟定胃癌筛查频率进行）','食管癌','low','age>=40 and age<=74 and (locate(\'fast\',tag_foodStyle)>0 or locate(\'hot\',tag_foodStyle)>0 or locate(\'salty\',tag_foodStyle)>0)','pending','toGenerate','2016-06-13 04:24:23','2016-06-19 09:43:57',NULL),('80a1a7294da440dcad338480047eac22-high-07e68dd1ea5f4f549eb813f80ca0a7b5','80a1a7294da440dcad338480047eac22','07e68dd1ea5f4f549eb813f80ca0a7b5',' 中华人民共和国卫生部(MINISTRY OF HEALTH OF THE PEOPLE`S REPUBLIC OF CHINA)','','年龄\r\n备注：包含牙周疾病及口腔癌等','大于60岁，半年一次','龋齿','high','age>=60','dismatch','toGenerate','2016-06-18 14:27:26','2016-06-18 14:27:26',NULL),('80a1a7294da440dcad338480047eac22-high-1cfc1f8ff2dc4049b2422177cd3b9040','80a1a7294da440dcad338480047eac22','1cfc1f8ff2dc4049b2422177cd3b9040',' 美国国家综合癌症网络(NCCN,National Comprehensive Cancer Network)','','1.吸烟史\n2.氡暴露史\n3.职业暴露：砒霜、铬、石棉、镍、镉、铍、硅、柴油烟雾（吸烟可以叠加）\n4.一级亲属罹患肺癌\n5.COPD及肺纤维化病史\n6.报警症状','或年龄大于50岁，并且吸烟指数大于20支.年，或包含任意一条危险因素（见关注因素）','肺癌','high','age>50 and tag_smoke_quantity>=20','pending','toGenerate','2016-06-18 14:27:26','2016-06-18 14:27:26',NULL),('80a1a7294da440dcad338480047eac22-high-365153d2e9e44bf0a15ec2fb25c97c31','80a1a7294da440dcad338480047eac22','365153d2e9e44bf0a15ec2fb25c97c31',' 美国预防医学工作组(USPSTF,U.S. Preventive Services Task Force)','','1.性别\r\n2.年龄\r\n3.吸烟\r\n4.家族史（一级亲属罹患腹主动脉瘤）\r\n5.既往史（既往被诊断：血管瘤、心、脑血管疾病、动脉粥样硬化、高胆固醇血症、肥胖和高血压）','男性\r\n吸烟超过100只\r\n年龄大于65岁','腹主动脉瘤','high','sex=\'男\' and age>=65 and tag_smoke_style!=\'no\'','dismatch','toGenerate','2016-06-18 14:27:26','2016-06-18 14:27:26',NULL),('80a1a7294da440dcad338480047eac22-high-3841703bd931482fb3bc425b4178b813','80a1a7294da440dcad338480047eac22','3841703bd931482fb3bc425b4178b813',' 中华医学会内镜学分会(CSDE,Chinese Society of Digestive Endoscopy) 中华医学会消化病学分会(CSGE,Chinese Society Of Gastroenterology)','','1.年龄\r\n2.结直肠腺瘤、锯齿状息肉及结直肠癌病史\r\n3.非特异性肠炎病史\r\n4.阳性家族史（Lynch综合征病史、多发性错构瘤综合征病史等）\r\n5.大便隐血实验结果\r\n6.具有以下两项及两项以上者：①慢性便秘；②黏液血便；③慢性腹泻；④慢性阑尾炎或阑尾切除史；⑤精神刺激史；⑥体重指数 (BMI) ＞28 kg/m2；⑦吸烟指数大于400只/年；慢性胆囊炎及胆囊切除史；慢性便秘指近2年来便秘每年在2个月以上','1.有便血、黑便、体重减轻、贫血等报警症状的人群\n2.大于50岁，包含：结直肠腺瘤、锯齿状息肉及结直肠癌病史；非特异性肠炎病史；阳性家族史（Lynch综合征病史、多发性错构瘤综合征病史等）可以理解为一级亲属有结直肠癌病史；大便隐血实验结果阳性；具有以下两项及两项以上者：①慢性便秘；②黏液血便；③慢性腹泻；④慢性阑尾炎或阑尾切除史；⑤精神刺激史；⑥体重指数 (BMI) ＞28 kg/m2；⑦吸烟指数大于400只/年；慢性胆囊炎及胆囊切除史；慢性便秘指近2年来便秘每年在2个月以上','结直肠癌','high','age>=50 and (tag_smoke_quantity>1 or weight/height/height*10000>28)','pending','toGenerate','2016-06-18 14:27:26','2016-06-18 14:27:26',NULL),('80a1a7294da440dcad338480047eac22-high-3d1776a7aa894ceca869b38cbc5245fe','80a1a7294da440dcad338480047eac22','3d1776a7aa894ceca869b38cbc5245fe',' 中华人民共和国卫生部(MINISTRY OF HEALTH OF THE PEOPLE`S REPUBLIC OF CHINA)','','年龄','年龄大于等于60岁','牙周病','high','age>=60','pending','toGenerate','2016-06-18 14:27:26','2016-06-18 14:27:26',NULL),('80a1a7294da440dcad338480047eac22-high-40c2f59a7b2c4b50937da37b2b9f7919','80a1a7294da440dcad338480047eac22','40c2f59a7b2c4b50937da37b2b9f7919',' 中华医学会心血管病学分会(Chinese Society of Cardiology)','','既往史：先天性心脏病、结缔组织病、HIV感染、减肥药物治疗史、肝病及贫血\n个人史：职业解除如印刷厂或加油站工人接触油类物品、HIV感染、男-男同性恋、吸毒及染发剂接触	婚育史：女性是否有习惯性流产、男性需了解直系女性亲属是否有习惯性流产	\n家族史：是否有诊断肺动脉高压或先心病史\n','既往史：先天性心脏病、结缔组织病、HIV感染、减肥药物治疗史、肝病及贫血\n个人史：职业解除如印刷厂或加油站工人接触油类物品、HIV感染、男-男同性恋、吸毒及染发剂接触	婚育史：女性是否有习惯性流产、男性需了解直系女性亲属是否有习惯性流产	\n家族史：是否有诊断肺动脉高压或先心病史\n胸部影像学检测提示有右心脏增大及肺动脉增粗表现\n如有非特异性临床表现和体征可更考虑疑诊','肺动脉高压','high','(locate(\'先天性心脏病\',sufferedDiseases)>0 or locate(\'HIV感染\',sufferedDiseases)>0 or locate(\'肝病\',sufferedDiseases)>0 or locate(\'贫血\',sufferedDiseases)>0 or locate(\'结缔组织病\',sufferedDiseases)>0 or locate(\'先天性心脏病\',inheritDiseases)>0)','pending','toGenerate','2016-06-18 14:27:26','2016-06-18 14:27:26',NULL),('80a1a7294da440dcad338480047eac22-high-54cf2c7cb40c4d538f700e731894495e','80a1a7294da440dcad338480047eac22','54cf2c7cb40c4d538f700e731894495e',' 中华人民共和国国家卫生和计划生育委员会(NHFPC,National Health and Family Planning Commission of China)','','HCV感染高危人群，包括： \r\na) 有静脉药瘾史者； \r\nb) 有职业或其他原因（纹身、穿孔、针灸等）所致的针刺伤史者； \r\nc) 有医源性暴露史，包括手术、透析、不洁口腔诊疗操作、器官或组织移植者； \r\nd） 有高危性行为史，如多个性伴、男男同性恋者； \r\ne) HCV感染者的性伴及家庭成员； \r\nf) HIV感染者及其性伴； \r\ng) HCV感染母亲所生的子女； \r\nh) 破损皮肤和赫膜被HCV感染者血液污染者； \r\ni) 有输血或应用血液制品史者（主要是1993年前有过输血或应用血制品者） \r\nj) 1996年前的供血浆者。 ','HCV感染高危人群，包括： \na) 有静脉药瘾史者； \nb) 有职业或其他原因（纹身、穿孔、针灸等）所致的针刺伤史者； \nc) 有医源性暴露史，包括手术、透析、不洁口腔诊疗操作、器官或组织移植者； \nd） 有高危性行为史，如多个性伴、男男同性恋者； \ne) HCV感染者的性伴及家庭成员； \nf) HIV感染者及其性伴； \ng) HCV感染母亲所生的子女； \nh) 破损皮肤和赫膜被HCV感染者血液污染者； \ni) 有输血或应用血液制品史者（主要是1993年前有过输血或应用血制品者） \nj) 1996年前的供血浆者。 ','丙型病毒性肝炎','high','tag_sexHomosex=true or tag_sexBehaviorStyle=\'highrisk\' or locate(\'HCV\',inheritDiseases)>0','pending','toGenerate','2016-06-18 14:27:26','2016-06-18 14:27:26',NULL),('80a1a7294da440dcad338480047eac22-high-56f55df13386472c98df5a082a3ec9ae','80a1a7294da440dcad338480047eac22','56f55df13386472c98df5a082a3ec9ae',' 美国预防医学工作组(USPSTF,U.S. Preventive Services Task Force)','','1.血压在正常高值者（130-139/85-89 mmHg）\r\n2.BMI大于24\r\n3.腹型肥胖：男性腰围大于90cm，女性大于85cm\r\n4.家族史（一、二级亲属罹患高血压）\r\n5.长期高盐饮食\r\n6.长期饮酒，日均大于等于100ml（2两）\r\n来源于（中国高血压基层管理指南（2014年修订版））','≥40岁的成人，血压在正常高值者（130-139/85-89 mmHg）、超重或肥胖者。','高血压','high','age>=40 and weight/height/height*10000>=24','pending','toGenerate','2016-06-18 14:27:26','2016-06-18 14:27:26',NULL),('80a1a7294da440dcad338480047eac22-high-68db0e163064409286056fe21f7f27ad','80a1a7294da440dcad338480047eac22','68db0e163064409286056fe21f7f27ad',' 北京市脑卒中诊疗质量控制与改进中心','','1.脂代谢异常\n2.高血压、糖尿\n3.吸烟及吸烟环境\n4.家族史：一二级亲属罹患脑动脉粥样硬化\n5.肥胖\n6.高同型半胱氨酸\n','大于45岁，包含一下一项或以上：1.高胆固醇或高甘油三酯血症；2.高血压；3.糖尿病；4.吸烟；5.家族史；6.大量饮酒；7.肥胖及不良饮食习惯（高热量、高脂肪）；8.缺乏规律有氧运动；9.被诊断高同型半胱氨酸','脑动脉粥样硬化','high','age>=45 and (locate(\'高血压\',sufferedDiseases)>0 or locate(\'糖尿病\',sufferedDiseases)>0 or locate(\'脑动脉粥样硬化\',inheritDiseases)>0)','pending','toGenerate','2016-06-18 14:27:26','2016-06-18 14:27:26',NULL),('80a1a7294da440dcad338480047eac22-high-7c77c03835cc41dda72c27028ecb7585','80a1a7294da440dcad338480047eac22','7c77c03835cc41dda72c27028ecb7585',' 中华医学会外科学分会胆道外科学组','','1.是否患有胆囊结石2.是否有胆囊慢性炎症3.是否有胆囊息肉4.是否存在胆胰管汇合异常5.家族史：胆囊癌及胆囊结石家族史6.是否有胆道系统感染7.是否肥胖，是否有糖尿病8.','(1)胆囊息肉；(2)年龄超过50岁，特别是女性；(3)肥胖症；(4)有胆石症或胆囊癌家族史。','胆囊癌','high','locate(\'胆囊息肉\',sufferedDiseases)>0 or (age>=50 and sex=\'女\') or locate(\'肥胖\',sufferedDiseases)>0 or locate(\'胆结石\',inheritDiseases)>0 or locate(\'胆囊癌\',inheritDiseases)>0','pending','toGenerate','2016-06-18 14:27:26','2016-06-18 14:27:26',NULL),('80a1a7294da440dcad338480047eac22-high-89932374522c4cc4979d2c1206949377','80a1a7294da440dcad338480047eac22','89932374522c4cc4979d2c1206949377','中华医学会内分泌学分会(CSE,Chinese Society of Endocrinology)','','成年人 (>18岁)具有下列任何一个及以上的糖尿病高危因素，可定义为糖尿病高危人群：\r\n\r\n(1)年龄≥40岁；\r\n\r\n(2)既往有糖尿病前期病史；\r\n\r\n(3)超重、肥胖 (体重指数≥24 kg/m2)，男性腰围≥90cm,女性腰围≥85cm；\r\n\r\n(4)静坐的生活方式；\r\n\r\n(5)一级亲属中有2型糖尿病家族史；\r\n\r\n(6)有巨大儿 (出生体重≥4 kg)生产史，妊娠期显性糖尿病或妊娠糖尿病病史的妇女；\r\n\r\n(7)高血压 [收缩压≥140 mmHg (1mmHg=0.133kPa)和(或)舒张压≥90 mmHg]或正在接受降压治疗；\r\n\r\n(8)血脂异常(高密度脂蛋白胆固醇≤0.91mmol/L及甘油三酯≥2.22mmol/L，或正在接受调脂治疗)；\r\n\r\n(9)动脉粥样硬化性CCVD患者；\r\n\r\n(10)有一过性类固醇性糖尿病病史者；\r\n\r\n(11)多囊卵巢综合征患者；\r\n\r\n(12)严重精神病和 (或)长期接受抗抑郁症药物治疗的患者。','成年人 (>18岁)具有下列任何一个及以上的糖尿病高危因素，可定义为糖尿病高危人群：\n\n(1)年龄≥40岁；\n\n(2)既往有糖尿病前期病史；\n\n(3)超重、肥胖 (体重指数≥24 kg/m2)，男性腰围≥90cm,女性腰围≥85cm；\n\n(4)静坐的生活方式；\n\n(5)一级亲属中有2型糖尿病家族史；\n\n(6)有巨大儿 (出生体重≥4 kg)生产史，妊娠期显性糖尿病或妊娠糖尿病病史的妇女；\n\n(7)高血压 [收缩压≥140 mmHg (1mmHg=0.133kPa)和(或)舒张压≥90 mmHg]或正在接受降压治疗；\n\n(8)血脂异常(高密度脂蛋白胆固醇≤0.91mmol/L及甘油三酯≥2.22mmol/L，或正在接受调脂治疗)；\n\n(9)动脉粥样硬化性CCVD患者；\n\n(10)有一过性类固醇性糖尿病病史者；\n\n(11)多囊卵巢综合征患者；\n\n(12)严重精神病和 (或)长期接受抗抑郁症药物治疗的患者。','成人2型糖尿病','high','age>=40 and (weight/height/height*10000>=24 or  locate(\'糖尿病\',inheritDiseases)>0 or locate(\'动脉粥样硬化\',sufferedDiseases)>0 or locate(\'一过性类固醇糖尿病\',sufferedDiseases)>0 or locate(\'多囊卵巢综合症\',sufferedDiseases))','dismatch','toGenerate','2016-06-18 14:27:26','2016-06-18 14:27:26',NULL),('80a1a7294da440dcad338480047eac22-high-8a2b68cc6b054aa7a40b5763f14cec28','80a1a7294da440dcad338480047eac22','8a2b68cc6b054aa7a40b5763f14cec28','美国妇产科医师学会(ACOG,American College of Obstetricians and Gynecologists)','','1.人乳头瘤病毒感染；2.过早性生活；3.多个性伙伴；4.多产；5.丈夫婚外性行为；6.阴茎癌；7.社会经济条件差；8.营养不良；9.吸烟','1.大于等于21岁\r\n2.有性行为','宫颈癌','high','age>=21 and tag_hasSexBehavior=true and (tag_sexParterners>1 or tag_sexBehaviorStyle=\'highrisk\')','dismatch','toGenerate','2016-06-18 14:27:26','2016-06-18 14:27:26',NULL),('80a1a7294da440dcad338480047eac22-high-9a1bac66a1b640c2b1e106ecd37797e9','80a1a7294da440dcad338480047eac22','9a1bac66a1b640c2b1e106ecd37797e9',' 美国国家综合癌症网络(NCCN,National Comprehensive Cancer Network)','','1.年龄\r\n2.是否有肝硬化\r\n3.饮酒\r\n4.乙型肝炎病毒感染\r\n5.丙型肝炎病毒感染\r\n6.非酒精性脂肪肝\r\n7.α1-抗胰蛋白酶缺乏症病史\r\n8.四期原发性胆汁性肝硬化病史\r\n9.遗传性血色病病史','1.各种原因导致的肝硬化患者\r\n2.乙肝携带者，男性大于等于40岁，女性大于等于50岁','肝癌','high','((age>=40 and sex=\'男\') or (age>=50 and sex=\'女\'))and locate(\'乙肝\',sufferedDiseases)>0','pending','toGenerate','2016-06-18 14:27:26','2016-06-18 14:27:26',NULL),('80a1a7294da440dcad338480047eac22-high-a1ccc6a220a4465f964195c539c1d365','80a1a7294da440dcad338480047eac22','a1ccc6a220a4465f964195c539c1d365','中国癌症筛查及早诊早治技术方案 人民卫生出版社','','1.地区：高发地区：鼻咽癌死亡率＞3/10万的地区（中国标化）：广东、广西、福建、湖南、江西\n2.家族史：有家族聚集倾向，一级亲属罹患过鼻咽癌的；\n3.喜食咸鱼、腌制食物的、长期接触甲醛的\n4.高镍环境（存疑）','满足2和或3-4 条\r\n年龄大于等于30岁','鼻咽癌','high','age>=30 and (locate(\'鼻咽癌\',inheritDiseases)>0 or locate(\'salty\',tag_foodStyle)>0)','pending','toGenerate','2016-06-18 14:27:26','2016-06-18 14:27:26',NULL),('80a1a7294da440dcad338480047eac22-high-a26efd48e9484b22b8bf7477f7656630','80a1a7294da440dcad338480047eac22','a26efd48e9484b22b8bf7477f7656630','美国国家综合癌症网络(NCCN,National Comprehensive Cancer Network)','','1.年龄\r\n2.家族史（一级亲属罹患前列腺癌）','年龄大于等于45岁','前列腺癌','high','age>=45 and sex=\'男\' and locate(\'前列腺癌\',inheritDiseases)>0','pending','toGenerate','2016-06-18 14:27:26','2016-06-18 14:27:26',NULL),('80a1a7294da440dcad338480047eac22-high-a5c0a4318fb547c7bcf015480b2ca8c4','80a1a7294da440dcad338480047eac22','a5c0a4318fb547c7bcf015480b2ca8c4',' 中国抗癌协会乳腺癌专业委员会(CACA-CBCS,Chinese Anti-Cancer Association, Committee of Breast Cancer Society)','','确定性因素：1.年龄；2.性别；3.绝经后体重增加 BMI≥30kg/m2或增加10公斤；4.高身材，身高大于175cm；5.雌激素水平（高内源性雌激素水平）；6.骨密度（升高者发病率升高）；7.良性乳腺疾病史；8.长期使用外源性雌激素；9.初潮较早或绝经较晚；10.未产妇及首次初产年龄大于等于35岁；11.乳腺癌个人史；12.一级亲属罹患乳腺癌；13.饮酒；14.吸烟；15.夜班工作；16.暴露于治疗性电离辐射；17.是否哺乳；18.大豆/植物雌激素应用；19.体育锻炼；\n不确定性因素：未录入','1.有明显的乳腺癌遗传倾向者\r\n2.既往有乳腺良恶性疾病患者\r\n3.既往行胸部放疗','乳腺癌','high','sex=\'女\' and (locate(\'乳腺\',sufferedDiseases)>0 or locate(\'乳腺\',inheritDiseases)>0 or height>175 or height/weight/weight*10000>=24)','pending','toGenerate','2016-06-18 14:27:26','2016-06-18 14:27:26',NULL),('80a1a7294da440dcad338480047eac22-high-aa5f7b61e93f4c0a8639e2b2d8b3a933','80a1a7294da440dcad338480047eac22','aa5f7b61e93f4c0a8639e2b2d8b3a933','中华医学会外科学分会胰腺外科学组','','1.年龄；2.家族史；3.60岁以上突发糖尿病；4.慢性胰腺炎病史；5.吸烟；6.饮酒；7.肥胖；8.远端胃大部切除术病史（时间大于20年）；9.接触萘胺及苯类化合物者\r\n前驱症状：消化不良、恶性、脂肪泻、黄疸、疼痛、体重减轻','1.年龄大于40岁，有非特异性上腹部不适症状；\n2.一级亲属有罹患胰腺癌\n3.年龄大于60岁，突发糖尿病，缺乏家族史，低体重指数，很快形成胰岛素抵抗\n4.慢性胰腺炎病史：特别是遗传性胰腺炎病史\n5.良性病变行远端胃大部切除术者，特别是术后20年以上人群\n6.导管内乳头状粘液瘤患者\n7.FAP 家族性腺瘤息肉病患者\n8.长期吸烟\n9.大量饮酒\n10.体重超重\n11.黑斑息肉综合征病史\n12.家族性恶性黑色素瘤病史','胰腺癌','high','(age>=40 and locate(\'胰腺癌\',inheritDiseases)>0 or locate(\'胰腺\',sufferedDiseases)>0) or (locate(\'突发性糖尿病\',sufferedDiseases)>0 and age>=60)','pending','toGenerate','2016-06-18 14:27:26','2016-06-18 14:27:26',NULL),('80a1a7294da440dcad338480047eac22-high-ae6bcb0679ba4b7f83ec6aca09757dd6','80a1a7294da440dcad338480047eac22','ae6bcb0679ba4b7f83ec6aca09757dd6',' 中华人民共和国国家卫生和计划生育委员会(NHFPC,National Health and Family Planning Commission of China)','','1.高血压史（≥140/90 mmHg）或正在服用降压药物 \n2.房颤和（或）心脏瓣膜病等心脏病\n3.吸烟\n4.血脂异常\n5.糖尿病\n6.BMI大于26\n7.很少进行体育活动\n8.有卒中家族史','1.以上8条满足3条\r\n2.既往有缺血性脑卒中病史或短暂性脑缺血发作病史','颈动脉狭窄','high','(locate(\'高血压\',sufferedDiseases)>0 or locate(\'房颤\',sufferedDiseases)>0 or locate(\'心脏\',sufferedDiseases)>0 or locate(\'糖尿病\',sufferedDiseases)>0 or tag_smoke_style!=\'no\') and (locate(\'脑卒中\',sufferedDiseases)>0 or locate(\'脑缺血\',sufferedDiseases)>0)','pending','toGenerate','2016-06-18 14:27:26','2016-06-18 14:27:26',NULL),('80a1a7294da440dcad338480047eac22-high-b324470469f449a883059bebbc195bea','80a1a7294da440dcad338480047eac22','b324470469f449a883059bebbc195bea',' 中华医学会内镜学分会(CSDE,Chinese Society of Digestive Endoscopy) 中国抗癌协会(Chinese Anti-cancer Association) 中国抗癌协会肿瘤内镜专业委员会','','1.性别：\n2.年龄\n3.饮食：加盐腌制蔬菜或烟熏肉和鱼。\n4.吸烟\n5.治疗：接受过胃部手术。\n6.癌前疾病：慢性萎缩性胃炎、胃溃疡、胃息肉。\n7.家族肿瘤疾病史：包括家族胃癌史，遗传性非息肉性肠癌，家族性腺瘤性息肉等遗传性疾病等。\n8.恶性贫血。\n9.肥胖：超过正常体重20～25公斤\n10.经济状况：经济较差的地区，胃癌的发病率较高。\n11.是否有贫血、消瘦、消化道出血、呕吐、上腹部不适、上腹部肿块.来源:2013卫计委胃癌规范化诊疗指南（试行）','1.幽门螺旋杆菌+，萎缩性胃炎-\n2.幽门螺旋杆菌+，萎缩性胃炎+\n3.幽门螺旋杆菌-，萎缩性胃炎-\n4.幽门螺旋杆菌-，萎缩性胃炎-按照一般人群处理','胃癌','high','locate(\'幽门螺旋杆菌阳性\',sufferedDiseases)>0 and (locate(\'salty\',tag_foodStyle)>0 or locate(\'smoked\',tag_foodStyle)>0 or locate(\'cured\',tag_foodStyle)>0 or tag_smoke_age>1 or locate(\'胃\',sufferedDiseases)>0 or locate(\'胃癌\',inheritDiseases)>0 or locate(\'腺瘤\',inheritDiseases)>0 or locate(\'肠癌\',inheritDiseases)>0)','dismatch','toGenerate','2016-06-18 14:27:26','2016-06-18 14:27:26',NULL),('80a1a7294da440dcad338480047eac22-high-e00f9b2d6bee4dc7aeb0d821f8ac068d','80a1a7294da440dcad338480047eac22','e00f9b2d6bee4dc7aeb0d821f8ac068d','中华医学会消化内镜学分会消化系早癌内镜诊断与治疗协作组,中华医学会消化病学分会消化道肿瘤协作组,中华医学会消化病学分会消化病理学组','','将55～74岁的一般风险人群、40～74岁的高风险人群以及家族史不详的人群作为内镜筛查的目标人群。\n①长期居住于食管鳞癌高发区；②一级亲属有食管鳞癌病史；③既往有食管病变史(食管上皮内瘤变)；④本人有癌症史；⑤长期吸烟史；⑥长期饮酒史；⑦有不良饮食习惯如进食快、热烫饮食、高盐饮食、进食腌菜者。','有以上任意1条者视为高危人群（鉴于现有国际国内指南均未推荐筛查频率，本项目拟定胃癌筛查频率进行）','食管癌','high','age>=55 and age<=74 and (locate(\'食管鳞癌\',inheritDiseases)>0  or locate(\'食管\',sufferedDiseases)>0 or locate(\'癌\',sufferedDiseases)>0 or tag_smoke_age>=10 or locate(\'fast\',tag_foodStyle)>0 or locate(\'hot\',tag_foodStyle)>0 or locate(\'salty\',tag_foodStyle)>0)','pending','toGenerate','2016-06-18 14:27:26','2016-06-18 14:27:26',NULL),('80a1a7294da440dcad338480047eac22-low-07e68dd1ea5f4f549eb813f80ca0a7b5','80a1a7294da440dcad338480047eac22','07e68dd1ea5f4f549eb813f80ca0a7b5',' 中华人民共和国卫生部(MINISTRY OF HEALTH OF THE PEOPLE`S REPUBLIC OF CHINA)','','年龄\r\n备注：包含牙周疾病及口腔癌等','大于18岁小于60岁，每年一次','龋齿','low','age>=18 and age<60','done','toGenerate','2016-06-18 14:27:26','2016-06-18 14:27:26',NULL),('80a1a7294da440dcad338480047eac22-low-1cfc1f8ff2dc4049b2422177cd3b9040','80a1a7294da440dcad338480047eac22','1cfc1f8ff2dc4049b2422177cd3b9040',' 美国国家综合癌症网络(NCCN,National Comprehensive Cancer Network)','','1.吸烟史\n2.氡暴露史\n3.职业暴露：砒霜、铬、石棉、镍、镉、铍、硅、柴油烟雾（吸烟可以叠加）\n4.一级亲属罹患肺癌\n5.COPD及肺纤维化病史\n6.报警症状','年龄大于等于55岁，并且吸烟指数大于30支.年，戒烟时间小于15年','肺癌','low','age>=55 and tag_smoke_quantity>=30','pending','toGenerate','2016-06-18 14:27:26','2016-06-18 14:27:26',NULL),('80a1a7294da440dcad338480047eac22-low-365153d2e9e44bf0a15ec2fb25c97c31','80a1a7294da440dcad338480047eac22','365153d2e9e44bf0a15ec2fb25c97c31',' 美国预防医学工作组(USPSTF,U.S. Preventive Services Task Force)','','1.性别\r\n2.年龄\r\n3.吸烟\r\n4.家族史（一级亲属罹患腹主动脉瘤）\r\n5.既往史（既往被诊断：血管瘤、心、脑血管疾病、动脉粥样硬化、高胆固醇血症、肥胖和高血压）','未吸烟男性，但包含以上危险因素','腹主动脉瘤','low','sex=\'男\' and tag_smoke_style=\'low\'','dismatch','toGenerate','2016-06-18 14:27:26','2016-06-18 14:27:26',NULL),('80a1a7294da440dcad338480047eac22-low-3841703bd931482fb3bc425b4178b813','80a1a7294da440dcad338480047eac22','3841703bd931482fb3bc425b4178b813',' 中华医学会内镜学分会(CSDE,Chinese Society of Digestive Endoscopy) 中华医学会消化病学分会(CSGE,Chinese Society Of Gastroenterology)','','1.年龄\r\n2.结直肠腺瘤、锯齿状息肉及结直肠癌病史\r\n3.非特异性肠炎病史\r\n4.阳性家族史（Lynch综合征病史、多发性错构瘤综合征病史等）\r\n5.大便隐血实验结果\r\n6.具有以下两项及两项以上者：①慢性便秘；②黏液血便；③慢性腹泻；④慢性阑尾炎或阑尾切除史；⑤精神刺激史；⑥体重指数 (BMI) ＞28 kg/m2；⑦吸烟指数大于400只/年；慢性胆囊炎及胆囊切除史；慢性便秘指近2年来便秘每年在2个月以上','年龄大于等于50岁，无以上危险因素','结直肠癌','low','age>=50','pending','toGenerate','2016-06-18 14:27:26','2016-06-18 14:27:26',NULL),('80a1a7294da440dcad338480047eac22-low-3d1776a7aa894ceca869b38cbc5245fe','80a1a7294da440dcad338480047eac22','3d1776a7aa894ceca869b38cbc5245fe',' 中华人民共和国卫生部(MINISTRY OF HEALTH OF THE PEOPLE`S REPUBLIC OF CHINA)','','年龄','大于18岁，小于60岁','牙周病','low','age>18 and age<60','pending','toGenerate','2016-06-18 14:27:26','2016-06-18 14:27:26',NULL),('80a1a7294da440dcad338480047eac22-low-40c2f59a7b2c4b50937da37b2b9f7919','80a1a7294da440dcad338480047eac22','40c2f59a7b2c4b50937da37b2b9f7919',' 中华医学会心血管病学分会(Chinese Society of Cardiology)','','既往史：先天性心脏病、结缔组织病、HIV感染、减肥药物治疗史、肝病及贫血\n个人史：职业解除如印刷厂或加油站工人接触油类物品、HIV感染、男-男同性恋、吸毒及染发剂接触	婚育史：女性是否有习惯性流产、男性需了解直系女性亲属是否有习惯性流产	\n家族史：是否有诊断肺动脉高压或先心病史\n','','肺动脉高压','low','1=0','pending','toGenerate','2016-06-18 14:27:26','2016-06-18 14:27:26',NULL),('80a1a7294da440dcad338480047eac22-low-54cf2c7cb40c4d538f700e731894495e','80a1a7294da440dcad338480047eac22','54cf2c7cb40c4d538f700e731894495e',' 中华人民共和国国家卫生和计划生育委员会(NHFPC,National Health and Family Planning Commission of China)','','HCV感染高危人群，包括： \r\na) 有静脉药瘾史者； \r\nb) 有职业或其他原因（纹身、穿孔、针灸等）所致的针刺伤史者； \r\nc) 有医源性暴露史，包括手术、透析、不洁口腔诊疗操作、器官或组织移植者； \r\nd） 有高危性行为史，如多个性伴、男男同性恋者； \r\ne) HCV感染者的性伴及家庭成员； \r\nf) HIV感染者及其性伴； \r\ng) HCV感染母亲所生的子女； \r\nh) 破损皮肤和赫膜被HCV感染者血液污染者； \r\ni) 有输血或应用血液制品史者（主要是1993年前有过输血或应用血制品者） \r\nj) 1996年前的供血浆者。 ','持续性血液透析者','丙型病毒性肝炎','low','locate(\'血液透析\',sufferedDiseases)>0','pending','toGenerate','2016-06-18 14:27:26','2016-06-18 14:27:26',NULL),('80a1a7294da440dcad338480047eac22-low-56f55df13386472c98df5a082a3ec9ae','80a1a7294da440dcad338480047eac22','56f55df13386472c98df5a082a3ec9ae',' 美国预防医学工作组(USPSTF,U.S. Preventive Services Task Force)','','1.血压在正常高值者（130-139/85-89 mmHg）\r\n2.BMI大于24\r\n3.腹型肥胖：男性腰围大于90cm，女性大于85cm\r\n4.家族史（一、二级亲属罹患高血压）\r\n5.长期高盐饮食\r\n6.长期饮酒，日均大于等于100ml（2两）\r\n来源于（中国高血压基层管理指南（2014年修订版））','18-39岁、血压正常（<130/85 mmHg）且没有危险因素。','高血压','low','age>=18 and age<40 and weight/height/height*10000<24','pending','toGenerate','2016-06-18 14:27:26','2016-06-18 14:27:26',NULL),('80a1a7294da440dcad338480047eac22-low-68db0e163064409286056fe21f7f27ad','80a1a7294da440dcad338480047eac22','68db0e163064409286056fe21f7f27ad',' 北京市脑卒中诊疗质量控制与改进中心','','1.脂代谢异常\n2.高血压、糖尿\n3.吸烟及吸烟环境\n4.家族史：一二级亲属罹患脑动脉粥样硬化\n5.肥胖\n6.高同型半胱氨酸\n','','脑动脉粥样硬化','low','age>=45','dismatch','toGenerate','2016-06-18 14:27:26','2016-06-18 14:27:26',NULL),('80a1a7294da440dcad338480047eac22-low-7c77c03835cc41dda72c27028ecb7585','80a1a7294da440dcad338480047eac22','7c77c03835cc41dda72c27028ecb7585',' 中华医学会外科学分会胆道外科学组','','1.是否患有胆囊结石2.是否有胆囊慢性炎症3.是否有胆囊息肉4.是否存在胆胰管汇合异常5.家族史：胆囊癌及胆囊结石家族史6.是否有胆道系统感染7.是否肥胖，是否有糖尿病8.','','胆囊癌','low','age>=50','pending','toGenerate','2016-06-18 14:27:26','2016-06-18 14:27:26',NULL),('80a1a7294da440dcad338480047eac22-low-89932374522c4cc4979d2c1206949377','80a1a7294da440dcad338480047eac22','89932374522c4cc4979d2c1206949377','中华医学会内分泌学分会(CSE,Chinese Society of Endocrinology)','','成年人 (>18岁)具有下列任何一个及以上的糖尿病高危因素，可定义为糖尿病高危人群：\r\n\r\n(1)年龄≥40岁；\r\n\r\n(2)既往有糖尿病前期病史；\r\n\r\n(3)超重、肥胖 (体重指数≥24 kg/m2)，男性腰围≥90cm,女性腰围≥85cm；\r\n\r\n(4)静坐的生活方式；\r\n\r\n(5)一级亲属中有2型糖尿病家族史；\r\n\r\n(6)有巨大儿 (出生体重≥4 kg)生产史，妊娠期显性糖尿病或妊娠糖尿病病史的妇女；\r\n\r\n(7)高血压 [收缩压≥140 mmHg (1mmHg=0.133kPa)和(或)舒张压≥90 mmHg]或正在接受降压治疗；\r\n\r\n(8)血脂异常(高密度脂蛋白胆固醇≤0.91mmol/L及甘油三酯≥2.22mmol/L，或正在接受调脂治疗)；\r\n\r\n(9)动脉粥样硬化性CCVD患者；\r\n\r\n(10)有一过性类固醇性糖尿病病史者；\r\n\r\n(11)多囊卵巢综合征患者；\r\n\r\n(12)严重精神病和 (或)长期接受抗抑郁症药物治疗的患者。','','成人2型糖尿病','low','age>=40','pending','toGenerate','2016-06-18 14:27:26','2016-06-18 14:27:26',NULL),('80a1a7294da440dcad338480047eac22-low-8a2b68cc6b054aa7a40b5763f14cec28','80a1a7294da440dcad338480047eac22','8a2b68cc6b054aa7a40b5763f14cec28','美国妇产科医师学会(ACOG,American College of Obstetricians and Gynecologists)','','1.人乳头瘤病毒感染；2.过早性生活；3.多个性伙伴；4.多产；5.丈夫婚外性行为；6.阴茎癌；7.社会经济条件差；8.营养不良；9.吸烟','21-29岁','宫颈癌','low','age>=21 and age<=29 and tag_hasSexBehavior=true','pending','toGenerate','2016-06-18 14:27:26','2016-06-18 14:27:26',NULL),('80a1a7294da440dcad338480047eac22-low-9a1bac66a1b640c2b1e106ecd37797e9','80a1a7294da440dcad338480047eac22','9a1bac66a1b640c2b1e106ecd37797e9',' 美国国家综合癌症网络(NCCN,National Comprehensive Cancer Network)','','1.年龄\r\n2.是否有肝硬化\r\n3.饮酒\r\n4.乙型肝炎病毒感染\r\n5.丙型肝炎病毒感染\r\n6.非酒精性脂肪肝\r\n7.α1-抗胰蛋白酶缺乏症病史\r\n8.四期原发性胆汁性肝硬化病史\r\n9.遗传性血色病病史','普通人群不推荐','肝癌','low','1=0','pending','toGenerate','2016-06-18 14:27:26','2016-06-18 14:27:26',NULL),('80a1a7294da440dcad338480047eac22-low-a1ccc6a220a4465f964195c539c1d365','80a1a7294da440dcad338480047eac22','a1ccc6a220a4465f964195c539c1d365','中国癌症筛查及早诊早治技术方案 人民卫生出版社','','1.地区：高发地区：鼻咽癌死亡率＞3/10万的地区（中国标化）：广东、广西、福建、湖南、江西\n2.家族史：有家族聚集倾向，一级亲属罹患过鼻咽癌的；\n3.喜食咸鱼、腌制食物的、长期接触甲醛的\n4.高镍环境（存疑）','','鼻咽癌','low','age>=30 and (locate(\'广东\',liveplace)>0 or locate(\'广西\',liveplace)>0 or locate(\'福建\',liveplace)>0 or locate(\'湖南\',liveplace)>0 or locate(\'江西\',liveplace)>0)','pending','toGenerate','2016-06-18 14:27:26','2016-06-18 14:27:26',NULL),('80a1a7294da440dcad338480047eac22-low-a26efd48e9484b22b8bf7477f7656630','80a1a7294da440dcad338480047eac22','a26efd48e9484b22b8bf7477f7656630','美国国家综合癌症网络(NCCN,National Comprehensive Cancer Network)','','1.年龄\r\n2.家族史（一级亲属罹患前列腺癌）','','前列腺癌','low','age>=45 and sex=\'男\'','pending','toGenerate','2016-06-18 14:27:26','2016-06-18 14:27:26',NULL),('80a1a7294da440dcad338480047eac22-low-a5c0a4318fb547c7bcf015480b2ca8c4','80a1a7294da440dcad338480047eac22','a5c0a4318fb547c7bcf015480b2ca8c4',' 中国抗癌协会乳腺癌专业委员会(CACA-CBCS,Chinese Anti-Cancer Association, Committee of Breast Cancer Society)','','确定性因素：1.年龄；2.性别；3.绝经后体重增加 BMI≥30kg/m2或增加10公斤；4.高身材，身高大于175cm；5.雌激素水平（高内源性雌激素水平）；6.骨密度（升高者发病率升高）；7.良性乳腺疾病史；8.长期使用外源性雌激素；9.初潮较早或绝经较晚；10.未产妇及首次初产年龄大于等于35岁；11.乳腺癌个人史；12.一级亲属罹患乳腺癌；13.饮酒；14.吸烟；15.夜班工作；16.暴露于治疗性电离辐射；17.是否哺乳；18.大豆/植物雌激素应用；19.体育锻炼；\n不确定性因素：未录入','无','乳腺癌','low','sex=\'女\' and (height>175 or height/weight/weight*10000>=24)','pending','toGenerate','2016-06-18 14:27:26','2016-06-18 14:27:26',NULL),('80a1a7294da440dcad338480047eac22-low-aa5f7b61e93f4c0a8639e2b2d8b3a933','80a1a7294da440dcad338480047eac22','aa5f7b61e93f4c0a8639e2b2d8b3a933','中华医学会外科学分会胰腺外科学组','','1.年龄；2.家族史；3.60岁以上突发糖尿病；4.慢性胰腺炎病史；5.吸烟；6.饮酒；7.肥胖；8.远端胃大部切除术病史（时间大于20年）；9.接触萘胺及苯类化合物者\r\n前驱症状：消化不良、恶性、脂肪泻、黄疸、疼痛、体重减轻','','胰腺癌','low','age>=40 and (tag_smoke_age>10 or height/weight/weight*10000>24)','pending','toGenerate','2016-06-18 14:27:26','2016-06-18 14:27:26',NULL),('80a1a7294da440dcad338480047eac22-low-ae6bcb0679ba4b7f83ec6aca09757dd6','80a1a7294da440dcad338480047eac22','ae6bcb0679ba4b7f83ec6aca09757dd6',' 中华人民共和国国家卫生和计划生育委员会(NHFPC,National Health and Family Planning Commission of China)','','1.高血压史（≥140/90 mmHg）或正在服用降压药物 \n2.房颤和（或）心脏瓣膜病等心脏病\n3.吸烟\n4.血脂异常\n5.糖尿病\n6.BMI大于26\n7.很少进行体育活动\n8.有卒中家族史','','颈动脉狭窄','low','locate(\'高血压\',sufferedDiseases)>0 or locate(\'房颤\',sufferedDiseases)>0 or locate(\'心脏\',sufferedDiseases)>0 or locate(\'糖尿病\',sufferedDiseases)>0 or tag_smoke_style!=\'no\'','pending','toGenerate','2016-06-18 14:27:26','2016-06-18 14:27:26',NULL),('80a1a7294da440dcad338480047eac22-low-b324470469f449a883059bebbc195bea','80a1a7294da440dcad338480047eac22','b324470469f449a883059bebbc195bea',' 中华医学会内镜学分会(CSDE,Chinese Society of Digestive Endoscopy) 中国抗癌协会(Chinese Anti-cancer Association) 中国抗癌协会肿瘤内镜专业委员会','','1.性别：\n2.年龄\n3.饮食：加盐腌制蔬菜或烟熏肉和鱼。\n4.吸烟\n5.治疗：接受过胃部手术。\n6.癌前疾病：慢性萎缩性胃炎、胃溃疡、胃息肉。\n7.家族肿瘤疾病史：包括家族胃癌史，遗传性非息肉性肠癌，家族性腺瘤性息肉等遗传性疾病等。\n8.恶性贫血。\n9.肥胖：超过正常体重20～25公斤\n10.经济状况：经济较差的地区，胃癌的发病率较高。\n11.是否有贫血、消瘦、消化道出血、呕吐、上腹部不适、上腹部肿块.来源:2013卫计委胃癌规范化诊疗指南（试行）','  男女不限，年龄大于等于40岁，满足一下任意一条：\n1.胃癌高发地区人群\n2.幽门螺旋杆菌感染感染\n3.既往患有慢性萎缩性胃炎等胃癌癌前病变\n4.一级亲属罹患胃癌\n5.存在胃癌其它高危因素（吸烟、重度饮酒、高盐、腌制饮食等）\n检查需同时进行','胃癌','low','age>=40 and (locate(\'幽门螺旋杆菌阳性\',sufferedDiseases)>0 or locate(\'salty\',tag_foodStyle)>0 or locate(\'smoked\',tag_foodStyle)>0 or locate(\'cured\',tag_foodStyle)>0 or tag_smoke_age>1 or locate(\'胃\',sufferedDiseases)>0 or locate(\'胃癌\',inheritDiseases)>0 or locate(\'腺瘤\',inheritDiseases)>0 or locate(\'肠癌\',inheritDiseases)>0)','dismatch','toGenerate','2016-06-18 14:27:26','2016-06-18 14:27:26',NULL),('80a1a7294da440dcad338480047eac22-low-e00f9b2d6bee4dc7aeb0d821f8ac068d','80a1a7294da440dcad338480047eac22','e00f9b2d6bee4dc7aeb0d821f8ac068d','中华医学会消化内镜学分会消化系早癌内镜诊断与治疗协作组,中华医学会消化病学分会消化道肿瘤协作组,中华医学会消化病学分会消化病理学组','','将55～74岁的一般风险人群、40～74岁的高风险人群以及家族史不详的人群作为内镜筛查的目标人群。\n①长期居住于食管鳞癌高发区；②一级亲属有食管鳞癌病史；③既往有食管病变史(食管上皮内瘤变)；④本人有癌症史；⑤长期吸烟史；⑥长期饮酒史；⑦有不良饮食习惯如进食快、热烫饮食、高盐饮食、进食腌菜者。','一般风险人群：无上述任意1条者。（鉴于现有国际国内指南均未推荐筛查频率，本项目拟定胃癌筛查频率进行）','食管癌','low','age>=40 and age<=74 and (locate(\'fast\',tag_foodStyle)>0 or locate(\'hot\',tag_foodStyle)>0 or locate(\'salty\',tag_foodStyle)>0)','pending','toGenerate','2016-06-18 14:27:26','2016-06-18 14:27:26',NULL),('83162a9b6ec04ecfaeb1cfc440bd02f9-high-07e68dd1ea5f4f549eb813f80ca0a7b5','83162a9b6ec04ecfaeb1cfc440bd02f9','07e68dd1ea5f4f549eb813f80ca0a7b5',' 中华人民共和国卫生部(MINISTRY OF HEALTH OF THE PEOPLE`S REPUBLIC OF CHINA)','','年龄\r\n备注：包含牙周疾病及口腔癌等','大于60岁，半年一次','龋齿','high','age>=60','dismatch','toGenerate','2016-06-13 04:24:23','2016-06-13 04:24:23',NULL),('83162a9b6ec04ecfaeb1cfc440bd02f9-high-1cfc1f8ff2dc4049b2422177cd3b9040','83162a9b6ec04ecfaeb1cfc440bd02f9','1cfc1f8ff2dc4049b2422177cd3b9040',' 美国国家综合癌症网络(NCCN,National Comprehensive Cancer Network)','','1.吸烟史\n2.氡暴露史\n3.职业暴露：砒霜、铬、石棉、镍、镉、铍、硅、柴油烟雾（吸烟可以叠加）\n4.一级亲属罹患肺癌\n5.COPD及肺纤维化病史\n6.报警症状','或年龄大于50岁，并且吸烟指数大于20支.年，或包含任意一条危险因素（见关注因素）','肺癌','high','age>50 and tag_smoke_quantity>=20','dismatch','toGenerate','2016-06-13 04:24:23','2016-06-13 04:24:23',NULL),('83162a9b6ec04ecfaeb1cfc440bd02f9-high-365153d2e9e44bf0a15ec2fb25c97c31','83162a9b6ec04ecfaeb1cfc440bd02f9','365153d2e9e44bf0a15ec2fb25c97c31',' 美国预防医学工作组(USPSTF,U.S. Preventive Services Task Force)','','1.性别\r\n2.年龄\r\n3.吸烟\r\n4.家族史（一级亲属罹患腹主动脉瘤）\r\n5.既往史（既往被诊断：血管瘤、心、脑血管疾病、动脉粥样硬化、高胆固醇血症、肥胖和高血压）','男性\r\n吸烟超过100只\r\n年龄大于65岁','腹主动脉瘤','high','sex=\'男\' and age>=65 and tag_smoke_style!=\'no\'','dismatch','toGenerate','2016-06-13 04:24:23','2016-06-13 04:24:23',NULL),('83162a9b6ec04ecfaeb1cfc440bd02f9-high-3841703bd931482fb3bc425b4178b813','83162a9b6ec04ecfaeb1cfc440bd02f9','3841703bd931482fb3bc425b4178b813',' 中华医学会内镜学分会(CSDE,Chinese Society of Digestive Endoscopy) 中华医学会消化病学分会(CSGE,Chinese Society Of Gastroenterology)','','1.年龄\r\n2.结直肠腺瘤、锯齿状息肉及结直肠癌病史\r\n3.非特异性肠炎病史\r\n4.阳性家族史（Lynch综合征病史、多发性错构瘤综合征病史等）\r\n5.大便隐血实验结果\r\n6.具有以下两项及两项以上者：①慢性便秘；②黏液血便；③慢性腹泻；④慢性阑尾炎或阑尾切除史；⑤精神刺激史；⑥体重指数 (BMI) ＞28 kg/m2；⑦吸烟指数大于400只/年；慢性胆囊炎及胆囊切除史；慢性便秘指近2年来便秘每年在2个月以上','1.有便血、黑便、体重减轻、贫血等报警症状的人群\n2.大于50岁，包含：结直肠腺瘤、锯齿状息肉及结直肠癌病史；非特异性肠炎病史；阳性家族史（Lynch综合征病史、多发性错构瘤综合征病史等）可以理解为一级亲属有结直肠癌病史；大便隐血实验结果阳性；具有以下两项及两项以上者：①慢性便秘；②黏液血便；③慢性腹泻；④慢性阑尾炎或阑尾切除史；⑤精神刺激史；⑥体重指数 (BMI) ＞28 kg/m2；⑦吸烟指数大于400只/年；慢性胆囊炎及胆囊切除史；慢性便秘指近2年来便秘每年在2个月以上','结直肠癌','high','age>=50 and (tag_smoke_quantity>1 or weight/height/height*10000>28)','dismatch','toGenerate','2016-06-13 04:24:23','2016-06-13 04:24:23',NULL),('83162a9b6ec04ecfaeb1cfc440bd02f9-high-3d1776a7aa894ceca869b38cbc5245fe','83162a9b6ec04ecfaeb1cfc440bd02f9','3d1776a7aa894ceca869b38cbc5245fe',' 中华人民共和国卫生部(MINISTRY OF HEALTH OF THE PEOPLE`S REPUBLIC OF CHINA)','','年龄','年龄大于等于60岁','牙周病','high','age>=60','dismatch','toGenerate','2016-06-13 04:24:23','2016-06-13 04:24:23',NULL),('83162a9b6ec04ecfaeb1cfc440bd02f9-high-40c2f59a7b2c4b50937da37b2b9f7919','83162a9b6ec04ecfaeb1cfc440bd02f9','40c2f59a7b2c4b50937da37b2b9f7919',' 中华医学会心血管病学分会(Chinese Society of Cardiology)','','既往史：先天性心脏病、结缔组织病、HIV感染、减肥药物治疗史、肝病及贫血\n个人史：职业解除如印刷厂或加油站工人接触油类物品、HIV感染、男-男同性恋、吸毒及染发剂接触	婚育史：女性是否有习惯性流产、男性需了解直系女性亲属是否有习惯性流产	\n家族史：是否有诊断肺动脉高压或先心病史\n','既往史：先天性心脏病、结缔组织病、HIV感染、减肥药物治疗史、肝病及贫血\n个人史：职业解除如印刷厂或加油站工人接触油类物品、HIV感染、男-男同性恋、吸毒及染发剂接触	婚育史：女性是否有习惯性流产、男性需了解直系女性亲属是否有习惯性流产	\n家族史：是否有诊断肺动脉高压或先心病史\n胸部影像学检测提示有右心脏增大及肺动脉增粗表现\n如有非特异性临床表现和体征可更考虑疑诊','肺动脉高压','high','(locate(\'先天性心脏病\',sufferedDiseases)>0 or locate(\'HIV感染\',sufferedDiseases)>0 or locate(\'肝病\',sufferedDiseases)>0 or locate(\'贫血\',sufferedDiseases)>0 or locate(\'结缔组织病\',sufferedDiseases)>0 or locate(\'先天性心脏病\',inheritDiseases)>0)','dismatch','toGenerate','2016-06-13 04:24:23','2016-06-13 04:24:23',NULL),('83162a9b6ec04ecfaeb1cfc440bd02f9-high-54cf2c7cb40c4d538f700e731894495e','83162a9b6ec04ecfaeb1cfc440bd02f9','54cf2c7cb40c4d538f700e731894495e',' 中华人民共和国国家卫生和计划生育委员会(NHFPC,National Health and Family Planning Commission of China)','','HCV感染高危人群，包括： \r\na) 有静脉药瘾史者； \r\nb) 有职业或其他原因（纹身、穿孔、针灸等）所致的针刺伤史者； \r\nc) 有医源性暴露史，包括手术、透析、不洁口腔诊疗操作、器官或组织移植者； \r\nd） 有高危性行为史，如多个性伴、男男同性恋者； \r\ne) HCV感染者的性伴及家庭成员； \r\nf) HIV感染者及其性伴； \r\ng) HCV感染母亲所生的子女； \r\nh) 破损皮肤和赫膜被HCV感染者血液污染者； \r\ni) 有输血或应用血液制品史者（主要是1993年前有过输血或应用血制品者） \r\nj) 1996年前的供血浆者。 ','HCV感染高危人群，包括： \na) 有静脉药瘾史者； \nb) 有职业或其他原因（纹身、穿孔、针灸等）所致的针刺伤史者； \nc) 有医源性暴露史，包括手术、透析、不洁口腔诊疗操作、器官或组织移植者； \nd） 有高危性行为史，如多个性伴、男男同性恋者； \ne) HCV感染者的性伴及家庭成员； \nf) HIV感染者及其性伴； \ng) HCV感染母亲所生的子女； \nh) 破损皮肤和赫膜被HCV感染者血液污染者； \ni) 有输血或应用血液制品史者（主要是1993年前有过输血或应用血制品者） \nj) 1996年前的供血浆者。 ','丙型病毒性肝炎','high','tag_sexHomosex=true or tag_sexBehaviorStyle=\'highrisk\' or locate(\'HCV\',inheritDiseases)>0','dismatch','toGenerate','2016-06-13 04:24:23','2016-06-13 04:24:23',NULL),('83162a9b6ec04ecfaeb1cfc440bd02f9-high-56f55df13386472c98df5a082a3ec9ae','83162a9b6ec04ecfaeb1cfc440bd02f9','56f55df13386472c98df5a082a3ec9ae',' 美国预防医学工作组(USPSTF,U.S. Preventive Services Task Force)','','1.血压在正常高值者（130-139/85-89 mmHg）\r\n2.BMI大于24\r\n3.腹型肥胖：男性腰围大于90cm，女性大于85cm\r\n4.家族史（一、二级亲属罹患高血压）\r\n5.长期高盐饮食\r\n6.长期饮酒，日均大于等于100ml（2两）\r\n来源于（中国高血压基层管理指南（2014年修订版））','≥40岁的成人，血压在正常高值者（130-139/85-89 mmHg）、超重或肥胖者。','高血压','high','age>=40 and weight/height/height*10000>=24','dismatch','toGenerate','2016-06-13 04:24:23','2016-06-13 04:24:23',NULL),('83162a9b6ec04ecfaeb1cfc440bd02f9-high-68db0e163064409286056fe21f7f27ad','83162a9b6ec04ecfaeb1cfc440bd02f9','68db0e163064409286056fe21f7f27ad',' 北京市脑卒中诊疗质量控制与改进中心','','1.脂代谢异常\n2.高血压、糖尿\n3.吸烟及吸烟环境\n4.家族史：一二级亲属罹患脑动脉粥样硬化\n5.肥胖\n6.高同型半胱氨酸\n','大于45岁，包含一下一项或以上：1.高胆固醇或高甘油三酯血症；2.高血压；3.糖尿病；4.吸烟；5.家族史；6.大量饮酒；7.肥胖及不良饮食习惯（高热量、高脂肪）；8.缺乏规律有氧运动；9.被诊断高同型半胱氨酸','脑动脉粥样硬化','high','age>=45 and (locate(\'高血压\',sufferedDiseases)>0 or locate(\'糖尿病\',sufferedDiseases)>0 or locate(\'脑动脉粥样硬化\',inheritDiseases)>0)','dismatch','toGenerate','2016-06-13 04:24:23','2016-06-13 04:24:23',NULL),('83162a9b6ec04ecfaeb1cfc440bd02f9-high-7c77c03835cc41dda72c27028ecb7585','83162a9b6ec04ecfaeb1cfc440bd02f9','7c77c03835cc41dda72c27028ecb7585',' 中华医学会外科学分会胆道外科学组','','1.是否患有胆囊结石2.是否有胆囊慢性炎症3.是否有胆囊息肉4.是否存在胆胰管汇合异常5.家族史：胆囊癌及胆囊结石家族史6.是否有胆道系统感染7.是否肥胖，是否有糖尿病8.','(1)胆囊息肉；(2)年龄超过50岁，特别是女性；(3)肥胖症；(4)有胆石症或胆囊癌家族史。','胆囊癌','high','locate(\'胆囊息肉\',sufferedDiseases)>0 or (age>=50 and sex=\'女\') or locate(\'肥胖\',sufferedDiseases)>0 or locate(\'胆结石\',inheritDiseases)>0 or locate(\'胆囊癌\',inheritDiseases)>0','done','toRelease','2016-06-13 04:24:23','2016-06-13 04:24:23',NULL),('83162a9b6ec04ecfaeb1cfc440bd02f9-high-89932374522c4cc4979d2c1206949377','83162a9b6ec04ecfaeb1cfc440bd02f9','89932374522c4cc4979d2c1206949377','中华医学会内分泌学分会(CSE,Chinese Society of Endocrinology)','','成年人 (>18岁)具有下列任何一个及以上的糖尿病高危因素，可定义为糖尿病高危人群：\r\n\r\n(1)年龄≥40岁；\r\n\r\n(2)既往有糖尿病前期病史；\r\n\r\n(3)超重、肥胖 (体重指数≥24 kg/m2)，男性腰围≥90cm,女性腰围≥85cm；\r\n\r\n(4)静坐的生活方式；\r\n\r\n(5)一级亲属中有2型糖尿病家族史；\r\n\r\n(6)有巨大儿 (出生体重≥4 kg)生产史，妊娠期显性糖尿病或妊娠糖尿病病史的妇女；\r\n\r\n(7)高血压 [收缩压≥140 mmHg (1mmHg=0.133kPa)和(或)舒张压≥90 mmHg]或正在接受降压治疗；\r\n\r\n(8)血脂异常(高密度脂蛋白胆固醇≤0.91mmol/L及甘油三酯≥2.22mmol/L，或正在接受调脂治疗)；\r\n\r\n(9)动脉粥样硬化性CCVD患者；\r\n\r\n(10)有一过性类固醇性糖尿病病史者；\r\n\r\n(11)多囊卵巢综合征患者；\r\n\r\n(12)严重精神病和 (或)长期接受抗抑郁症药物治疗的患者。','成年人 (>18岁)具有下列任何一个及以上的糖尿病高危因素，可定义为糖尿病高危人群：\n\n(1)年龄≥40岁；\n\n(2)既往有糖尿病前期病史；\n\n(3)超重、肥胖 (体重指数≥24 kg/m2)，男性腰围≥90cm,女性腰围≥85cm；\n\n(4)静坐的生活方式；\n\n(5)一级亲属中有2型糖尿病家族史；\n\n(6)有巨大儿 (出生体重≥4 kg)生产史，妊娠期显性糖尿病或妊娠糖尿病病史的妇女；\n\n(7)高血压 [收缩压≥140 mmHg (1mmHg=0.133kPa)和(或)舒张压≥90 mmHg]或正在接受降压治疗；\n\n(8)血脂异常(高密度脂蛋白胆固醇≤0.91mmol/L及甘油三酯≥2.22mmol/L，或正在接受调脂治疗)；\n\n(9)动脉粥样硬化性CCVD患者；\n\n(10)有一过性类固醇性糖尿病病史者；\n\n(11)多囊卵巢综合征患者；\n\n(12)严重精神病和 (或)长期接受抗抑郁症药物治疗的患者。','成人2型糖尿病','high','age>=40 and (weight/height/height*10000>=24 or  locate(\'糖尿病\',inheritDiseases)>0 or locate(\'动脉粥样硬化\',sufferedDiseases)>0 or locate(\'一过性类固醇糖尿病\',sufferedDiseases)>0 or locate(\'多囊卵巢综合症\',sufferedDiseases))','dismatch','toGenerate','2016-06-13 04:24:23','2016-06-13 04:24:23',NULL),('83162a9b6ec04ecfaeb1cfc440bd02f9-high-8a2b68cc6b054aa7a40b5763f14cec28','83162a9b6ec04ecfaeb1cfc440bd02f9','8a2b68cc6b054aa7a40b5763f14cec28','美国妇产科医师学会(ACOG,American College of Obstetricians and Gynecologists)','','1.人乳头瘤病毒感染；2.过早性生活；3.多个性伙伴；4.多产；5.丈夫婚外性行为；6.阴茎癌；7.社会经济条件差；8.营养不良；9.吸烟','1.大于等于21岁\r\n2.有性行为','宫颈癌','high','age>=21 and tag_hasSexBehavior=true and (tag_sexParterners>1 or tag_sexBehaviorStyle=\'highrisk\')','dismatch','toGenerate','2016-06-13 04:24:23','2016-06-13 04:24:23',NULL),('83162a9b6ec04ecfaeb1cfc440bd02f9-high-9a1bac66a1b640c2b1e106ecd37797e9','83162a9b6ec04ecfaeb1cfc440bd02f9','9a1bac66a1b640c2b1e106ecd37797e9',' 美国国家综合癌症网络(NCCN,National Comprehensive Cancer Network)','','1.年龄\r\n2.是否有肝硬化\r\n3.饮酒\r\n4.乙型肝炎病毒感染\r\n5.丙型肝炎病毒感染\r\n6.非酒精性脂肪肝\r\n7.α1-抗胰蛋白酶缺乏症病史\r\n8.四期原发性胆汁性肝硬化病史\r\n9.遗传性血色病病史','1.各种原因导致的肝硬化患者\r\n2.乙肝携带者，男性大于等于40岁，女性大于等于50岁','肝癌','high','((age>=40 and sex=\'男\') or (age>=50 and sex=\'女\'))and locate(\'乙肝\',sufferedDiseases)>0','dismatch','toGenerate','2016-06-13 04:24:23','2016-06-13 04:24:23',NULL),('83162a9b6ec04ecfaeb1cfc440bd02f9-high-a1ccc6a220a4465f964195c539c1d365','83162a9b6ec04ecfaeb1cfc440bd02f9','a1ccc6a220a4465f964195c539c1d365','中国癌症筛查及早诊早治技术方案 人民卫生出版社','','1.地区：高发地区：鼻咽癌死亡率＞3/10万的地区（中国标化）：广东、广西、福建、湖南、江西\n2.家族史：有家族聚集倾向，一级亲属罹患过鼻咽癌的；\n3.喜食咸鱼、腌制食物的、长期接触甲醛的\n4.高镍环境（存疑）','满足2和或3-4 条\r\n年龄大于等于30岁','鼻咽癌','high','age>=30 and (locate(\'鼻咽癌\',inheritDiseases)>0 or locate(\'salty\',tag_foodStyle)>0)','dismatch','toGenerate','2016-06-13 04:24:23','2016-06-13 04:24:23',NULL),('83162a9b6ec04ecfaeb1cfc440bd02f9-high-a26efd48e9484b22b8bf7477f7656630','83162a9b6ec04ecfaeb1cfc440bd02f9','a26efd48e9484b22b8bf7477f7656630','美国国家综合癌症网络(NCCN,National Comprehensive Cancer Network)','','1.年龄\r\n2.家族史（一级亲属罹患前列腺癌）','年龄大于等于45岁','前列腺癌','high','age>=45 and sex=\'男\' and locate(\'前列腺癌\',inheritDiseases)>0','dismatch','toGenerate','2016-06-13 04:24:23','2016-06-13 04:24:23',NULL),('83162a9b6ec04ecfaeb1cfc440bd02f9-high-a5c0a4318fb547c7bcf015480b2ca8c4','83162a9b6ec04ecfaeb1cfc440bd02f9','a5c0a4318fb547c7bcf015480b2ca8c4',' 中国抗癌协会乳腺癌专业委员会(CACA-CBCS,Chinese Anti-Cancer Association, Committee of Breast Cancer Society)','','确定性因素：1.年龄；2.性别；3.绝经后体重增加 BMI≥30kg/m2或增加10公斤；4.高身材，身高大于175cm；5.雌激素水平（高内源性雌激素水平）；6.骨密度（升高者发病率升高）；7.良性乳腺疾病史；8.长期使用外源性雌激素；9.初潮较早或绝经较晚；10.未产妇及首次初产年龄大于等于35岁；11.乳腺癌个人史；12.一级亲属罹患乳腺癌；13.饮酒；14.吸烟；15.夜班工作；16.暴露于治疗性电离辐射；17.是否哺乳；18.大豆/植物雌激素应用；19.体育锻炼；\n不确定性因素：未录入','1.有明显的乳腺癌遗传倾向者\r\n2.既往有乳腺良恶性疾病患者\r\n3.既往行胸部放疗','乳腺癌','high','sex=\'女\' and (locate(\'乳腺\',sufferedDiseases)>0 or locate(\'乳腺\',inheritDiseases)>0 or height>175 or height/weight/weight*10000>=24)','dismatch','toGenerate','2016-06-13 04:24:23','2016-06-13 04:24:23',NULL),('83162a9b6ec04ecfaeb1cfc440bd02f9-high-aa5f7b61e93f4c0a8639e2b2d8b3a933','83162a9b6ec04ecfaeb1cfc440bd02f9','aa5f7b61e93f4c0a8639e2b2d8b3a933','中华医学会外科学分会胰腺外科学组','','1.年龄；2.家族史；3.60岁以上突发糖尿病；4.慢性胰腺炎病史；5.吸烟；6.饮酒；7.肥胖；8.远端胃大部切除术病史（时间大于20年）；9.接触萘胺及苯类化合物者\r\n前驱症状：消化不良、恶性、脂肪泻、黄疸、疼痛、体重减轻','1.年龄大于40岁，有非特异性上腹部不适症状；\n2.一级亲属有罹患胰腺癌\n3.年龄大于60岁，突发糖尿病，缺乏家族史，低体重指数，很快形成胰岛素抵抗\n4.慢性胰腺炎病史：特别是遗传性胰腺炎病史\n5.良性病变行远端胃大部切除术者，特别是术后20年以上人群\n6.导管内乳头状粘液瘤患者\n7.FAP 家族性腺瘤息肉病患者\n8.长期吸烟\n9.大量饮酒\n10.体重超重\n11.黑斑息肉综合征病史\n12.家族性恶性黑色素瘤病史','胰腺癌','high','(age>=40 and locate(\'胰腺癌\',inheritDiseases)>0 or locate(\'胰腺\',sufferedDiseases)>0) or (locate(\'突发性糖尿病\',sufferedDiseases)>0 and age>=60)','dismatch','toGenerate','2016-06-13 04:24:23','2016-06-13 04:24:23',NULL),('83162a9b6ec04ecfaeb1cfc440bd02f9-high-ae6bcb0679ba4b7f83ec6aca09757dd6','83162a9b6ec04ecfaeb1cfc440bd02f9','ae6bcb0679ba4b7f83ec6aca09757dd6',' 中华人民共和国国家卫生和计划生育委员会(NHFPC,National Health and Family Planning Commission of China)','','1.高血压史（≥140/90 mmHg）或正在服用降压药物 \n2.房颤和（或）心脏瓣膜病等心脏病\n3.吸烟\n4.血脂异常\n5.糖尿病\n6.BMI大于26\n7.很少进行体育活动\n8.有卒中家族史','1.以上8条满足3条\r\n2.既往有缺血性脑卒中病史或短暂性脑缺血发作病史','颈动脉狭窄','high','(locate(\'高血压\',sufferedDiseases)>0 or locate(\'房颤\',sufferedDiseases)>0 or locate(\'心脏\',sufferedDiseases)>0 or locate(\'糖尿病\',sufferedDiseases)>0 or tag_smoke_style!=\'no\') and (locate(\'脑卒中\',sufferedDiseases)>0 or locate(\'脑缺血\',sufferedDiseases)>0)','dismatch','toGenerate','2016-06-13 04:24:23','2016-06-13 04:24:23',NULL),('83162a9b6ec04ecfaeb1cfc440bd02f9-high-b324470469f449a883059bebbc195bea','83162a9b6ec04ecfaeb1cfc440bd02f9','b324470469f449a883059bebbc195bea',' 中华医学会内镜学分会(CSDE,Chinese Society of Digestive Endoscopy) 中国抗癌协会(Chinese Anti-cancer Association) 中国抗癌协会肿瘤内镜专业委员会','','1.性别：\n2.年龄\n3.饮食：加盐腌制蔬菜或烟熏肉和鱼。\n4.吸烟\n5.治疗：接受过胃部手术。\n6.癌前疾病：慢性萎缩性胃炎、胃溃疡、胃息肉。\n7.家族肿瘤疾病史：包括家族胃癌史，遗传性非息肉性肠癌，家族性腺瘤性息肉等遗传性疾病等。\n8.恶性贫血。\n9.肥胖：超过正常体重20～25公斤\n10.经济状况：经济较差的地区，胃癌的发病率较高。\n11.是否有贫血、消瘦、消化道出血、呕吐、上腹部不适、上腹部肿块.来源:2013卫计委胃癌规范化诊疗指南（试行）','1.幽门螺旋杆菌+，萎缩性胃炎-\n2.幽门螺旋杆菌+，萎缩性胃炎+\n3.幽门螺旋杆菌-，萎缩性胃炎-\n4.幽门螺旋杆菌-，萎缩性胃炎-按照一般人群处理','胃癌','high','locate(\'幽门螺旋杆菌阳性\',sufferedDiseases)>0 and (locate(\'salty\',tag_foodStyle)>0 or locate(\'smoked\',tag_foodStyle)>0 or locate(\'cured\',tag_foodStyle)>0 or tag_smoke_age>1 or locate(\'胃\',sufferedDiseases)>0 or locate(\'胃癌\',inheritDiseases)>0 or locate(\'腺瘤\',inheritDiseases)>0 or locate(\'肠癌\',inheritDiseases)>0)','dismatch','toGenerate','2016-06-13 04:24:23','2016-06-13 04:24:23',NULL),('83162a9b6ec04ecfaeb1cfc440bd02f9-high-e00f9b2d6bee4dc7aeb0d821f8ac068d','83162a9b6ec04ecfaeb1cfc440bd02f9','e00f9b2d6bee4dc7aeb0d821f8ac068d','中华医学会消化内镜学分会消化系早癌内镜诊断与治疗协作组,中华医学会消化病学分会消化道肿瘤协作组,中华医学会消化病学分会消化病理学组','','将55～74岁的一般风险人群、40～74岁的高风险人群以及家族史不详的人群作为内镜筛查的目标人群。\n①长期居住于食管鳞癌高发区；②一级亲属有食管鳞癌病史；③既往有食管病变史(食管上皮内瘤变)；④本人有癌症史；⑤长期吸烟史；⑥长期饮酒史；⑦有不良饮食习惯如进食快、热烫饮食、高盐饮食、进食腌菜者。','有以上任意1条者视为高危人群（鉴于现有国际国内指南均未推荐筛查频率，本项目拟定胃癌筛查频率进行）','食管癌','high','age>=55 and age<=74 and (locate(\'食管鳞癌\',inheritDiseases)>0  or locate(\'食管\',sufferedDiseases)>0 or locate(\'癌\',sufferedDiseases)>0 or tag_smoke_age>=10 or locate(\'fast\',tag_foodStyle)>0 or locate(\'hot\',tag_foodStyle)>0 or locate(\'salty\',tag_foodStyle)>0)','dismatch','toGenerate','2016-06-13 04:24:23','2016-06-13 04:24:23',NULL),('83162a9b6ec04ecfaeb1cfc440bd02f9-low-07e68dd1ea5f4f549eb813f80ca0a7b5','83162a9b6ec04ecfaeb1cfc440bd02f9','07e68dd1ea5f4f549eb813f80ca0a7b5',' 中华人民共和国卫生部(MINISTRY OF HEALTH OF THE PEOPLE`S REPUBLIC OF CHINA)','','年龄\r\n备注：包含牙周疾病及口腔癌等','大于18岁小于60岁，每年一次','龋齿','low','age>=18 and age<60','done','toRelease','2016-06-13 04:24:23','2016-06-13 04:24:23',NULL),('83162a9b6ec04ecfaeb1cfc440bd02f9-low-1cfc1f8ff2dc4049b2422177cd3b9040','83162a9b6ec04ecfaeb1cfc440bd02f9','1cfc1f8ff2dc4049b2422177cd3b9040',' 美国国家综合癌症网络(NCCN,National Comprehensive Cancer Network)','','1.吸烟史\n2.氡暴露史\n3.职业暴露：砒霜、铬、石棉、镍、镉、铍、硅、柴油烟雾（吸烟可以叠加）\n4.一级亲属罹患肺癌\n5.COPD及肺纤维化病史\n6.报警症状','年龄大于等于55岁，并且吸烟指数大于30支.年，戒烟时间小于15年','肺癌','low','age>=55 and tag_smoke_quantity>=30','dismatch','toGenerate','2016-06-13 04:24:23','2016-06-13 04:24:23',NULL),('83162a9b6ec04ecfaeb1cfc440bd02f9-low-365153d2e9e44bf0a15ec2fb25c97c31','83162a9b6ec04ecfaeb1cfc440bd02f9','365153d2e9e44bf0a15ec2fb25c97c31',' 美国预防医学工作组(USPSTF,U.S. Preventive Services Task Force)','','1.性别\r\n2.年龄\r\n3.吸烟\r\n4.家族史（一级亲属罹患腹主动脉瘤）\r\n5.既往史（既往被诊断：血管瘤、心、脑血管疾病、动脉粥样硬化、高胆固醇血症、肥胖和高血压）','未吸烟男性，但包含以上危险因素','腹主动脉瘤','low','sex=\'男\' and tag_smoke_style=\'low\'','dismatch','toGenerate','2016-06-13 04:24:23','2016-06-13 04:24:23',NULL),('83162a9b6ec04ecfaeb1cfc440bd02f9-low-3841703bd931482fb3bc425b4178b813','83162a9b6ec04ecfaeb1cfc440bd02f9','3841703bd931482fb3bc425b4178b813',' 中华医学会内镜学分会(CSDE,Chinese Society of Digestive Endoscopy) 中华医学会消化病学分会(CSGE,Chinese Society Of Gastroenterology)','','1.年龄\r\n2.结直肠腺瘤、锯齿状息肉及结直肠癌病史\r\n3.非特异性肠炎病史\r\n4.阳性家族史（Lynch综合征病史、多发性错构瘤综合征病史等）\r\n5.大便隐血实验结果\r\n6.具有以下两项及两项以上者：①慢性便秘；②黏液血便；③慢性腹泻；④慢性阑尾炎或阑尾切除史；⑤精神刺激史；⑥体重指数 (BMI) ＞28 kg/m2；⑦吸烟指数大于400只/年；慢性胆囊炎及胆囊切除史；慢性便秘指近2年来便秘每年在2个月以上','年龄大于等于50岁，无以上危险因素','结直肠癌','low','age>=50','dismatch','toGenerate','2016-06-13 04:24:23','2016-06-13 04:24:23',NULL),('83162a9b6ec04ecfaeb1cfc440bd02f9-low-3d1776a7aa894ceca869b38cbc5245fe','83162a9b6ec04ecfaeb1cfc440bd02f9','3d1776a7aa894ceca869b38cbc5245fe',' 中华人民共和国卫生部(MINISTRY OF HEALTH OF THE PEOPLE`S REPUBLIC OF CHINA)','','年龄','大于18岁，小于60岁','牙周病','low','age>18 and age<60','done','toRelease','2016-06-13 04:24:23','2016-06-13 04:24:23',NULL),('83162a9b6ec04ecfaeb1cfc440bd02f9-low-40c2f59a7b2c4b50937da37b2b9f7919','83162a9b6ec04ecfaeb1cfc440bd02f9','40c2f59a7b2c4b50937da37b2b9f7919',' 中华医学会心血管病学分会(Chinese Society of Cardiology)','','既往史：先天性心脏病、结缔组织病、HIV感染、减肥药物治疗史、肝病及贫血\n个人史：职业解除如印刷厂或加油站工人接触油类物品、HIV感染、男-男同性恋、吸毒及染发剂接触	婚育史：女性是否有习惯性流产、男性需了解直系女性亲属是否有习惯性流产	\n家族史：是否有诊断肺动脉高压或先心病史\n','','肺动脉高压','low','1=0','dismatch','toGenerate','2016-06-13 04:24:23','2016-06-13 04:24:23',NULL),('83162a9b6ec04ecfaeb1cfc440bd02f9-low-54cf2c7cb40c4d538f700e731894495e','83162a9b6ec04ecfaeb1cfc440bd02f9','54cf2c7cb40c4d538f700e731894495e',' 中华人民共和国国家卫生和计划生育委员会(NHFPC,National Health and Family Planning Commission of China)','','HCV感染高危人群，包括： \r\na) 有静脉药瘾史者； \r\nb) 有职业或其他原因（纹身、穿孔、针灸等）所致的针刺伤史者； \r\nc) 有医源性暴露史，包括手术、透析、不洁口腔诊疗操作、器官或组织移植者； \r\nd） 有高危性行为史，如多个性伴、男男同性恋者； \r\ne) HCV感染者的性伴及家庭成员； \r\nf) HIV感染者及其性伴； \r\ng) HCV感染母亲所生的子女； \r\nh) 破损皮肤和赫膜被HCV感染者血液污染者； \r\ni) 有输血或应用血液制品史者（主要是1993年前有过输血或应用血制品者） \r\nj) 1996年前的供血浆者。 ','持续性血液透析者','丙型病毒性肝炎','low','locate(\'血液透析\',sufferedDiseases)>0','dismatch','toGenerate','2016-06-13 04:24:23','2016-06-13 04:24:23',NULL),('83162a9b6ec04ecfaeb1cfc440bd02f9-low-56f55df13386472c98df5a082a3ec9ae','83162a9b6ec04ecfaeb1cfc440bd02f9','56f55df13386472c98df5a082a3ec9ae',' 美国预防医学工作组(USPSTF,U.S. Preventive Services Task Force)','','1.血压在正常高值者（130-139/85-89 mmHg）\r\n2.BMI大于24\r\n3.腹型肥胖：男性腰围大于90cm，女性大于85cm\r\n4.家族史（一、二级亲属罹患高血压）\r\n5.长期高盐饮食\r\n6.长期饮酒，日均大于等于100ml（2两）\r\n来源于（中国高血压基层管理指南（2014年修订版））','18-39岁、血压正常（<130/85 mmHg）且没有危险因素。','高血压','low','age>=18 and age<40 and weight/height/height*10000<24','done','toRelease','2016-06-13 04:24:23','2016-06-13 04:24:23',NULL),('83162a9b6ec04ecfaeb1cfc440bd02f9-low-68db0e163064409286056fe21f7f27ad','83162a9b6ec04ecfaeb1cfc440bd02f9','68db0e163064409286056fe21f7f27ad',' 北京市脑卒中诊疗质量控制与改进中心','','1.脂代谢异常\n2.高血压、糖尿\n3.吸烟及吸烟环境\n4.家族史：一二级亲属罹患脑动脉粥样硬化\n5.肥胖\n6.高同型半胱氨酸\n','','脑动脉粥样硬化','low','age>=45','dismatch','toGenerate','2016-06-13 04:24:23','2016-06-13 04:24:23',NULL),('83162a9b6ec04ecfaeb1cfc440bd02f9-low-7c77c03835cc41dda72c27028ecb7585','83162a9b6ec04ecfaeb1cfc440bd02f9','7c77c03835cc41dda72c27028ecb7585',' 中华医学会外科学分会胆道外科学组','','1.是否患有胆囊结石2.是否有胆囊慢性炎症3.是否有胆囊息肉4.是否存在胆胰管汇合异常5.家族史：胆囊癌及胆囊结石家族史6.是否有胆道系统感染7.是否肥胖，是否有糖尿病8.','','胆囊癌','low','age>=50','dismatch','toGenerate','2016-06-13 04:24:23','2016-06-13 04:24:23',NULL),('83162a9b6ec04ecfaeb1cfc440bd02f9-low-89932374522c4cc4979d2c1206949377','83162a9b6ec04ecfaeb1cfc440bd02f9','89932374522c4cc4979d2c1206949377','中华医学会内分泌学分会(CSE,Chinese Society of Endocrinology)','','成年人 (>18岁)具有下列任何一个及以上的糖尿病高危因素，可定义为糖尿病高危人群：\r\n\r\n(1)年龄≥40岁；\r\n\r\n(2)既往有糖尿病前期病史；\r\n\r\n(3)超重、肥胖 (体重指数≥24 kg/m2)，男性腰围≥90cm,女性腰围≥85cm；\r\n\r\n(4)静坐的生活方式；\r\n\r\n(5)一级亲属中有2型糖尿病家族史；\r\n\r\n(6)有巨大儿 (出生体重≥4 kg)生产史，妊娠期显性糖尿病或妊娠糖尿病病史的妇女；\r\n\r\n(7)高血压 [收缩压≥140 mmHg (1mmHg=0.133kPa)和(或)舒张压≥90 mmHg]或正在接受降压治疗；\r\n\r\n(8)血脂异常(高密度脂蛋白胆固醇≤0.91mmol/L及甘油三酯≥2.22mmol/L，或正在接受调脂治疗)；\r\n\r\n(9)动脉粥样硬化性CCVD患者；\r\n\r\n(10)有一过性类固醇性糖尿病病史者；\r\n\r\n(11)多囊卵巢综合征患者；\r\n\r\n(12)严重精神病和 (或)长期接受抗抑郁症药物治疗的患者。','','成人2型糖尿病','low','age>=40','dismatch','toGenerate','2016-06-13 04:24:23','2016-06-13 04:24:23',NULL),('83162a9b6ec04ecfaeb1cfc440bd02f9-low-8a2b68cc6b054aa7a40b5763f14cec28','83162a9b6ec04ecfaeb1cfc440bd02f9','8a2b68cc6b054aa7a40b5763f14cec28','美国妇产科医师学会(ACOG,American College of Obstetricians and Gynecologists)','','1.人乳头瘤病毒感染；2.过早性生活；3.多个性伙伴；4.多产；5.丈夫婚外性行为；6.阴茎癌；7.社会经济条件差；8.营养不良；9.吸烟','21-29岁','宫颈癌','low','age>=21 and age<=29 and tag_hasSexBehavior=true','dismatch','toGenerate','2016-06-13 04:24:23','2016-06-13 04:24:23',NULL),('83162a9b6ec04ecfaeb1cfc440bd02f9-low-9a1bac66a1b640c2b1e106ecd37797e9','83162a9b6ec04ecfaeb1cfc440bd02f9','9a1bac66a1b640c2b1e106ecd37797e9',' 美国国家综合癌症网络(NCCN,National Comprehensive Cancer Network)','','1.年龄\r\n2.是否有肝硬化\r\n3.饮酒\r\n4.乙型肝炎病毒感染\r\n5.丙型肝炎病毒感染\r\n6.非酒精性脂肪肝\r\n7.α1-抗胰蛋白酶缺乏症病史\r\n8.四期原发性胆汁性肝硬化病史\r\n9.遗传性血色病病史','普通人群不推荐','肝癌','low','1=0','dismatch','toGenerate','2016-06-13 04:24:23','2016-06-13 04:24:23',NULL),('83162a9b6ec04ecfaeb1cfc440bd02f9-low-a1ccc6a220a4465f964195c539c1d365','83162a9b6ec04ecfaeb1cfc440bd02f9','a1ccc6a220a4465f964195c539c1d365','中国癌症筛查及早诊早治技术方案 人民卫生出版社','','1.地区：高发地区：鼻咽癌死亡率＞3/10万的地区（中国标化）：广东、广西、福建、湖南、江西\n2.家族史：有家族聚集倾向，一级亲属罹患过鼻咽癌的；\n3.喜食咸鱼、腌制食物的、长期接触甲醛的\n4.高镍环境（存疑）','','鼻咽癌','low','age>=30 and (locate(\'广东\',liveplace)>0 or locate(\'广西\',liveplace)>0 or locate(\'福建\',liveplace)>0 or locate(\'湖南\',liveplace)>0 or locate(\'江西\',liveplace)>0)','dismatch','toGenerate','2016-06-13 04:24:23','2016-06-13 04:24:23',NULL),('83162a9b6ec04ecfaeb1cfc440bd02f9-low-a26efd48e9484b22b8bf7477f7656630','83162a9b6ec04ecfaeb1cfc440bd02f9','a26efd48e9484b22b8bf7477f7656630','美国国家综合癌症网络(NCCN,National Comprehensive Cancer Network)','','1.年龄\r\n2.家族史（一级亲属罹患前列腺癌）','','前列腺癌','low','age>=45 and sex=\'男\'','dismatch','toGenerate','2016-06-13 04:24:23','2016-06-13 04:24:23',NULL),('83162a9b6ec04ecfaeb1cfc440bd02f9-low-a5c0a4318fb547c7bcf015480b2ca8c4','83162a9b6ec04ecfaeb1cfc440bd02f9','a5c0a4318fb547c7bcf015480b2ca8c4',' 中国抗癌协会乳腺癌专业委员会(CACA-CBCS,Chinese Anti-Cancer Association, Committee of Breast Cancer Society)','','确定性因素：1.年龄；2.性别；3.绝经后体重增加 BMI≥30kg/m2或增加10公斤；4.高身材，身高大于175cm；5.雌激素水平（高内源性雌激素水平）；6.骨密度（升高者发病率升高）；7.良性乳腺疾病史；8.长期使用外源性雌激素；9.初潮较早或绝经较晚；10.未产妇及首次初产年龄大于等于35岁；11.乳腺癌个人史；12.一级亲属罹患乳腺癌；13.饮酒；14.吸烟；15.夜班工作；16.暴露于治疗性电离辐射；17.是否哺乳；18.大豆/植物雌激素应用；19.体育锻炼；\n不确定性因素：未录入','无','乳腺癌','low','sex=\'女\' and (height>175 or height/weight/weight*10000>=24)','dismatch','toGenerate','2016-06-13 04:24:23','2016-06-13 04:24:23',NULL),('83162a9b6ec04ecfaeb1cfc440bd02f9-low-aa5f7b61e93f4c0a8639e2b2d8b3a933','83162a9b6ec04ecfaeb1cfc440bd02f9','aa5f7b61e93f4c0a8639e2b2d8b3a933','中华医学会外科学分会胰腺外科学组','','1.年龄；2.家族史；3.60岁以上突发糖尿病；4.慢性胰腺炎病史；5.吸烟；6.饮酒；7.肥胖；8.远端胃大部切除术病史（时间大于20年）；9.接触萘胺及苯类化合物者\r\n前驱症状：消化不良、恶性、脂肪泻、黄疸、疼痛、体重减轻','','胰腺癌','low','age>=40 and (tag_smoke_age>10 or height/weight/weight*10000>24)','dismatch','toGenerate','2016-06-13 04:24:23','2016-06-13 04:24:23',NULL),('83162a9b6ec04ecfaeb1cfc440bd02f9-low-ae6bcb0679ba4b7f83ec6aca09757dd6','83162a9b6ec04ecfaeb1cfc440bd02f9','ae6bcb0679ba4b7f83ec6aca09757dd6',' 中华人民共和国国家卫生和计划生育委员会(NHFPC,National Health and Family Planning Commission of China)','','1.高血压史（≥140/90 mmHg）或正在服用降压药物 \n2.房颤和（或）心脏瓣膜病等心脏病\n3.吸烟\n4.血脂异常\n5.糖尿病\n6.BMI大于26\n7.很少进行体育活动\n8.有卒中家族史','','颈动脉狭窄','low','locate(\'高血压\',sufferedDiseases)>0 or locate(\'房颤\',sufferedDiseases)>0 or locate(\'心脏\',sufferedDiseases)>0 or locate(\'糖尿病\',sufferedDiseases)>0 or tag_smoke_style!=\'no\'','match','toRelease','2016-06-13 04:24:23','2016-06-13 04:24:23',NULL),('83162a9b6ec04ecfaeb1cfc440bd02f9-low-b324470469f449a883059bebbc195bea','83162a9b6ec04ecfaeb1cfc440bd02f9','b324470469f449a883059bebbc195bea',' 中华医学会内镜学分会(CSDE,Chinese Society of Digestive Endoscopy) 中国抗癌协会(Chinese Anti-cancer Association) 中国抗癌协会肿瘤内镜专业委员会','','1.性别：\n2.年龄\n3.饮食：加盐腌制蔬菜或烟熏肉和鱼。\n4.吸烟\n5.治疗：接受过胃部手术。\n6.癌前疾病：慢性萎缩性胃炎、胃溃疡、胃息肉。\n7.家族肿瘤疾病史：包括家族胃癌史，遗传性非息肉性肠癌，家族性腺瘤性息肉等遗传性疾病等。\n8.恶性贫血。\n9.肥胖：超过正常体重20～25公斤\n10.经济状况：经济较差的地区，胃癌的发病率较高。\n11.是否有贫血、消瘦、消化道出血、呕吐、上腹部不适、上腹部肿块.来源:2013卫计委胃癌规范化诊疗指南（试行）','  男女不限，年龄大于等于40岁，满足一下任意一条：\n1.胃癌高发地区人群\n2.幽门螺旋杆菌感染感染\n3.既往患有慢性萎缩性胃炎等胃癌癌前病变\n4.一级亲属罹患胃癌\n5.存在胃癌其它高危因素（吸烟、重度饮酒、高盐、腌制饮食等）\n检查需同时进行','胃癌','low','age>=40 and (locate(\'幽门螺旋杆菌阳性\',sufferedDiseases)>0 or locate(\'salty\',tag_foodStyle)>0 or locate(\'smoked\',tag_foodStyle)>0 or locate(\'cured\',tag_foodStyle)>0 or tag_smoke_age>1 or locate(\'胃\',sufferedDiseases)>0 or locate(\'胃癌\',inheritDiseases)>0 or locate(\'腺瘤\',inheritDiseases)>0 or locate(\'肠癌\',inheritDiseases)>0)','dismatch','toGenerate','2016-06-13 04:24:23','2016-06-13 04:24:23',NULL),('83162a9b6ec04ecfaeb1cfc440bd02f9-low-e00f9b2d6bee4dc7aeb0d821f8ac068d','83162a9b6ec04ecfaeb1cfc440bd02f9','e00f9b2d6bee4dc7aeb0d821f8ac068d','中华医学会消化内镜学分会消化系早癌内镜诊断与治疗协作组,中华医学会消化病学分会消化道肿瘤协作组,中华医学会消化病学分会消化病理学组','','将55～74岁的一般风险人群、40～74岁的高风险人群以及家族史不详的人群作为内镜筛查的目标人群。\n①长期居住于食管鳞癌高发区；②一级亲属有食管鳞癌病史；③既往有食管病变史(食管上皮内瘤变)；④本人有癌症史；⑤长期吸烟史；⑥长期饮酒史；⑦有不良饮食习惯如进食快、热烫饮食、高盐饮食、进食腌菜者。','一般风险人群：无上述任意1条者。（鉴于现有国际国内指南均未推荐筛查频率，本项目拟定胃癌筛查频率进行）','食管癌','low','age>=40 and age<=74 and (locate(\'fast\',tag_foodStyle)>0 or locate(\'hot\',tag_foodStyle)>0 or locate(\'salty\',tag_foodStyle)>0)','dismatch','toGenerate','2016-06-13 04:24:23','2016-06-13 04:24:23',NULL),('837c19fac11e412f9b93e090669a75cb-high-07e68dd1ea5f4f549eb813f80ca0a7b5','837c19fac11e412f9b93e090669a75cb','07e68dd1ea5f4f549eb813f80ca0a7b5',' 中华人民共和国卫生部(MINISTRY OF HEALTH OF THE PEOPLE`S REPUBLIC OF CHINA)','','年龄\r\n备注：包含牙周疾病及口腔癌等','大于60岁，半年一次','龋齿','high','age>=60','dismatch','toGenerate','2016-06-13 04:24:23','2016-06-18 10:45:08',NULL),('837c19fac11e412f9b93e090669a75cb-high-1cfc1f8ff2dc4049b2422177cd3b9040','837c19fac11e412f9b93e090669a75cb','1cfc1f8ff2dc4049b2422177cd3b9040',' 美国国家综合癌症网络(NCCN,National Comprehensive Cancer Network)','','1.吸烟史\n2.氡暴露史\n3.职业暴露：砒霜、铬、石棉、镍、镉、铍、硅、柴油烟雾（吸烟可以叠加）\n4.一级亲属罹患肺癌\n5.COPD及肺纤维化病史\n6.报警症状','或年龄大于50岁，并且吸烟指数大于20支.年，或包含任意一条危险因素（见关注因素）','肺癌','high','age>50 and tag_smoke_quantity>=20','dismatch','toGenerate','2016-06-13 04:24:23','2016-06-18 10:45:08',NULL),('837c19fac11e412f9b93e090669a75cb-high-365153d2e9e44bf0a15ec2fb25c97c31','837c19fac11e412f9b93e090669a75cb','365153d2e9e44bf0a15ec2fb25c97c31',' 美国预防医学工作组(USPSTF,U.S. Preventive Services Task Force)','','1.性别\r\n2.年龄\r\n3.吸烟\r\n4.家族史（一级亲属罹患腹主动脉瘤）\r\n5.既往史（既往被诊断：血管瘤、心、脑血管疾病、动脉粥样硬化、高胆固醇血症、肥胖和高血压）','男性\r\n吸烟超过100只\r\n年龄大于65岁','腹主动脉瘤','high','sex=\'男\' and age>=65 and tag_smoke_style!=\'no\'','pending','toGenerate','2016-06-13 04:24:23','2016-06-18 10:45:08',NULL),('837c19fac11e412f9b93e090669a75cb-high-3841703bd931482fb3bc425b4178b813','837c19fac11e412f9b93e090669a75cb','3841703bd931482fb3bc425b4178b813',' 中华医学会内镜学分会(CSDE,Chinese Society of Digestive Endoscopy) 中华医学会消化病学分会(CSGE,Chinese Society Of Gastroenterology)','','1.年龄\r\n2.结直肠腺瘤、锯齿状息肉及结直肠癌病史\r\n3.非特异性肠炎病史\r\n4.阳性家族史（Lynch综合征病史、多发性错构瘤综合征病史等）\r\n5.大便隐血实验结果\r\n6.具有以下两项及两项以上者：①慢性便秘；②黏液血便；③慢性腹泻；④慢性阑尾炎或阑尾切除史；⑤精神刺激史；⑥体重指数 (BMI) ＞28 kg/m2；⑦吸烟指数大于400只/年；慢性胆囊炎及胆囊切除史；慢性便秘指近2年来便秘每年在2个月以上','1.有便血、黑便、体重减轻、贫血等报警症状的人群\n2.大于50岁，包含：结直肠腺瘤、锯齿状息肉及结直肠癌病史；非特异性肠炎病史；阳性家族史（Lynch综合征病史、多发性错构瘤综合征病史等）可以理解为一级亲属有结直肠癌病史；大便隐血实验结果阳性；具有以下两项及两项以上者：①慢性便秘；②黏液血便；③慢性腹泻；④慢性阑尾炎或阑尾切除史；⑤精神刺激史；⑥体重指数 (BMI) ＞28 kg/m2；⑦吸烟指数大于400只/年；慢性胆囊炎及胆囊切除史；慢性便秘指近2年来便秘每年在2个月以上','结直肠癌','high','age>=50 and (tag_smoke_quantity>1 or weight/height/height*10000>28)','pending','toGenerate','2016-06-13 04:24:23','2016-06-18 10:45:08',NULL),('837c19fac11e412f9b93e090669a75cb-high-3d1776a7aa894ceca869b38cbc5245fe','837c19fac11e412f9b93e090669a75cb','3d1776a7aa894ceca869b38cbc5245fe',' 中华人民共和国卫生部(MINISTRY OF HEALTH OF THE PEOPLE`S REPUBLIC OF CHINA)','','年龄','年龄大于等于60岁','牙周病','high','age>=60','pending','toGenerate','2016-06-13 04:24:23','2016-06-18 10:45:08',NULL),('837c19fac11e412f9b93e090669a75cb-high-40c2f59a7b2c4b50937da37b2b9f7919','837c19fac11e412f9b93e090669a75cb','40c2f59a7b2c4b50937da37b2b9f7919',' 中华医学会心血管病学分会(Chinese Society of Cardiology)','','既往史：先天性心脏病、结缔组织病、HIV感染、减肥药物治疗史、肝病及贫血\n个人史：职业解除如印刷厂或加油站工人接触油类物品、HIV感染、男-男同性恋、吸毒及染发剂接触	婚育史：女性是否有习惯性流产、男性需了解直系女性亲属是否有习惯性流产	\n家族史：是否有诊断肺动脉高压或先心病史\n','既往史：先天性心脏病、结缔组织病、HIV感染、减肥药物治疗史、肝病及贫血\n个人史：职业解除如印刷厂或加油站工人接触油类物品、HIV感染、男-男同性恋、吸毒及染发剂接触	婚育史：女性是否有习惯性流产、男性需了解直系女性亲属是否有习惯性流产	\n家族史：是否有诊断肺动脉高压或先心病史\n胸部影像学检测提示有右心脏增大及肺动脉增粗表现\n如有非特异性临床表现和体征可更考虑疑诊','肺动脉高压','high','(locate(\'先天性心脏病\',sufferedDiseases)>0 or locate(\'HIV感染\',sufferedDiseases)>0 or locate(\'肝病\',sufferedDiseases)>0 or locate(\'贫血\',sufferedDiseases)>0 or locate(\'结缔组织病\',sufferedDiseases)>0 or locate(\'先天性心脏病\',inheritDiseases)>0)','pending','toGenerate','2016-06-13 04:24:23','2016-06-18 10:45:08',NULL),('837c19fac11e412f9b93e090669a75cb-high-54cf2c7cb40c4d538f700e731894495e','837c19fac11e412f9b93e090669a75cb','54cf2c7cb40c4d538f700e731894495e',' 中华人民共和国国家卫生和计划生育委员会(NHFPC,National Health and Family Planning Commission of China)','','HCV感染高危人群，包括： \r\na) 有静脉药瘾史者； \r\nb) 有职业或其他原因（纹身、穿孔、针灸等）所致的针刺伤史者； \r\nc) 有医源性暴露史，包括手术、透析、不洁口腔诊疗操作、器官或组织移植者； \r\nd） 有高危性行为史，如多个性伴、男男同性恋者； \r\ne) HCV感染者的性伴及家庭成员； \r\nf) HIV感染者及其性伴； \r\ng) HCV感染母亲所生的子女； \r\nh) 破损皮肤和赫膜被HCV感染者血液污染者； \r\ni) 有输血或应用血液制品史者（主要是1993年前有过输血或应用血制品者） \r\nj) 1996年前的供血浆者。 ','HCV感染高危人群，包括： \na) 有静脉药瘾史者； \nb) 有职业或其他原因（纹身、穿孔、针灸等）所致的针刺伤史者； \nc) 有医源性暴露史，包括手术、透析、不洁口腔诊疗操作、器官或组织移植者； \nd） 有高危性行为史，如多个性伴、男男同性恋者； \ne) HCV感染者的性伴及家庭成员； \nf) HIV感染者及其性伴； \ng) HCV感染母亲所生的子女； \nh) 破损皮肤和赫膜被HCV感染者血液污染者； \ni) 有输血或应用血液制品史者（主要是1993年前有过输血或应用血制品者） \nj) 1996年前的供血浆者。 ','丙型病毒性肝炎','high','tag_sexHomosex=true or tag_sexBehaviorStyle=\'highrisk\' or locate(\'HCV\',inheritDiseases)>0','pending','toGenerate','2016-06-13 04:24:23','2016-06-18 10:45:08',NULL),('837c19fac11e412f9b93e090669a75cb-high-56f55df13386472c98df5a082a3ec9ae','837c19fac11e412f9b93e090669a75cb','56f55df13386472c98df5a082a3ec9ae',' 美国预防医学工作组(USPSTF,U.S. Preventive Services Task Force)','','1.血压在正常高值者（130-139/85-89 mmHg）\r\n2.BMI大于24\r\n3.腹型肥胖：男性腰围大于90cm，女性大于85cm\r\n4.家族史（一、二级亲属罹患高血压）\r\n5.长期高盐饮食\r\n6.长期饮酒，日均大于等于100ml（2两）\r\n来源于（中国高血压基层管理指南（2014年修订版））','≥40岁的成人，血压在正常高值者（130-139/85-89 mmHg）、超重或肥胖者。','高血压','high','age>=40 and weight/height/height*10000>=24','pending','toGenerate','2016-06-13 04:24:23','2016-06-18 10:45:08',NULL),('837c19fac11e412f9b93e090669a75cb-high-68db0e163064409286056fe21f7f27ad','837c19fac11e412f9b93e090669a75cb','68db0e163064409286056fe21f7f27ad',' 北京市脑卒中诊疗质量控制与改进中心','','1.脂代谢异常\n2.高血压、糖尿\n3.吸烟及吸烟环境\n4.家族史：一二级亲属罹患脑动脉粥样硬化\n5.肥胖\n6.高同型半胱氨酸\n','大于45岁，包含一下一项或以上：1.高胆固醇或高甘油三酯血症；2.高血压；3.糖尿病；4.吸烟；5.家族史；6.大量饮酒；7.肥胖及不良饮食习惯（高热量、高脂肪）；8.缺乏规律有氧运动；9.被诊断高同型半胱氨酸','脑动脉粥样硬化','high','age>=45 and (locate(\'高血压\',sufferedDiseases)>0 or locate(\'糖尿病\',sufferedDiseases)>0 or locate(\'脑动脉粥样硬化\',inheritDiseases)>0)','pending','toGenerate','2016-06-13 04:24:23','2016-06-18 10:45:08',NULL),('837c19fac11e412f9b93e090669a75cb-high-7c77c03835cc41dda72c27028ecb7585','837c19fac11e412f9b93e090669a75cb','7c77c03835cc41dda72c27028ecb7585',' 中华医学会外科学分会胆道外科学组','','1.是否患有胆囊结石2.是否有胆囊慢性炎症3.是否有胆囊息肉4.是否存在胆胰管汇合异常5.家族史：胆囊癌及胆囊结石家族史6.是否有胆道系统感染7.是否肥胖，是否有糖尿病8.','(1)胆囊息肉；(2)年龄超过50岁，特别是女性；(3)肥胖症；(4)有胆石症或胆囊癌家族史。','胆囊癌','high','locate(\'胆囊息肉\',sufferedDiseases)>0 or (age>=50 and sex=\'女\') or locate(\'肥胖\',sufferedDiseases)>0 or locate(\'胆结石\',inheritDiseases)>0 or locate(\'胆囊癌\',inheritDiseases)>0','pending','toGenerate','2016-06-13 04:24:23','2016-06-18 10:45:08',NULL),('837c19fac11e412f9b93e090669a75cb-high-89932374522c4cc4979d2c1206949377','837c19fac11e412f9b93e090669a75cb','89932374522c4cc4979d2c1206949377','中华医学会内分泌学分会(CSE,Chinese Society of Endocrinology)','','成年人 (>18岁)具有下列任何一个及以上的糖尿病高危因素，可定义为糖尿病高危人群：\r\n\r\n(1)年龄≥40岁；\r\n\r\n(2)既往有糖尿病前期病史；\r\n\r\n(3)超重、肥胖 (体重指数≥24 kg/m2)，男性腰围≥90cm,女性腰围≥85cm；\r\n\r\n(4)静坐的生活方式；\r\n\r\n(5)一级亲属中有2型糖尿病家族史；\r\n\r\n(6)有巨大儿 (出生体重≥4 kg)生产史，妊娠期显性糖尿病或妊娠糖尿病病史的妇女；\r\n\r\n(7)高血压 [收缩压≥140 mmHg (1mmHg=0.133kPa)和(或)舒张压≥90 mmHg]或正在接受降压治疗；\r\n\r\n(8)血脂异常(高密度脂蛋白胆固醇≤0.91mmol/L及甘油三酯≥2.22mmol/L，或正在接受调脂治疗)；\r\n\r\n(9)动脉粥样硬化性CCVD患者；\r\n\r\n(10)有一过性类固醇性糖尿病病史者；\r\n\r\n(11)多囊卵巢综合征患者；\r\n\r\n(12)严重精神病和 (或)长期接受抗抑郁症药物治疗的患者。','成年人 (>18岁)具有下列任何一个及以上的糖尿病高危因素，可定义为糖尿病高危人群：\n\n(1)年龄≥40岁；\n\n(2)既往有糖尿病前期病史；\n\n(3)超重、肥胖 (体重指数≥24 kg/m2)，男性腰围≥90cm,女性腰围≥85cm；\n\n(4)静坐的生活方式；\n\n(5)一级亲属中有2型糖尿病家族史；\n\n(6)有巨大儿 (出生体重≥4 kg)生产史，妊娠期显性糖尿病或妊娠糖尿病病史的妇女；\n\n(7)高血压 [收缩压≥140 mmHg (1mmHg=0.133kPa)和(或)舒张压≥90 mmHg]或正在接受降压治疗；\n\n(8)血脂异常(高密度脂蛋白胆固醇≤0.91mmol/L及甘油三酯≥2.22mmol/L，或正在接受调脂治疗)；\n\n(9)动脉粥样硬化性CCVD患者；\n\n(10)有一过性类固醇性糖尿病病史者；\n\n(11)多囊卵巢综合征患者；\n\n(12)严重精神病和 (或)长期接受抗抑郁症药物治疗的患者。','成人2型糖尿病','high','age>=40 and (weight/height/height*10000>=24 or  locate(\'糖尿病\',inheritDiseases)>0 or locate(\'动脉粥样硬化\',sufferedDiseases)>0 or locate(\'一过性类固醇糖尿病\',sufferedDiseases)>0 or locate(\'多囊卵巢综合症\',sufferedDiseases))','pending','toGenerate','2016-06-13 04:24:23','2016-06-18 10:45:08',NULL),('837c19fac11e412f9b93e090669a75cb-high-8a2b68cc6b054aa7a40b5763f14cec28','837c19fac11e412f9b93e090669a75cb','8a2b68cc6b054aa7a40b5763f14cec28','美国妇产科医师学会(ACOG,American College of Obstetricians and Gynecologists)','','1.人乳头瘤病毒感染；2.过早性生活；3.多个性伙伴；4.多产；5.丈夫婚外性行为；6.阴茎癌；7.社会经济条件差；8.营养不良；9.吸烟','1.大于等于21岁\r\n2.有性行为','宫颈癌','high','age>=21 and tag_hasSexBehavior=true and (tag_sexParterners>1 or tag_sexBehaviorStyle=\'highrisk\')','pending','toGenerate','2016-06-13 04:24:23','2016-06-18 10:45:08',NULL),('837c19fac11e412f9b93e090669a75cb-high-9a1bac66a1b640c2b1e106ecd37797e9','837c19fac11e412f9b93e090669a75cb','9a1bac66a1b640c2b1e106ecd37797e9',' 美国国家综合癌症网络(NCCN,National Comprehensive Cancer Network)','','1.年龄\r\n2.是否有肝硬化\r\n3.饮酒\r\n4.乙型肝炎病毒感染\r\n5.丙型肝炎病毒感染\r\n6.非酒精性脂肪肝\r\n7.α1-抗胰蛋白酶缺乏症病史\r\n8.四期原发性胆汁性肝硬化病史\r\n9.遗传性血色病病史','1.各种原因导致的肝硬化患者\r\n2.乙肝携带者，男性大于等于40岁，女性大于等于50岁','肝癌','high','((age>=40 and sex=\'男\') or (age>=50 and sex=\'女\'))and locate(\'乙肝\',sufferedDiseases)>0','pending','toGenerate','2016-06-13 04:24:23','2016-06-18 10:45:08',NULL),('837c19fac11e412f9b93e090669a75cb-high-a1ccc6a220a4465f964195c539c1d365','837c19fac11e412f9b93e090669a75cb','a1ccc6a220a4465f964195c539c1d365','中国癌症筛查及早诊早治技术方案 人民卫生出版社','','1.地区：高发地区：鼻咽癌死亡率＞3/10万的地区（中国标化）：广东、广西、福建、湖南、江西\n2.家族史：有家族聚集倾向，一级亲属罹患过鼻咽癌的；\n3.喜食咸鱼、腌制食物的、长期接触甲醛的\n4.高镍环境（存疑）','满足2和或3-4 条\r\n年龄大于等于30岁','鼻咽癌','high','age>=30 and (locate(\'鼻咽癌\',inheritDiseases)>0 or locate(\'salty\',tag_foodStyle)>0)','pending','toGenerate','2016-06-13 04:24:23','2016-06-18 10:45:08',NULL),('837c19fac11e412f9b93e090669a75cb-high-a26efd48e9484b22b8bf7477f7656630','837c19fac11e412f9b93e090669a75cb','a26efd48e9484b22b8bf7477f7656630','美国国家综合癌症网络(NCCN,National Comprehensive Cancer Network)','','1.年龄\r\n2.家族史（一级亲属罹患前列腺癌）','年龄大于等于45岁','前列腺癌','high','age>=45 and sex=\'男\' and locate(\'前列腺癌\',inheritDiseases)>0','dismatch','toGenerate','2016-06-13 04:24:23','2016-06-18 10:45:08',NULL),('837c19fac11e412f9b93e090669a75cb-high-a5c0a4318fb547c7bcf015480b2ca8c4','837c19fac11e412f9b93e090669a75cb','a5c0a4318fb547c7bcf015480b2ca8c4',' 中国抗癌协会乳腺癌专业委员会(CACA-CBCS,Chinese Anti-Cancer Association, Committee of Breast Cancer Society)','','确定性因素：1.年龄；2.性别；3.绝经后体重增加 BMI≥30kg/m2或增加10公斤；4.高身材，身高大于175cm；5.雌激素水平（高内源性雌激素水平）；6.骨密度（升高者发病率升高）；7.良性乳腺疾病史；8.长期使用外源性雌激素；9.初潮较早或绝经较晚；10.未产妇及首次初产年龄大于等于35岁；11.乳腺癌个人史；12.一级亲属罹患乳腺癌；13.饮酒；14.吸烟；15.夜班工作；16.暴露于治疗性电离辐射；17.是否哺乳；18.大豆/植物雌激素应用；19.体育锻炼；\n不确定性因素：未录入','1.有明显的乳腺癌遗传倾向者\r\n2.既往有乳腺良恶性疾病患者\r\n3.既往行胸部放疗','乳腺癌','high','sex=\'女\' and (locate(\'乳腺\',sufferedDiseases)>0 or locate(\'乳腺\',inheritDiseases)>0 or height>175 or height/weight/weight*10000>=24)','pending','toGenerate','2016-06-13 04:24:23','2016-06-18 10:45:08',NULL),('837c19fac11e412f9b93e090669a75cb-high-aa5f7b61e93f4c0a8639e2b2d8b3a933','837c19fac11e412f9b93e090669a75cb','aa5f7b61e93f4c0a8639e2b2d8b3a933','中华医学会外科学分会胰腺外科学组','','1.年龄；2.家族史；3.60岁以上突发糖尿病；4.慢性胰腺炎病史；5.吸烟；6.饮酒；7.肥胖；8.远端胃大部切除术病史（时间大于20年）；9.接触萘胺及苯类化合物者\r\n前驱症状：消化不良、恶性、脂肪泻、黄疸、疼痛、体重减轻','1.年龄大于40岁，有非特异性上腹部不适症状；\n2.一级亲属有罹患胰腺癌\n3.年龄大于60岁，突发糖尿病，缺乏家族史，低体重指数，很快形成胰岛素抵抗\n4.慢性胰腺炎病史：特别是遗传性胰腺炎病史\n5.良性病变行远端胃大部切除术者，特别是术后20年以上人群\n6.导管内乳头状粘液瘤患者\n7.FAP 家族性腺瘤息肉病患者\n8.长期吸烟\n9.大量饮酒\n10.体重超重\n11.黑斑息肉综合征病史\n12.家族性恶性黑色素瘤病史','胰腺癌','high','(age>=40 and locate(\'胰腺癌\',inheritDiseases)>0 or locate(\'胰腺\',sufferedDiseases)>0) or (locate(\'突发性糖尿病\',sufferedDiseases)>0 and age>=60)','pending','toGenerate','2016-06-13 04:24:23','2016-06-18 10:45:08',NULL),('837c19fac11e412f9b93e090669a75cb-high-ae6bcb0679ba4b7f83ec6aca09757dd6','837c19fac11e412f9b93e090669a75cb','ae6bcb0679ba4b7f83ec6aca09757dd6',' 中华人民共和国国家卫生和计划生育委员会(NHFPC,National Health and Family Planning Commission of China)','','1.高血压史（≥140/90 mmHg）或正在服用降压药物 \n2.房颤和（或）心脏瓣膜病等心脏病\n3.吸烟\n4.血脂异常\n5.糖尿病\n6.BMI大于26\n7.很少进行体育活动\n8.有卒中家族史','1.以上8条满足3条\r\n2.既往有缺血性脑卒中病史或短暂性脑缺血发作病史','颈动脉狭窄','high','(locate(\'高血压\',sufferedDiseases)>0 or locate(\'房颤\',sufferedDiseases)>0 or locate(\'心脏\',sufferedDiseases)>0 or locate(\'糖尿病\',sufferedDiseases)>0 or tag_smoke_style!=\'no\') and (locate(\'脑卒中\',sufferedDiseases)>0 or locate(\'脑缺血\',sufferedDiseases)>0)','pending','toGenerate','2016-06-13 04:24:23','2016-06-18 10:45:08',NULL),('837c19fac11e412f9b93e090669a75cb-high-b324470469f449a883059bebbc195bea','837c19fac11e412f9b93e090669a75cb','b324470469f449a883059bebbc195bea',' 中华医学会内镜学分会(CSDE,Chinese Society of Digestive Endoscopy) 中国抗癌协会(Chinese Anti-cancer Association) 中国抗癌协会肿瘤内镜专业委员会','','1.性别：\n2.年龄\n3.饮食：加盐腌制蔬菜或烟熏肉和鱼。\n4.吸烟\n5.治疗：接受过胃部手术。\n6.癌前疾病：慢性萎缩性胃炎、胃溃疡、胃息肉。\n7.家族肿瘤疾病史：包括家族胃癌史，遗传性非息肉性肠癌，家族性腺瘤性息肉等遗传性疾病等。\n8.恶性贫血。\n9.肥胖：超过正常体重20～25公斤\n10.经济状况：经济较差的地区，胃癌的发病率较高。\n11.是否有贫血、消瘦、消化道出血、呕吐、上腹部不适、上腹部肿块.来源:2013卫计委胃癌规范化诊疗指南（试行）','1.幽门螺旋杆菌+，萎缩性胃炎-\n2.幽门螺旋杆菌+，萎缩性胃炎+\n3.幽门螺旋杆菌-，萎缩性胃炎-\n4.幽门螺旋杆菌-，萎缩性胃炎-按照一般人群处理','胃癌','high','locate(\'幽门螺旋杆菌阳性\',sufferedDiseases)>0 and (locate(\'salty\',tag_foodStyle)>0 or locate(\'smoked\',tag_foodStyle)>0 or locate(\'cured\',tag_foodStyle)>0 or tag_smoke_age>1 or locate(\'胃\',sufferedDiseases)>0 or locate(\'胃癌\',inheritDiseases)>0 or locate(\'腺瘤\',inheritDiseases)>0 or locate(\'肠癌\',inheritDiseases)>0)','dismatch','toGenerate','2016-06-13 04:24:23','2016-06-18 10:45:08',NULL),('837c19fac11e412f9b93e090669a75cb-high-e00f9b2d6bee4dc7aeb0d821f8ac068d','837c19fac11e412f9b93e090669a75cb','e00f9b2d6bee4dc7aeb0d821f8ac068d','中华医学会消化内镜学分会消化系早癌内镜诊断与治疗协作组,中华医学会消化病学分会消化道肿瘤协作组,中华医学会消化病学分会消化病理学组','','将55～74岁的一般风险人群、40～74岁的高风险人群以及家族史不详的人群作为内镜筛查的目标人群。\n①长期居住于食管鳞癌高发区；②一级亲属有食管鳞癌病史；③既往有食管病变史(食管上皮内瘤变)；④本人有癌症史；⑤长期吸烟史；⑥长期饮酒史；⑦有不良饮食习惯如进食快、热烫饮食、高盐饮食、进食腌菜者。','有以上任意1条者视为高危人群（鉴于现有国际国内指南均未推荐筛查频率，本项目拟定胃癌筛查频率进行）','食管癌','high','age>=55 and age<=74 and (locate(\'食管鳞癌\',inheritDiseases)>0  or locate(\'食管\',sufferedDiseases)>0 or locate(\'癌\',sufferedDiseases)>0 or tag_smoke_age>=10 or locate(\'fast\',tag_foodStyle)>0 or locate(\'hot\',tag_foodStyle)>0 or locate(\'salty\',tag_foodStyle)>0)','pending','toGenerate','2016-06-13 04:24:23','2016-06-18 10:45:08',NULL),('837c19fac11e412f9b93e090669a75cb-low-07e68dd1ea5f4f549eb813f80ca0a7b5','837c19fac11e412f9b93e090669a75cb','07e68dd1ea5f4f549eb813f80ca0a7b5',' 中华人民共和国卫生部(MINISTRY OF HEALTH OF THE PEOPLE`S REPUBLIC OF CHINA)','','年龄\r\n备注：包含牙周疾病及口腔癌等','大于18岁小于60岁，每年一次','龋齿','low','age>=18 and age<60','done','toRelease','2016-06-13 04:24:23','2016-06-18 10:45:08',NULL),('837c19fac11e412f9b93e090669a75cb-low-1cfc1f8ff2dc4049b2422177cd3b9040','837c19fac11e412f9b93e090669a75cb','1cfc1f8ff2dc4049b2422177cd3b9040',' 美国国家综合癌症网络(NCCN,National Comprehensive Cancer Network)','','1.吸烟史\n2.氡暴露史\n3.职业暴露：砒霜、铬、石棉、镍、镉、铍、硅、柴油烟雾（吸烟可以叠加）\n4.一级亲属罹患肺癌\n5.COPD及肺纤维化病史\n6.报警症状','年龄大于等于55岁，并且吸烟指数大于30支.年，戒烟时间小于15年','肺癌','low','age>=55 and tag_smoke_quantity>=30','pending','toGenerate','2016-06-13 04:24:23','2016-06-18 10:45:08',NULL),('837c19fac11e412f9b93e090669a75cb-low-365153d2e9e44bf0a15ec2fb25c97c31','837c19fac11e412f9b93e090669a75cb','365153d2e9e44bf0a15ec2fb25c97c31',' 美国预防医学工作组(USPSTF,U.S. Preventive Services Task Force)','','1.性别\r\n2.年龄\r\n3.吸烟\r\n4.家族史（一级亲属罹患腹主动脉瘤）\r\n5.既往史（既往被诊断：血管瘤、心、脑血管疾病、动脉粥样硬化、高胆固醇血症、肥胖和高血压）','未吸烟男性，但包含以上危险因素','腹主动脉瘤','low','sex=\'男\' and tag_smoke_style=\'low\'','pending','toGenerate','2016-06-13 04:24:23','2016-06-18 10:45:08',NULL),('837c19fac11e412f9b93e090669a75cb-low-3841703bd931482fb3bc425b4178b813','837c19fac11e412f9b93e090669a75cb','3841703bd931482fb3bc425b4178b813',' 中华医学会内镜学分会(CSDE,Chinese Society of Digestive Endoscopy) 中华医学会消化病学分会(CSGE,Chinese Society Of Gastroenterology)','','1.年龄\r\n2.结直肠腺瘤、锯齿状息肉及结直肠癌病史\r\n3.非特异性肠炎病史\r\n4.阳性家族史（Lynch综合征病史、多发性错构瘤综合征病史等）\r\n5.大便隐血实验结果\r\n6.具有以下两项及两项以上者：①慢性便秘；②黏液血便；③慢性腹泻；④慢性阑尾炎或阑尾切除史；⑤精神刺激史；⑥体重指数 (BMI) ＞28 kg/m2；⑦吸烟指数大于400只/年；慢性胆囊炎及胆囊切除史；慢性便秘指近2年来便秘每年在2个月以上','年龄大于等于50岁，无以上危险因素','结直肠癌','low','age>=50','dismatch','toGenerate','2016-06-13 04:24:23','2016-06-18 10:45:08',NULL),('837c19fac11e412f9b93e090669a75cb-low-3d1776a7aa894ceca869b38cbc5245fe','837c19fac11e412f9b93e090669a75cb','3d1776a7aa894ceca869b38cbc5245fe',' 中华人民共和国卫生部(MINISTRY OF HEALTH OF THE PEOPLE`S REPUBLIC OF CHINA)','','年龄','大于18岁，小于60岁','牙周病','low','age>18 and age<60','pending','toGenerate','2016-06-13 04:24:23','2016-06-18 10:45:08',NULL),('837c19fac11e412f9b93e090669a75cb-low-40c2f59a7b2c4b50937da37b2b9f7919','837c19fac11e412f9b93e090669a75cb','40c2f59a7b2c4b50937da37b2b9f7919',' 中华医学会心血管病学分会(Chinese Society of Cardiology)','','既往史：先天性心脏病、结缔组织病、HIV感染、减肥药物治疗史、肝病及贫血\n个人史：职业解除如印刷厂或加油站工人接触油类物品、HIV感染、男-男同性恋、吸毒及染发剂接触	婚育史：女性是否有习惯性流产、男性需了解直系女性亲属是否有习惯性流产	\n家族史：是否有诊断肺动脉高压或先心病史\n','','肺动脉高压','low','1=0','pending','toGenerate','2016-06-13 04:24:23','2016-06-18 10:45:08',NULL),('837c19fac11e412f9b93e090669a75cb-low-54cf2c7cb40c4d538f700e731894495e','837c19fac11e412f9b93e090669a75cb','54cf2c7cb40c4d538f700e731894495e',' 中华人民共和国国家卫生和计划生育委员会(NHFPC,National Health and Family Planning Commission of China)','','HCV感染高危人群，包括： \r\na) 有静脉药瘾史者； \r\nb) 有职业或其他原因（纹身、穿孔、针灸等）所致的针刺伤史者； \r\nc) 有医源性暴露史，包括手术、透析、不洁口腔诊疗操作、器官或组织移植者； \r\nd） 有高危性行为史，如多个性伴、男男同性恋者； \r\ne) HCV感染者的性伴及家庭成员； \r\nf) HIV感染者及其性伴； \r\ng) HCV感染母亲所生的子女； \r\nh) 破损皮肤和赫膜被HCV感染者血液污染者； \r\ni) 有输血或应用血液制品史者（主要是1993年前有过输血或应用血制品者） \r\nj) 1996年前的供血浆者。 ','持续性血液透析者','丙型病毒性肝炎','low','locate(\'血液透析\',sufferedDiseases)>0','pending','toGenerate','2016-06-13 04:24:23','2016-06-18 10:45:08',NULL),('837c19fac11e412f9b93e090669a75cb-low-56f55df13386472c98df5a082a3ec9ae','837c19fac11e412f9b93e090669a75cb','56f55df13386472c98df5a082a3ec9ae',' 美国预防医学工作组(USPSTF,U.S. Preventive Services Task Force)','','1.血压在正常高值者（130-139/85-89 mmHg）\r\n2.BMI大于24\r\n3.腹型肥胖：男性腰围大于90cm，女性大于85cm\r\n4.家族史（一、二级亲属罹患高血压）\r\n5.长期高盐饮食\r\n6.长期饮酒，日均大于等于100ml（2两）\r\n来源于（中国高血压基层管理指南（2014年修订版））','18-39岁、血压正常（<130/85 mmHg）且没有危险因素。','高血压','low','age>=18 and age<40 and weight/height/height*10000<24','pending','toGenerate','2016-06-13 04:24:23','2016-06-18 10:45:08',NULL),('837c19fac11e412f9b93e090669a75cb-low-68db0e163064409286056fe21f7f27ad','837c19fac11e412f9b93e090669a75cb','68db0e163064409286056fe21f7f27ad',' 北京市脑卒中诊疗质量控制与改进中心','','1.脂代谢异常\n2.高血压、糖尿\n3.吸烟及吸烟环境\n4.家族史：一二级亲属罹患脑动脉粥样硬化\n5.肥胖\n6.高同型半胱氨酸\n','','脑动脉粥样硬化','low','age>=45','pending','toGenerate','2016-06-13 04:24:23','2016-06-18 10:45:08',NULL),('837c19fac11e412f9b93e090669a75cb-low-7c77c03835cc41dda72c27028ecb7585','837c19fac11e412f9b93e090669a75cb','7c77c03835cc41dda72c27028ecb7585',' 中华医学会外科学分会胆道外科学组','','1.是否患有胆囊结石2.是否有胆囊慢性炎症3.是否有胆囊息肉4.是否存在胆胰管汇合异常5.家族史：胆囊癌及胆囊结石家族史6.是否有胆道系统感染7.是否肥胖，是否有糖尿病8.','','胆囊癌','low','age>=50','pending','toGenerate','2016-06-13 04:24:23','2016-06-18 10:45:08',NULL),('837c19fac11e412f9b93e090669a75cb-low-89932374522c4cc4979d2c1206949377','837c19fac11e412f9b93e090669a75cb','89932374522c4cc4979d2c1206949377','中华医学会内分泌学分会(CSE,Chinese Society of Endocrinology)','','成年人 (>18岁)具有下列任何一个及以上的糖尿病高危因素，可定义为糖尿病高危人群：\r\n\r\n(1)年龄≥40岁；\r\n\r\n(2)既往有糖尿病前期病史；\r\n\r\n(3)超重、肥胖 (体重指数≥24 kg/m2)，男性腰围≥90cm,女性腰围≥85cm；\r\n\r\n(4)静坐的生活方式；\r\n\r\n(5)一级亲属中有2型糖尿病家族史；\r\n\r\n(6)有巨大儿 (出生体重≥4 kg)生产史，妊娠期显性糖尿病或妊娠糖尿病病史的妇女；\r\n\r\n(7)高血压 [收缩压≥140 mmHg (1mmHg=0.133kPa)和(或)舒张压≥90 mmHg]或正在接受降压治疗；\r\n\r\n(8)血脂异常(高密度脂蛋白胆固醇≤0.91mmol/L及甘油三酯≥2.22mmol/L，或正在接受调脂治疗)；\r\n\r\n(9)动脉粥样硬化性CCVD患者；\r\n\r\n(10)有一过性类固醇性糖尿病病史者；\r\n\r\n(11)多囊卵巢综合征患者；\r\n\r\n(12)严重精神病和 (或)长期接受抗抑郁症药物治疗的患者。','','成人2型糖尿病','low','age>=40','pending','toGenerate','2016-06-13 04:24:23','2016-06-18 10:45:08',NULL),('837c19fac11e412f9b93e090669a75cb-low-8a2b68cc6b054aa7a40b5763f14cec28','837c19fac11e412f9b93e090669a75cb','8a2b68cc6b054aa7a40b5763f14cec28','美国妇产科医师学会(ACOG,American College of Obstetricians and Gynecologists)','','1.人乳头瘤病毒感染；2.过早性生活；3.多个性伙伴；4.多产；5.丈夫婚外性行为；6.阴茎癌；7.社会经济条件差；8.营养不良；9.吸烟','21-29岁','宫颈癌','low','age>=21 and age<=29 and tag_hasSexBehavior=true','pending','toGenerate','2016-06-13 04:24:23','2016-06-18 10:45:08',NULL),('837c19fac11e412f9b93e090669a75cb-low-9a1bac66a1b640c2b1e106ecd37797e9','837c19fac11e412f9b93e090669a75cb','9a1bac66a1b640c2b1e106ecd37797e9',' 美国国家综合癌症网络(NCCN,National Comprehensive Cancer Network)','','1.年龄\r\n2.是否有肝硬化\r\n3.饮酒\r\n4.乙型肝炎病毒感染\r\n5.丙型肝炎病毒感染\r\n6.非酒精性脂肪肝\r\n7.α1-抗胰蛋白酶缺乏症病史\r\n8.四期原发性胆汁性肝硬化病史\r\n9.遗传性血色病病史','普通人群不推荐','肝癌','low','1=0','pending','toGenerate','2016-06-13 04:24:23','2016-06-18 10:45:08',NULL),('837c19fac11e412f9b93e090669a75cb-low-a1ccc6a220a4465f964195c539c1d365','837c19fac11e412f9b93e090669a75cb','a1ccc6a220a4465f964195c539c1d365','中国癌症筛查及早诊早治技术方案 人民卫生出版社','','1.地区：高发地区：鼻咽癌死亡率＞3/10万的地区（中国标化）：广东、广西、福建、湖南、江西\n2.家族史：有家族聚集倾向，一级亲属罹患过鼻咽癌的；\n3.喜食咸鱼、腌制食物的、长期接触甲醛的\n4.高镍环境（存疑）','','鼻咽癌','low','age>=30 and (locate(\'广东\',liveplace)>0 or locate(\'广西\',liveplace)>0 or locate(\'福建\',liveplace)>0 or locate(\'湖南\',liveplace)>0 or locate(\'江西\',liveplace)>0)','pending','toGenerate','2016-06-13 04:24:23','2016-06-18 10:45:08',NULL),('837c19fac11e412f9b93e090669a75cb-low-a26efd48e9484b22b8bf7477f7656630','837c19fac11e412f9b93e090669a75cb','a26efd48e9484b22b8bf7477f7656630','美国国家综合癌症网络(NCCN,National Comprehensive Cancer Network)','','1.年龄\r\n2.家族史（一级亲属罹患前列腺癌）','','前列腺癌','low','age>=45 and sex=\'男\'','pending','toGenerate','2016-06-13 04:24:23','2016-06-18 10:45:08',NULL),('837c19fac11e412f9b93e090669a75cb-low-a5c0a4318fb547c7bcf015480b2ca8c4','837c19fac11e412f9b93e090669a75cb','a5c0a4318fb547c7bcf015480b2ca8c4',' 中国抗癌协会乳腺癌专业委员会(CACA-CBCS,Chinese Anti-Cancer Association, Committee of Breast Cancer Society)','','确定性因素：1.年龄；2.性别；3.绝经后体重增加 BMI≥30kg/m2或增加10公斤；4.高身材，身高大于175cm；5.雌激素水平（高内源性雌激素水平）；6.骨密度（升高者发病率升高）；7.良性乳腺疾病史；8.长期使用外源性雌激素；9.初潮较早或绝经较晚；10.未产妇及首次初产年龄大于等于35岁；11.乳腺癌个人史；12.一级亲属罹患乳腺癌；13.饮酒；14.吸烟；15.夜班工作；16.暴露于治疗性电离辐射；17.是否哺乳；18.大豆/植物雌激素应用；19.体育锻炼；\n不确定性因素：未录入','无','乳腺癌','low','sex=\'女\' and (height>175 or height/weight/weight*10000>=24)','pending','toGenerate','2016-06-13 04:24:23','2016-06-18 10:45:08',NULL),('837c19fac11e412f9b93e090669a75cb-low-aa5f7b61e93f4c0a8639e2b2d8b3a933','837c19fac11e412f9b93e090669a75cb','aa5f7b61e93f4c0a8639e2b2d8b3a933','中华医学会外科学分会胰腺外科学组','','1.年龄；2.家族史；3.60岁以上突发糖尿病；4.慢性胰腺炎病史；5.吸烟；6.饮酒；7.肥胖；8.远端胃大部切除术病史（时间大于20年）；9.接触萘胺及苯类化合物者\r\n前驱症状：消化不良、恶性、脂肪泻、黄疸、疼痛、体重减轻','','胰腺癌','low','age>=40 and (tag_smoke_age>10 or height/weight/weight*10000>24)','pending','toGenerate','2016-06-13 04:24:23','2016-06-18 10:45:08',NULL),('837c19fac11e412f9b93e090669a75cb-low-ae6bcb0679ba4b7f83ec6aca09757dd6','837c19fac11e412f9b93e090669a75cb','ae6bcb0679ba4b7f83ec6aca09757dd6',' 中华人民共和国国家卫生和计划生育委员会(NHFPC,National Health and Family Planning Commission of China)','','1.高血压史（≥140/90 mmHg）或正在服用降压药物 \n2.房颤和（或）心脏瓣膜病等心脏病\n3.吸烟\n4.血脂异常\n5.糖尿病\n6.BMI大于26\n7.很少进行体育活动\n8.有卒中家族史','','颈动脉狭窄','low','locate(\'高血压\',sufferedDiseases)>0 or locate(\'房颤\',sufferedDiseases)>0 or locate(\'心脏\',sufferedDiseases)>0 or locate(\'糖尿病\',sufferedDiseases)>0 or tag_smoke_style!=\'no\'','pending','toGenerate','2016-06-13 04:24:23','2016-06-18 10:45:08',NULL),('837c19fac11e412f9b93e090669a75cb-low-b324470469f449a883059bebbc195bea','837c19fac11e412f9b93e090669a75cb','b324470469f449a883059bebbc195bea',' 中华医学会内镜学分会(CSDE,Chinese Society of Digestive Endoscopy) 中国抗癌协会(Chinese Anti-cancer Association) 中国抗癌协会肿瘤内镜专业委员会','','1.性别：\n2.年龄\n3.饮食：加盐腌制蔬菜或烟熏肉和鱼。\n4.吸烟\n5.治疗：接受过胃部手术。\n6.癌前疾病：慢性萎缩性胃炎、胃溃疡、胃息肉。\n7.家族肿瘤疾病史：包括家族胃癌史，遗传性非息肉性肠癌，家族性腺瘤性息肉等遗传性疾病等。\n8.恶性贫血。\n9.肥胖：超过正常体重20～25公斤\n10.经济状况：经济较差的地区，胃癌的发病率较高。\n11.是否有贫血、消瘦、消化道出血、呕吐、上腹部不适、上腹部肿块.来源:2013卫计委胃癌规范化诊疗指南（试行）','  男女不限，年龄大于等于40岁，满足一下任意一条：\n1.胃癌高发地区人群\n2.幽门螺旋杆菌感染感染\n3.既往患有慢性萎缩性胃炎等胃癌癌前病变\n4.一级亲属罹患胃癌\n5.存在胃癌其它高危因素（吸烟、重度饮酒、高盐、腌制饮食等）\n检查需同时进行','胃癌','low','age>=40 and (locate(\'幽门螺旋杆菌阳性\',sufferedDiseases)>0 or locate(\'salty\',tag_foodStyle)>0 or locate(\'smoked\',tag_foodStyle)>0 or locate(\'cured\',tag_foodStyle)>0 or tag_smoke_age>1 or locate(\'胃\',sufferedDiseases)>0 or locate(\'胃癌\',inheritDiseases)>0 or locate(\'腺瘤\',inheritDiseases)>0 or locate(\'肠癌\',inheritDiseases)>0)','pending','toGenerate','2016-06-13 04:24:23','2016-06-18 10:45:08',NULL),('837c19fac11e412f9b93e090669a75cb-low-e00f9b2d6bee4dc7aeb0d821f8ac068d','837c19fac11e412f9b93e090669a75cb','e00f9b2d6bee4dc7aeb0d821f8ac068d','中华医学会消化内镜学分会消化系早癌内镜诊断与治疗协作组,中华医学会消化病学分会消化道肿瘤协作组,中华医学会消化病学分会消化病理学组','','将55～74岁的一般风险人群、40～74岁的高风险人群以及家族史不详的人群作为内镜筛查的目标人群。\n①长期居住于食管鳞癌高发区；②一级亲属有食管鳞癌病史；③既往有食管病变史(食管上皮内瘤变)；④本人有癌症史；⑤长期吸烟史；⑥长期饮酒史；⑦有不良饮食习惯如进食快、热烫饮食、高盐饮食、进食腌菜者。','一般风险人群：无上述任意1条者。（鉴于现有国际国内指南均未推荐筛查频率，本项目拟定胃癌筛查频率进行）','食管癌','low','age>=40 and age<=74 and (locate(\'fast\',tag_foodStyle)>0 or locate(\'hot\',tag_foodStyle)>0 or locate(\'salty\',tag_foodStyle)>0)','pending','toGenerate','2016-06-13 04:24:23','2016-06-18 10:45:08',NULL),('c6f7524fa23d47b1bf3f0128f64e50c6-high-07e68dd1ea5f4f549eb813f80ca0a7b5','c6f7524fa23d47b1bf3f0128f64e50c6','07e68dd1ea5f4f549eb813f80ca0a7b5',' 中华人民共和国卫生部(MINISTRY OF HEALTH OF THE PEOPLE`S REPUBLIC OF CHINA)','','年龄\r\n备注：包含牙周疾病及口腔癌等','大于60岁，半年一次','龋齿','high','age>=60','dismatch','toGenerate','2016-06-13 04:24:23','2016-06-13 04:24:23',NULL),('c6f7524fa23d47b1bf3f0128f64e50c6-high-1cfc1f8ff2dc4049b2422177cd3b9040','c6f7524fa23d47b1bf3f0128f64e50c6','1cfc1f8ff2dc4049b2422177cd3b9040',' 美国国家综合癌症网络(NCCN,National Comprehensive Cancer Network)','','1.吸烟史\n2.氡暴露史\n3.职业暴露：砒霜、铬、石棉、镍、镉、铍、硅、柴油烟雾（吸烟可以叠加）\n4.一级亲属罹患肺癌\n5.COPD及肺纤维化病史\n6.报警症状','或年龄大于50岁，并且吸烟指数大于20支.年，或包含任意一条危险因素（见关注因素）','肺癌','high','age>50 and tag_smoke_quantity>=20','dismatch','toGenerate','2016-06-13 04:24:23','2016-06-13 04:24:23',NULL),('c6f7524fa23d47b1bf3f0128f64e50c6-high-365153d2e9e44bf0a15ec2fb25c97c31','c6f7524fa23d47b1bf3f0128f64e50c6','365153d2e9e44bf0a15ec2fb25c97c31',' 美国预防医学工作组(USPSTF,U.S. Preventive Services Task Force)','','1.性别\r\n2.年龄\r\n3.吸烟\r\n4.家族史（一级亲属罹患腹主动脉瘤）\r\n5.既往史（既往被诊断：血管瘤、心、脑血管疾病、动脉粥样硬化、高胆固醇血症、肥胖和高血压）','男性\r\n吸烟超过100只\r\n年龄大于65岁','腹主动脉瘤','high','sex=\'男\' and age>=65 and tag_smoke_style!=\'no\'','dismatch','toGenerate','2016-06-13 04:24:23','2016-06-13 04:24:23',NULL),('c6f7524fa23d47b1bf3f0128f64e50c6-high-3841703bd931482fb3bc425b4178b813','c6f7524fa23d47b1bf3f0128f64e50c6','3841703bd931482fb3bc425b4178b813',' 中华医学会内镜学分会(CSDE,Chinese Society of Digestive Endoscopy) 中华医学会消化病学分会(CSGE,Chinese Society Of Gastroenterology)','','1.年龄\r\n2.结直肠腺瘤、锯齿状息肉及结直肠癌病史\r\n3.非特异性肠炎病史\r\n4.阳性家族史（Lynch综合征病史、多发性错构瘤综合征病史等）\r\n5.大便隐血实验结果\r\n6.具有以下两项及两项以上者：①慢性便秘；②黏液血便；③慢性腹泻；④慢性阑尾炎或阑尾切除史；⑤精神刺激史；⑥体重指数 (BMI) ＞28 kg/m2；⑦吸烟指数大于400只/年；慢性胆囊炎及胆囊切除史；慢性便秘指近2年来便秘每年在2个月以上','1.有便血、黑便、体重减轻、贫血等报警症状的人群\n2.大于50岁，包含：结直肠腺瘤、锯齿状息肉及结直肠癌病史；非特异性肠炎病史；阳性家族史（Lynch综合征病史、多发性错构瘤综合征病史等）可以理解为一级亲属有结直肠癌病史；大便隐血实验结果阳性；具有以下两项及两项以上者：①慢性便秘；②黏液血便；③慢性腹泻；④慢性阑尾炎或阑尾切除史；⑤精神刺激史；⑥体重指数 (BMI) ＞28 kg/m2；⑦吸烟指数大于400只/年；慢性胆囊炎及胆囊切除史；慢性便秘指近2年来便秘每年在2个月以上','结直肠癌','high','age>=50 and (tag_smoke_quantity>1 or weight/height/height*10000>28)','dismatch','toGenerate','2016-06-13 04:24:23','2016-06-13 04:24:23',NULL),('c6f7524fa23d47b1bf3f0128f64e50c6-high-3d1776a7aa894ceca869b38cbc5245fe','c6f7524fa23d47b1bf3f0128f64e50c6','3d1776a7aa894ceca869b38cbc5245fe',' 中华人民共和国卫生部(MINISTRY OF HEALTH OF THE PEOPLE`S REPUBLIC OF CHINA)','','年龄','年龄大于等于60岁','牙周病','high','age>=60','dismatch','toGenerate','2016-06-13 04:24:23','2016-06-13 04:24:23',NULL),('c6f7524fa23d47b1bf3f0128f64e50c6-high-40c2f59a7b2c4b50937da37b2b9f7919','c6f7524fa23d47b1bf3f0128f64e50c6','40c2f59a7b2c4b50937da37b2b9f7919',' 中华医学会心血管病学分会(Chinese Society of Cardiology)','','既往史：先天性心脏病、结缔组织病、HIV感染、减肥药物治疗史、肝病及贫血\n个人史：职业解除如印刷厂或加油站工人接触油类物品、HIV感染、男-男同性恋、吸毒及染发剂接触	婚育史：女性是否有习惯性流产、男性需了解直系女性亲属是否有习惯性流产	\n家族史：是否有诊断肺动脉高压或先心病史\n','既往史：先天性心脏病、结缔组织病、HIV感染、减肥药物治疗史、肝病及贫血\n个人史：职业解除如印刷厂或加油站工人接触油类物品、HIV感染、男-男同性恋、吸毒及染发剂接触	婚育史：女性是否有习惯性流产、男性需了解直系女性亲属是否有习惯性流产	\n家族史：是否有诊断肺动脉高压或先心病史\n胸部影像学检测提示有右心脏增大及肺动脉增粗表现\n如有非特异性临床表现和体征可更考虑疑诊','肺动脉高压','high','(locate(\'先天性心脏病\',sufferedDiseases)>0 or locate(\'HIV感染\',sufferedDiseases)>0 or locate(\'肝病\',sufferedDiseases)>0 or locate(\'贫血\',sufferedDiseases)>0 or locate(\'结缔组织病\',sufferedDiseases)>0 or locate(\'先天性心脏病\',inheritDiseases)>0)','dismatch','toGenerate','2016-06-13 04:24:24','2016-06-13 04:24:24',NULL),('c6f7524fa23d47b1bf3f0128f64e50c6-high-54cf2c7cb40c4d538f700e731894495e','c6f7524fa23d47b1bf3f0128f64e50c6','54cf2c7cb40c4d538f700e731894495e',' 中华人民共和国国家卫生和计划生育委员会(NHFPC,National Health and Family Planning Commission of China)','','HCV感染高危人群，包括： \r\na) 有静脉药瘾史者； \r\nb) 有职业或其他原因（纹身、穿孔、针灸等）所致的针刺伤史者； \r\nc) 有医源性暴露史，包括手术、透析、不洁口腔诊疗操作、器官或组织移植者； \r\nd） 有高危性行为史，如多个性伴、男男同性恋者； \r\ne) HCV感染者的性伴及家庭成员； \r\nf) HIV感染者及其性伴； \r\ng) HCV感染母亲所生的子女； \r\nh) 破损皮肤和赫膜被HCV感染者血液污染者； \r\ni) 有输血或应用血液制品史者（主要是1993年前有过输血或应用血制品者） \r\nj) 1996年前的供血浆者。 ','HCV感染高危人群，包括： \na) 有静脉药瘾史者； \nb) 有职业或其他原因（纹身、穿孔、针灸等）所致的针刺伤史者； \nc) 有医源性暴露史，包括手术、透析、不洁口腔诊疗操作、器官或组织移植者； \nd） 有高危性行为史，如多个性伴、男男同性恋者； \ne) HCV感染者的性伴及家庭成员； \nf) HIV感染者及其性伴； \ng) HCV感染母亲所生的子女； \nh) 破损皮肤和赫膜被HCV感染者血液污染者； \ni) 有输血或应用血液制品史者（主要是1993年前有过输血或应用血制品者） \nj) 1996年前的供血浆者。 ','丙型病毒性肝炎','high','tag_sexHomosex=true or tag_sexBehaviorStyle=\'highrisk\' or locate(\'HCV\',inheritDiseases)>0','dismatch','toGenerate','2016-06-13 04:24:23','2016-06-13 04:24:23',NULL),('c6f7524fa23d47b1bf3f0128f64e50c6-high-56f55df13386472c98df5a082a3ec9ae','c6f7524fa23d47b1bf3f0128f64e50c6','56f55df13386472c98df5a082a3ec9ae',' 美国预防医学工作组(USPSTF,U.S. Preventive Services Task Force)','','1.血压在正常高值者（130-139/85-89 mmHg）\r\n2.BMI大于24\r\n3.腹型肥胖：男性腰围大于90cm，女性大于85cm\r\n4.家族史（一、二级亲属罹患高血压）\r\n5.长期高盐饮食\r\n6.长期饮酒，日均大于等于100ml（2两）\r\n来源于（中国高血压基层管理指南（2014年修订版））','≥40岁的成人，血压在正常高值者（130-139/85-89 mmHg）、超重或肥胖者。','高血压','high','age>=40 and weight/height/height*10000>=24','dismatch','toGenerate','2016-06-13 04:24:23','2016-06-13 04:24:23',NULL),('c6f7524fa23d47b1bf3f0128f64e50c6-high-68db0e163064409286056fe21f7f27ad','c6f7524fa23d47b1bf3f0128f64e50c6','68db0e163064409286056fe21f7f27ad',' 北京市脑卒中诊疗质量控制与改进中心','','1.脂代谢异常\n2.高血压、糖尿\n3.吸烟及吸烟环境\n4.家族史：一二级亲属罹患脑动脉粥样硬化\n5.肥胖\n6.高同型半胱氨酸\n','大于45岁，包含一下一项或以上：1.高胆固醇或高甘油三酯血症；2.高血压；3.糖尿病；4.吸烟；5.家族史；6.大量饮酒；7.肥胖及不良饮食习惯（高热量、高脂肪）；8.缺乏规律有氧运动；9.被诊断高同型半胱氨酸','脑动脉粥样硬化','high','age>=45 and (locate(\'高血压\',sufferedDiseases)>0 or locate(\'糖尿病\',sufferedDiseases)>0 or locate(\'脑动脉粥样硬化\',inheritDiseases)>0)','dismatch','toGenerate','2016-06-13 04:24:23','2016-06-13 04:24:23',NULL),('c6f7524fa23d47b1bf3f0128f64e50c6-high-7c77c03835cc41dda72c27028ecb7585','c6f7524fa23d47b1bf3f0128f64e50c6','7c77c03835cc41dda72c27028ecb7585',' 中华医学会外科学分会胆道外科学组','','1.是否患有胆囊结石2.是否有胆囊慢性炎症3.是否有胆囊息肉4.是否存在胆胰管汇合异常5.家族史：胆囊癌及胆囊结石家族史6.是否有胆道系统感染7.是否肥胖，是否有糖尿病8.','(1)胆囊息肉；(2)年龄超过50岁，特别是女性；(3)肥胖症；(4)有胆石症或胆囊癌家族史。','胆囊癌','high','locate(\'胆囊息肉\',sufferedDiseases)>0 or (age>=50 and sex=\'女\') or locate(\'肥胖\',sufferedDiseases)>0 or locate(\'胆结石\',inheritDiseases)>0 or locate(\'胆囊癌\',inheritDiseases)>0','done','toRelease','2016-06-13 04:24:23','2016-06-13 04:24:23',NULL),('c6f7524fa23d47b1bf3f0128f64e50c6-high-89932374522c4cc4979d2c1206949377','c6f7524fa23d47b1bf3f0128f64e50c6','89932374522c4cc4979d2c1206949377','中华医学会内分泌学分会(CSE,Chinese Society of Endocrinology)','','成年人 (>18岁)具有下列任何一个及以上的糖尿病高危因素，可定义为糖尿病高危人群：\r\n\r\n(1)年龄≥40岁；\r\n\r\n(2)既往有糖尿病前期病史；\r\n\r\n(3)超重、肥胖 (体重指数≥24 kg/m2)，男性腰围≥90cm,女性腰围≥85cm；\r\n\r\n(4)静坐的生活方式；\r\n\r\n(5)一级亲属中有2型糖尿病家族史；\r\n\r\n(6)有巨大儿 (出生体重≥4 kg)生产史，妊娠期显性糖尿病或妊娠糖尿病病史的妇女；\r\n\r\n(7)高血压 [收缩压≥140 mmHg (1mmHg=0.133kPa)和(或)舒张压≥90 mmHg]或正在接受降压治疗；\r\n\r\n(8)血脂异常(高密度脂蛋白胆固醇≤0.91mmol/L及甘油三酯≥2.22mmol/L，或正在接受调脂治疗)；\r\n\r\n(9)动脉粥样硬化性CCVD患者；\r\n\r\n(10)有一过性类固醇性糖尿病病史者；\r\n\r\n(11)多囊卵巢综合征患者；\r\n\r\n(12)严重精神病和 (或)长期接受抗抑郁症药物治疗的患者。','成年人 (>18岁)具有下列任何一个及以上的糖尿病高危因素，可定义为糖尿病高危人群：\n\n(1)年龄≥40岁；\n\n(2)既往有糖尿病前期病史；\n\n(3)超重、肥胖 (体重指数≥24 kg/m2)，男性腰围≥90cm,女性腰围≥85cm；\n\n(4)静坐的生活方式；\n\n(5)一级亲属中有2型糖尿病家族史；\n\n(6)有巨大儿 (出生体重≥4 kg)生产史，妊娠期显性糖尿病或妊娠糖尿病病史的妇女；\n\n(7)高血压 [收缩压≥140 mmHg (1mmHg=0.133kPa)和(或)舒张压≥90 mmHg]或正在接受降压治疗；\n\n(8)血脂异常(高密度脂蛋白胆固醇≤0.91mmol/L及甘油三酯≥2.22mmol/L，或正在接受调脂治疗)；\n\n(9)动脉粥样硬化性CCVD患者；\n\n(10)有一过性类固醇性糖尿病病史者；\n\n(11)多囊卵巢综合征患者；\n\n(12)严重精神病和 (或)长期接受抗抑郁症药物治疗的患者。','成人2型糖尿病','high','age>=40 and (weight/height/height*10000>=24 or  locate(\'糖尿病\',inheritDiseases)>0 or locate(\'动脉粥样硬化\',sufferedDiseases)>0 or locate(\'一过性类固醇糖尿病\',sufferedDiseases)>0 or locate(\'多囊卵巢综合症\',sufferedDiseases))','dismatch','toGenerate','2016-06-13 04:24:23','2016-06-13 04:24:23',NULL),('c6f7524fa23d47b1bf3f0128f64e50c6-high-8a2b68cc6b054aa7a40b5763f14cec28','c6f7524fa23d47b1bf3f0128f64e50c6','8a2b68cc6b054aa7a40b5763f14cec28','美国妇产科医师学会(ACOG,American College of Obstetricians and Gynecologists)','','1.人乳头瘤病毒感染；2.过早性生活；3.多个性伙伴；4.多产；5.丈夫婚外性行为；6.阴茎癌；7.社会经济条件差；8.营养不良；9.吸烟','1.大于等于21岁\r\n2.有性行为','宫颈癌','high','age>=21 and tag_hasSexBehavior=true and (tag_sexParterners>1 or tag_sexBehaviorStyle=\'highrisk\')','dismatch','toGenerate','2016-06-13 04:24:23','2016-06-13 04:24:23',NULL),('c6f7524fa23d47b1bf3f0128f64e50c6-high-9a1bac66a1b640c2b1e106ecd37797e9','c6f7524fa23d47b1bf3f0128f64e50c6','9a1bac66a1b640c2b1e106ecd37797e9',' 美国国家综合癌症网络(NCCN,National Comprehensive Cancer Network)','','1.年龄\r\n2.是否有肝硬化\r\n3.饮酒\r\n4.乙型肝炎病毒感染\r\n5.丙型肝炎病毒感染\r\n6.非酒精性脂肪肝\r\n7.α1-抗胰蛋白酶缺乏症病史\r\n8.四期原发性胆汁性肝硬化病史\r\n9.遗传性血色病病史','1.各种原因导致的肝硬化患者\r\n2.乙肝携带者，男性大于等于40岁，女性大于等于50岁','肝癌','high','((age>=40 and sex=\'男\') or (age>=50 and sex=\'女\'))and locate(\'乙肝\',sufferedDiseases)>0','dismatch','toGenerate','2016-06-13 04:24:23','2016-06-13 04:24:23',NULL),('c6f7524fa23d47b1bf3f0128f64e50c6-high-a1ccc6a220a4465f964195c539c1d365','c6f7524fa23d47b1bf3f0128f64e50c6','a1ccc6a220a4465f964195c539c1d365','中国癌症筛查及早诊早治技术方案 人民卫生出版社','','1.地区：高发地区：鼻咽癌死亡率＞3/10万的地区（中国标化）：广东、广西、福建、湖南、江西\n2.家族史：有家族聚集倾向，一级亲属罹患过鼻咽癌的；\n3.喜食咸鱼、腌制食物的、长期接触甲醛的\n4.高镍环境（存疑）','满足2和或3-4 条\r\n年龄大于等于30岁','鼻咽癌','high','age>=30 and (locate(\'鼻咽癌\',inheritDiseases)>0 or locate(\'salty\',tag_foodStyle)>0)','dismatch','toGenerate','2016-06-13 04:24:24','2016-06-13 04:24:24',NULL),('c6f7524fa23d47b1bf3f0128f64e50c6-high-a26efd48e9484b22b8bf7477f7656630','c6f7524fa23d47b1bf3f0128f64e50c6','a26efd48e9484b22b8bf7477f7656630','美国国家综合癌症网络(NCCN,National Comprehensive Cancer Network)','','1.年龄\r\n2.家族史（一级亲属罹患前列腺癌）','年龄大于等于45岁','前列腺癌','high','age>=45 and sex=\'男\' and locate(\'前列腺癌\',inheritDiseases)>0','dismatch','toGenerate','2016-06-13 04:24:23','2016-06-13 04:24:23',NULL),('c6f7524fa23d47b1bf3f0128f64e50c6-high-a5c0a4318fb547c7bcf015480b2ca8c4','c6f7524fa23d47b1bf3f0128f64e50c6','a5c0a4318fb547c7bcf015480b2ca8c4',' 中国抗癌协会乳腺癌专业委员会(CACA-CBCS,Chinese Anti-Cancer Association, Committee of Breast Cancer Society)','','确定性因素：1.年龄；2.性别；3.绝经后体重增加 BMI≥30kg/m2或增加10公斤；4.高身材，身高大于175cm；5.雌激素水平（高内源性雌激素水平）；6.骨密度（升高者发病率升高）；7.良性乳腺疾病史；8.长期使用外源性雌激素；9.初潮较早或绝经较晚；10.未产妇及首次初产年龄大于等于35岁；11.乳腺癌个人史；12.一级亲属罹患乳腺癌；13.饮酒；14.吸烟；15.夜班工作；16.暴露于治疗性电离辐射；17.是否哺乳；18.大豆/植物雌激素应用；19.体育锻炼；\n不确定性因素：未录入','1.有明显的乳腺癌遗传倾向者\r\n2.既往有乳腺良恶性疾病患者\r\n3.既往行胸部放疗','乳腺癌','high','sex=\'女\' and (locate(\'乳腺\',sufferedDiseases)>0 or locate(\'乳腺\',inheritDiseases)>0 or height>175 or height/weight/weight*10000>=24)','dismatch','toGenerate','2016-06-13 04:24:24','2016-06-13 04:24:24',NULL),('c6f7524fa23d47b1bf3f0128f64e50c6-high-aa5f7b61e93f4c0a8639e2b2d8b3a933','c6f7524fa23d47b1bf3f0128f64e50c6','aa5f7b61e93f4c0a8639e2b2d8b3a933','中华医学会外科学分会胰腺外科学组','','1.年龄；2.家族史；3.60岁以上突发糖尿病；4.慢性胰腺炎病史；5.吸烟；6.饮酒；7.肥胖；8.远端胃大部切除术病史（时间大于20年）；9.接触萘胺及苯类化合物者\r\n前驱症状：消化不良、恶性、脂肪泻、黄疸、疼痛、体重减轻','1.年龄大于40岁，有非特异性上腹部不适症状；\n2.一级亲属有罹患胰腺癌\n3.年龄大于60岁，突发糖尿病，缺乏家族史，低体重指数，很快形成胰岛素抵抗\n4.慢性胰腺炎病史：特别是遗传性胰腺炎病史\n5.良性病变行远端胃大部切除术者，特别是术后20年以上人群\n6.导管内乳头状粘液瘤患者\n7.FAP 家族性腺瘤息肉病患者\n8.长期吸烟\n9.大量饮酒\n10.体重超重\n11.黑斑息肉综合征病史\n12.家族性恶性黑色素瘤病史','胰腺癌','high','(age>=40 and locate(\'胰腺癌\',inheritDiseases)>0 or locate(\'胰腺\',sufferedDiseases)>0) or (locate(\'突发性糖尿病\',sufferedDiseases)>0 and age>=60)','dismatch','toGenerate','2016-06-13 04:24:23','2016-06-13 04:24:23',NULL),('c6f7524fa23d47b1bf3f0128f64e50c6-high-ae6bcb0679ba4b7f83ec6aca09757dd6','c6f7524fa23d47b1bf3f0128f64e50c6','ae6bcb0679ba4b7f83ec6aca09757dd6',' 中华人民共和国国家卫生和计划生育委员会(NHFPC,National Health and Family Planning Commission of China)','','1.高血压史（≥140/90 mmHg）或正在服用降压药物 \n2.房颤和（或）心脏瓣膜病等心脏病\n3.吸烟\n4.血脂异常\n5.糖尿病\n6.BMI大于26\n7.很少进行体育活动\n8.有卒中家族史','1.以上8条满足3条\r\n2.既往有缺血性脑卒中病史或短暂性脑缺血发作病史','颈动脉狭窄','high','(locate(\'高血压\',sufferedDiseases)>0 or locate(\'房颤\',sufferedDiseases)>0 or locate(\'心脏\',sufferedDiseases)>0 or locate(\'糖尿病\',sufferedDiseases)>0 or tag_smoke_style!=\'no\') and (locate(\'脑卒中\',sufferedDiseases)>0 or locate(\'脑缺血\',sufferedDiseases)>0)','dismatch','toGenerate','2016-06-13 04:24:23','2016-06-13 04:24:23',NULL),('c6f7524fa23d47b1bf3f0128f64e50c6-high-b324470469f449a883059bebbc195bea','c6f7524fa23d47b1bf3f0128f64e50c6','b324470469f449a883059bebbc195bea',' 中华医学会内镜学分会(CSDE,Chinese Society of Digestive Endoscopy) 中国抗癌协会(Chinese Anti-cancer Association) 中国抗癌协会肿瘤内镜专业委员会','','1.性别：\n2.年龄\n3.饮食：加盐腌制蔬菜或烟熏肉和鱼。\n4.吸烟\n5.治疗：接受过胃部手术。\n6.癌前疾病：慢性萎缩性胃炎、胃溃疡、胃息肉。\n7.家族肿瘤疾病史：包括家族胃癌史，遗传性非息肉性肠癌，家族性腺瘤性息肉等遗传性疾病等。\n8.恶性贫血。\n9.肥胖：超过正常体重20～25公斤\n10.经济状况：经济较差的地区，胃癌的发病率较高。\n11.是否有贫血、消瘦、消化道出血、呕吐、上腹部不适、上腹部肿块.来源:2013卫计委胃癌规范化诊疗指南（试行）','1.幽门螺旋杆菌+，萎缩性胃炎-\n2.幽门螺旋杆菌+，萎缩性胃炎+\n3.幽门螺旋杆菌-，萎缩性胃炎-\n4.幽门螺旋杆菌-，萎缩性胃炎-按照一般人群处理','胃癌','high','locate(\'幽门螺旋杆菌阳性\',sufferedDiseases)>0 and (locate(\'salty\',tag_foodStyle)>0 or locate(\'smoked\',tag_foodStyle)>0 or locate(\'cured\',tag_foodStyle)>0 or tag_smoke_age>1 or locate(\'胃\',sufferedDiseases)>0 or locate(\'胃癌\',inheritDiseases)>0 or locate(\'腺瘤\',inheritDiseases)>0 or locate(\'肠癌\',inheritDiseases)>0)','dismatch','toGenerate','2016-06-13 04:24:24','2016-06-13 04:24:24',NULL),('c6f7524fa23d47b1bf3f0128f64e50c6-high-e00f9b2d6bee4dc7aeb0d821f8ac068d','c6f7524fa23d47b1bf3f0128f64e50c6','e00f9b2d6bee4dc7aeb0d821f8ac068d','中华医学会消化内镜学分会消化系早癌内镜诊断与治疗协作组,中华医学会消化病学分会消化道肿瘤协作组,中华医学会消化病学分会消化病理学组','','将55～74岁的一般风险人群、40～74岁的高风险人群以及家族史不详的人群作为内镜筛查的目标人群。\n①长期居住于食管鳞癌高发区；②一级亲属有食管鳞癌病史；③既往有食管病变史(食管上皮内瘤变)；④本人有癌症史；⑤长期吸烟史；⑥长期饮酒史；⑦有不良饮食习惯如进食快、热烫饮食、高盐饮食、进食腌菜者。','有以上任意1条者视为高危人群（鉴于现有国际国内指南均未推荐筛查频率，本项目拟定胃癌筛查频率进行）','食管癌','high','age>=55 and age<=74 and (locate(\'食管鳞癌\',inheritDiseases)>0  or locate(\'食管\',sufferedDiseases)>0 or locate(\'癌\',sufferedDiseases)>0 or tag_smoke_age>=10 or locate(\'fast\',tag_foodStyle)>0 or locate(\'hot\',tag_foodStyle)>0 or locate(\'salty\',tag_foodStyle)>0)','dismatch','toGenerate','2016-06-13 04:24:23','2016-06-13 04:24:23',NULL),('c6f7524fa23d47b1bf3f0128f64e50c6-low-07e68dd1ea5f4f549eb813f80ca0a7b5','c6f7524fa23d47b1bf3f0128f64e50c6','07e68dd1ea5f4f549eb813f80ca0a7b5',' 中华人民共和国卫生部(MINISTRY OF HEALTH OF THE PEOPLE`S REPUBLIC OF CHINA)','','年龄\r\n备注：包含牙周疾病及口腔癌等','大于18岁小于60岁，每年一次','龋齿','low','age>=18 and age<60','done','toRelease','2016-06-13 04:24:23','2016-06-13 04:24:23',NULL),('c6f7524fa23d47b1bf3f0128f64e50c6-low-1cfc1f8ff2dc4049b2422177cd3b9040','c6f7524fa23d47b1bf3f0128f64e50c6','1cfc1f8ff2dc4049b2422177cd3b9040',' 美国国家综合癌症网络(NCCN,National Comprehensive Cancer Network)','','1.吸烟史\n2.氡暴露史\n3.职业暴露：砒霜、铬、石棉、镍、镉、铍、硅、柴油烟雾（吸烟可以叠加）\n4.一级亲属罹患肺癌\n5.COPD及肺纤维化病史\n6.报警症状','年龄大于等于55岁，并且吸烟指数大于30支.年，戒烟时间小于15年','肺癌','low','age>=55 and tag_smoke_quantity>=30','dismatch','toGenerate','2016-06-13 04:24:23','2016-06-13 04:24:23',NULL),('c6f7524fa23d47b1bf3f0128f64e50c6-low-365153d2e9e44bf0a15ec2fb25c97c31','c6f7524fa23d47b1bf3f0128f64e50c6','365153d2e9e44bf0a15ec2fb25c97c31',' 美国预防医学工作组(USPSTF,U.S. Preventive Services Task Force)','','1.性别\r\n2.年龄\r\n3.吸烟\r\n4.家族史（一级亲属罹患腹主动脉瘤）\r\n5.既往史（既往被诊断：血管瘤、心、脑血管疾病、动脉粥样硬化、高胆固醇血症、肥胖和高血压）','未吸烟男性，但包含以上危险因素','腹主动脉瘤','low','sex=\'男\' and tag_smoke_style=\'low\'','dismatch','toGenerate','2016-06-13 04:24:23','2016-06-13 04:24:23',NULL),('c6f7524fa23d47b1bf3f0128f64e50c6-low-3841703bd931482fb3bc425b4178b813','c6f7524fa23d47b1bf3f0128f64e50c6','3841703bd931482fb3bc425b4178b813',' 中华医学会内镜学分会(CSDE,Chinese Society of Digestive Endoscopy) 中华医学会消化病学分会(CSGE,Chinese Society Of Gastroenterology)','','1.年龄\r\n2.结直肠腺瘤、锯齿状息肉及结直肠癌病史\r\n3.非特异性肠炎病史\r\n4.阳性家族史（Lynch综合征病史、多发性错构瘤综合征病史等）\r\n5.大便隐血实验结果\r\n6.具有以下两项及两项以上者：①慢性便秘；②黏液血便；③慢性腹泻；④慢性阑尾炎或阑尾切除史；⑤精神刺激史；⑥体重指数 (BMI) ＞28 kg/m2；⑦吸烟指数大于400只/年；慢性胆囊炎及胆囊切除史；慢性便秘指近2年来便秘每年在2个月以上','年龄大于等于50岁，无以上危险因素','结直肠癌','low','age>=50','dismatch','toGenerate','2016-06-13 04:24:23','2016-06-13 04:24:23',NULL),('c6f7524fa23d47b1bf3f0128f64e50c6-low-3d1776a7aa894ceca869b38cbc5245fe','c6f7524fa23d47b1bf3f0128f64e50c6','3d1776a7aa894ceca869b38cbc5245fe',' 中华人民共和国卫生部(MINISTRY OF HEALTH OF THE PEOPLE`S REPUBLIC OF CHINA)','','年龄','大于18岁，小于60岁','牙周病','low','age>18 and age<60','done','toRelease','2016-06-13 04:24:23','2016-06-13 04:24:23',NULL),('c6f7524fa23d47b1bf3f0128f64e50c6-low-40c2f59a7b2c4b50937da37b2b9f7919','c6f7524fa23d47b1bf3f0128f64e50c6','40c2f59a7b2c4b50937da37b2b9f7919',' 中华医学会心血管病学分会(Chinese Society of Cardiology)','','既往史：先天性心脏病、结缔组织病、HIV感染、减肥药物治疗史、肝病及贫血\n个人史：职业解除如印刷厂或加油站工人接触油类物品、HIV感染、男-男同性恋、吸毒及染发剂接触	婚育史：女性是否有习惯性流产、男性需了解直系女性亲属是否有习惯性流产	\n家族史：是否有诊断肺动脉高压或先心病史\n','','肺动脉高压','low','1=0','dismatch','toGenerate','2016-06-13 04:24:23','2016-06-13 04:24:23',NULL),('c6f7524fa23d47b1bf3f0128f64e50c6-low-54cf2c7cb40c4d538f700e731894495e','c6f7524fa23d47b1bf3f0128f64e50c6','54cf2c7cb40c4d538f700e731894495e',' 中华人民共和国国家卫生和计划生育委员会(NHFPC,National Health and Family Planning Commission of China)','','HCV感染高危人群，包括： \r\na) 有静脉药瘾史者； \r\nb) 有职业或其他原因（纹身、穿孔、针灸等）所致的针刺伤史者； \r\nc) 有医源性暴露史，包括手术、透析、不洁口腔诊疗操作、器官或组织移植者； \r\nd） 有高危性行为史，如多个性伴、男男同性恋者； \r\ne) HCV感染者的性伴及家庭成员； \r\nf) HIV感染者及其性伴； \r\ng) HCV感染母亲所生的子女； \r\nh) 破损皮肤和赫膜被HCV感染者血液污染者； \r\ni) 有输血或应用血液制品史者（主要是1993年前有过输血或应用血制品者） \r\nj) 1996年前的供血浆者。 ','持续性血液透析者','丙型病毒性肝炎','low','locate(\'血液透析\',sufferedDiseases)>0','dismatch','toGenerate','2016-06-13 04:24:23','2016-06-13 04:24:23',NULL),('c6f7524fa23d47b1bf3f0128f64e50c6-low-56f55df13386472c98df5a082a3ec9ae','c6f7524fa23d47b1bf3f0128f64e50c6','56f55df13386472c98df5a082a3ec9ae',' 美国预防医学工作组(USPSTF,U.S. Preventive Services Task Force)','','1.血压在正常高值者（130-139/85-89 mmHg）\r\n2.BMI大于24\r\n3.腹型肥胖：男性腰围大于90cm，女性大于85cm\r\n4.家族史（一、二级亲属罹患高血压）\r\n5.长期高盐饮食\r\n6.长期饮酒，日均大于等于100ml（2两）\r\n来源于（中国高血压基层管理指南（2014年修订版））','18-39岁、血压正常（<130/85 mmHg）且没有危险因素。','高血压','low','age>=18 and age<40 and weight/height/height*10000<24','done','toRelease','2016-06-13 04:24:23','2016-06-13 04:24:23',NULL),('c6f7524fa23d47b1bf3f0128f64e50c6-low-68db0e163064409286056fe21f7f27ad','c6f7524fa23d47b1bf3f0128f64e50c6','68db0e163064409286056fe21f7f27ad',' 北京市脑卒中诊疗质量控制与改进中心','','1.脂代谢异常\n2.高血压、糖尿\n3.吸烟及吸烟环境\n4.家族史：一二级亲属罹患脑动脉粥样硬化\n5.肥胖\n6.高同型半胱氨酸\n','','脑动脉粥样硬化','low','age>=45','dismatch','toGenerate','2016-06-13 04:24:23','2016-06-13 04:24:23',NULL),('c6f7524fa23d47b1bf3f0128f64e50c6-low-7c77c03835cc41dda72c27028ecb7585','c6f7524fa23d47b1bf3f0128f64e50c6','7c77c03835cc41dda72c27028ecb7585',' 中华医学会外科学分会胆道外科学组','','1.是否患有胆囊结石2.是否有胆囊慢性炎症3.是否有胆囊息肉4.是否存在胆胰管汇合异常5.家族史：胆囊癌及胆囊结石家族史6.是否有胆道系统感染7.是否肥胖，是否有糖尿病8.','','胆囊癌','low','age>=50','dismatch','toGenerate','2016-06-13 04:24:23','2016-06-13 04:24:23',NULL),('c6f7524fa23d47b1bf3f0128f64e50c6-low-89932374522c4cc4979d2c1206949377','c6f7524fa23d47b1bf3f0128f64e50c6','89932374522c4cc4979d2c1206949377','中华医学会内分泌学分会(CSE,Chinese Society of Endocrinology)','','成年人 (>18岁)具有下列任何一个及以上的糖尿病高危因素，可定义为糖尿病高危人群：\r\n\r\n(1)年龄≥40岁；\r\n\r\n(2)既往有糖尿病前期病史；\r\n\r\n(3)超重、肥胖 (体重指数≥24 kg/m2)，男性腰围≥90cm,女性腰围≥85cm；\r\n\r\n(4)静坐的生活方式；\r\n\r\n(5)一级亲属中有2型糖尿病家族史；\r\n\r\n(6)有巨大儿 (出生体重≥4 kg)生产史，妊娠期显性糖尿病或妊娠糖尿病病史的妇女；\r\n\r\n(7)高血压 [收缩压≥140 mmHg (1mmHg=0.133kPa)和(或)舒张压≥90 mmHg]或正在接受降压治疗；\r\n\r\n(8)血脂异常(高密度脂蛋白胆固醇≤0.91mmol/L及甘油三酯≥2.22mmol/L，或正在接受调脂治疗)；\r\n\r\n(9)动脉粥样硬化性CCVD患者；\r\n\r\n(10)有一过性类固醇性糖尿病病史者；\r\n\r\n(11)多囊卵巢综合征患者；\r\n\r\n(12)严重精神病和 (或)长期接受抗抑郁症药物治疗的患者。','','成人2型糖尿病','low','age>=40','dismatch','toGenerate','2016-06-13 04:24:23','2016-06-13 04:24:23',NULL),('c6f7524fa23d47b1bf3f0128f64e50c6-low-8a2b68cc6b054aa7a40b5763f14cec28','c6f7524fa23d47b1bf3f0128f64e50c6','8a2b68cc6b054aa7a40b5763f14cec28','美国妇产科医师学会(ACOG,American College of Obstetricians and Gynecologists)','','1.人乳头瘤病毒感染；2.过早性生活；3.多个性伙伴；4.多产；5.丈夫婚外性行为；6.阴茎癌；7.社会经济条件差；8.营养不良；9.吸烟','21-29岁','宫颈癌','low','age>=21 and age<=29 and tag_hasSexBehavior=true','dismatch','toGenerate','2016-06-13 04:24:23','2016-06-13 04:24:23',NULL),('c6f7524fa23d47b1bf3f0128f64e50c6-low-9a1bac66a1b640c2b1e106ecd37797e9','c6f7524fa23d47b1bf3f0128f64e50c6','9a1bac66a1b640c2b1e106ecd37797e9',' 美国国家综合癌症网络(NCCN,National Comprehensive Cancer Network)','','1.年龄\r\n2.是否有肝硬化\r\n3.饮酒\r\n4.乙型肝炎病毒感染\r\n5.丙型肝炎病毒感染\r\n6.非酒精性脂肪肝\r\n7.α1-抗胰蛋白酶缺乏症病史\r\n8.四期原发性胆汁性肝硬化病史\r\n9.遗传性血色病病史','普通人群不推荐','肝癌','low','1=0','dismatch','toGenerate','2016-06-13 04:24:23','2016-06-13 04:24:23',NULL),('c6f7524fa23d47b1bf3f0128f64e50c6-low-a1ccc6a220a4465f964195c539c1d365','c6f7524fa23d47b1bf3f0128f64e50c6','a1ccc6a220a4465f964195c539c1d365','中国癌症筛查及早诊早治技术方案 人民卫生出版社','','1.地区：高发地区：鼻咽癌死亡率＞3/10万的地区（中国标化）：广东、广西、福建、湖南、江西\n2.家族史：有家族聚集倾向，一级亲属罹患过鼻咽癌的；\n3.喜食咸鱼、腌制食物的、长期接触甲醛的\n4.高镍环境（存疑）','','鼻咽癌','low','age>=30 and (locate(\'广东\',liveplace)>0 or locate(\'广西\',liveplace)>0 or locate(\'福建\',liveplace)>0 or locate(\'湖南\',liveplace)>0 or locate(\'江西\',liveplace)>0)','dismatch','toGenerate','2016-06-13 04:24:23','2016-06-13 04:24:23',NULL),('c6f7524fa23d47b1bf3f0128f64e50c6-low-a26efd48e9484b22b8bf7477f7656630','c6f7524fa23d47b1bf3f0128f64e50c6','a26efd48e9484b22b8bf7477f7656630','美国国家综合癌症网络(NCCN,National Comprehensive Cancer Network)','','1.年龄\r\n2.家族史（一级亲属罹患前列腺癌）','','前列腺癌','low','age>=45 and sex=\'男\'','dismatch','toGenerate','2016-06-13 04:24:24','2016-06-13 04:24:24',NULL),('c6f7524fa23d47b1bf3f0128f64e50c6-low-a5c0a4318fb547c7bcf015480b2ca8c4','c6f7524fa23d47b1bf3f0128f64e50c6','a5c0a4318fb547c7bcf015480b2ca8c4',' 中国抗癌协会乳腺癌专业委员会(CACA-CBCS,Chinese Anti-Cancer Association, Committee of Breast Cancer Society)','','确定性因素：1.年龄；2.性别；3.绝经后体重增加 BMI≥30kg/m2或增加10公斤；4.高身材，身高大于175cm；5.雌激素水平（高内源性雌激素水平）；6.骨密度（升高者发病率升高）；7.良性乳腺疾病史；8.长期使用外源性雌激素；9.初潮较早或绝经较晚；10.未产妇及首次初产年龄大于等于35岁；11.乳腺癌个人史；12.一级亲属罹患乳腺癌；13.饮酒；14.吸烟；15.夜班工作；16.暴露于治疗性电离辐射；17.是否哺乳；18.大豆/植物雌激素应用；19.体育锻炼；\n不确定性因素：未录入','无','乳腺癌','low','sex=\'女\' and (height>175 or height/weight/weight*10000>=24)','dismatch','toGenerate','2016-06-13 04:24:23','2016-06-13 04:24:23',NULL),('c6f7524fa23d47b1bf3f0128f64e50c6-low-aa5f7b61e93f4c0a8639e2b2d8b3a933','c6f7524fa23d47b1bf3f0128f64e50c6','aa5f7b61e93f4c0a8639e2b2d8b3a933','中华医学会外科学分会胰腺外科学组','','1.年龄；2.家族史；3.60岁以上突发糖尿病；4.慢性胰腺炎病史；5.吸烟；6.饮酒；7.肥胖；8.远端胃大部切除术病史（时间大于20年）；9.接触萘胺及苯类化合物者\r\n前驱症状：消化不良、恶性、脂肪泻、黄疸、疼痛、体重减轻','','胰腺癌','low','age>=40 and (tag_smoke_age>10 or height/weight/weight*10000>24)','dismatch','toGenerate','2016-06-13 04:24:24','2016-06-13 04:24:24',NULL),('c6f7524fa23d47b1bf3f0128f64e50c6-low-ae6bcb0679ba4b7f83ec6aca09757dd6','c6f7524fa23d47b1bf3f0128f64e50c6','ae6bcb0679ba4b7f83ec6aca09757dd6',' 中华人民共和国国家卫生和计划生育委员会(NHFPC,National Health and Family Planning Commission of China)','','1.高血压史（≥140/90 mmHg）或正在服用降压药物 \n2.房颤和（或）心脏瓣膜病等心脏病\n3.吸烟\n4.血脂异常\n5.糖尿病\n6.BMI大于26\n7.很少进行体育活动\n8.有卒中家族史','','颈动脉狭窄','low','locate(\'高血压\',sufferedDiseases)>0 or locate(\'房颤\',sufferedDiseases)>0 or locate(\'心脏\',sufferedDiseases)>0 or locate(\'糖尿病\',sufferedDiseases)>0 or tag_smoke_style!=\'no\'','match','toRelease','2016-06-13 04:24:24','2016-06-13 04:24:24',NULL),('c6f7524fa23d47b1bf3f0128f64e50c6-low-b324470469f449a883059bebbc195bea','c6f7524fa23d47b1bf3f0128f64e50c6','b324470469f449a883059bebbc195bea',' 中华医学会内镜学分会(CSDE,Chinese Society of Digestive Endoscopy) 中国抗癌协会(Chinese Anti-cancer Association) 中国抗癌协会肿瘤内镜专业委员会','','1.性别：\n2.年龄\n3.饮食：加盐腌制蔬菜或烟熏肉和鱼。\n4.吸烟\n5.治疗：接受过胃部手术。\n6.癌前疾病：慢性萎缩性胃炎、胃溃疡、胃息肉。\n7.家族肿瘤疾病史：包括家族胃癌史，遗传性非息肉性肠癌，家族性腺瘤性息肉等遗传性疾病等。\n8.恶性贫血。\n9.肥胖：超过正常体重20～25公斤\n10.经济状况：经济较差的地区，胃癌的发病率较高。\n11.是否有贫血、消瘦、消化道出血、呕吐、上腹部不适、上腹部肿块.来源:2013卫计委胃癌规范化诊疗指南（试行）','  男女不限，年龄大于等于40岁，满足一下任意一条：\n1.胃癌高发地区人群\n2.幽门螺旋杆菌感染感染\n3.既往患有慢性萎缩性胃炎等胃癌癌前病变\n4.一级亲属罹患胃癌\n5.存在胃癌其它高危因素（吸烟、重度饮酒、高盐、腌制饮食等）\n检查需同时进行','胃癌','low','age>=40 and (locate(\'幽门螺旋杆菌阳性\',sufferedDiseases)>0 or locate(\'salty\',tag_foodStyle)>0 or locate(\'smoked\',tag_foodStyle)>0 or locate(\'cured\',tag_foodStyle)>0 or tag_smoke_age>1 or locate(\'胃\',sufferedDiseases)>0 or locate(\'胃癌\',inheritDiseases)>0 or locate(\'腺瘤\',inheritDiseases)>0 or locate(\'肠癌\',inheritDiseases)>0)','dismatch','toGenerate','2016-06-13 04:24:23','2016-06-13 04:24:23',NULL),('c6f7524fa23d47b1bf3f0128f64e50c6-low-e00f9b2d6bee4dc7aeb0d821f8ac068d','c6f7524fa23d47b1bf3f0128f64e50c6','e00f9b2d6bee4dc7aeb0d821f8ac068d','中华医学会消化内镜学分会消化系早癌内镜诊断与治疗协作组,中华医学会消化病学分会消化道肿瘤协作组,中华医学会消化病学分会消化病理学组','','将55～74岁的一般风险人群、40～74岁的高风险人群以及家族史不详的人群作为内镜筛查的目标人群。\n①长期居住于食管鳞癌高发区；②一级亲属有食管鳞癌病史；③既往有食管病变史(食管上皮内瘤变)；④本人有癌症史；⑤长期吸烟史；⑥长期饮酒史；⑦有不良饮食习惯如进食快、热烫饮食、高盐饮食、进食腌菜者。','一般风险人群：无上述任意1条者。（鉴于现有国际国内指南均未推荐筛查频率，本项目拟定胃癌筛查频率进行）','食管癌','low','age>=40 and age<=74 and (locate(\'fast\',tag_foodStyle)>0 or locate(\'hot\',tag_foodStyle)>0 or locate(\'salty\',tag_foodStyle)>0)','dismatch','toGenerate','2016-06-13 04:24:23','2016-06-13 04:24:23',NULL),('d4c8c8de8a4945fb84167ad46e7b24a3-high-07e68dd1ea5f4f549eb813f80ca0a7b5','d4c8c8de8a4945fb84167ad46e7b24a3','07e68dd1ea5f4f549eb813f80ca0a7b5',' 中华人民共和国卫生部(MINISTRY OF HEALTH OF THE PEOPLE`S REPUBLIC OF CHINA)','','年龄\r\n备注：包含牙周疾病及口腔癌等','大于60岁，半年一次','龋齿','high','age>=60','dismatch','toGenerate','2016-06-19 00:28:38','2016-06-19 00:28:38',NULL),('d4c8c8de8a4945fb84167ad46e7b24a3-high-1cfc1f8ff2dc4049b2422177cd3b9040','d4c8c8de8a4945fb84167ad46e7b24a3','1cfc1f8ff2dc4049b2422177cd3b9040',' 美国国家综合癌症网络(NCCN,National Comprehensive Cancer Network)','','1.吸烟史\n2.氡暴露史\n3.职业暴露：砒霜、铬、石棉、镍、镉、铍、硅、柴油烟雾（吸烟可以叠加）\n4.一级亲属罹患肺癌\n5.COPD及肺纤维化病史\n6.报警症状','或年龄大于50岁，并且吸烟指数大于20支.年，或包含任意一条危险因素（见关注因素）','肺癌','high','age>50 and tag_smoke_quantity>=20','pending','toGenerate','2016-06-19 00:28:38','2016-06-19 00:28:38',NULL),('d4c8c8de8a4945fb84167ad46e7b24a3-high-365153d2e9e44bf0a15ec2fb25c97c31','d4c8c8de8a4945fb84167ad46e7b24a3','365153d2e9e44bf0a15ec2fb25c97c31',' 美国预防医学工作组(USPSTF,U.S. Preventive Services Task Force)','','1.性别\r\n2.年龄\r\n3.吸烟\r\n4.家族史（一级亲属罹患腹主动脉瘤）\r\n5.既往史（既往被诊断：血管瘤、心、脑血管疾病、动脉粥样硬化、高胆固醇血症、肥胖和高血压）','男性\r\n吸烟超过100只\r\n年龄大于65岁','腹主动脉瘤','high','sex=\'男\' and age>=65 and tag_smoke_style!=\'no\'','pending','toGenerate','2016-06-19 00:28:38','2016-06-19 00:28:38',NULL),('d4c8c8de8a4945fb84167ad46e7b24a3-high-3841703bd931482fb3bc425b4178b813','d4c8c8de8a4945fb84167ad46e7b24a3','3841703bd931482fb3bc425b4178b813',' 中华医学会内镜学分会(CSDE,Chinese Society of Digestive Endoscopy) 中华医学会消化病学分会(CSGE,Chinese Society Of Gastroenterology)','','1.年龄\r\n2.结直肠腺瘤、锯齿状息肉及结直肠癌病史\r\n3.非特异性肠炎病史\r\n4.阳性家族史（Lynch综合征病史、多发性错构瘤综合征病史等）\r\n5.大便隐血实验结果\r\n6.具有以下两项及两项以上者：①慢性便秘；②黏液血便；③慢性腹泻；④慢性阑尾炎或阑尾切除史；⑤精神刺激史；⑥体重指数 (BMI) ＞28 kg/m2；⑦吸烟指数大于400只/年；慢性胆囊炎及胆囊切除史；慢性便秘指近2年来便秘每年在2个月以上','1.有便血、黑便、体重减轻、贫血等报警症状的人群\n2.大于50岁，包含：结直肠腺瘤、锯齿状息肉及结直肠癌病史；非特异性肠炎病史；阳性家族史（Lynch综合征病史、多发性错构瘤综合征病史等）可以理解为一级亲属有结直肠癌病史；大便隐血实验结果阳性；具有以下两项及两项以上者：①慢性便秘；②黏液血便；③慢性腹泻；④慢性阑尾炎或阑尾切除史；⑤精神刺激史；⑥体重指数 (BMI) ＞28 kg/m2；⑦吸烟指数大于400只/年；慢性胆囊炎及胆囊切除史；慢性便秘指近2年来便秘每年在2个月以上','结直肠癌','high','age>=50 and (tag_smoke_quantity>1 or weight/height/height*10000>28)','pending','toGenerate','2016-06-19 00:28:38','2016-06-19 00:28:38',NULL),('d4c8c8de8a4945fb84167ad46e7b24a3-high-3d1776a7aa894ceca869b38cbc5245fe','d4c8c8de8a4945fb84167ad46e7b24a3','3d1776a7aa894ceca869b38cbc5245fe',' 中华人民共和国卫生部(MINISTRY OF HEALTH OF THE PEOPLE`S REPUBLIC OF CHINA)','','年龄','年龄大于等于60岁','牙周病','high','age>=60','pending','toGenerate','2016-06-19 00:28:38','2016-06-19 00:28:38',NULL),('d4c8c8de8a4945fb84167ad46e7b24a3-high-40c2f59a7b2c4b50937da37b2b9f7919','d4c8c8de8a4945fb84167ad46e7b24a3','40c2f59a7b2c4b50937da37b2b9f7919',' 中华医学会心血管病学分会(Chinese Society of Cardiology)','','既往史：先天性心脏病、结缔组织病、HIV感染、减肥药物治疗史、肝病及贫血\n个人史：职业解除如印刷厂或加油站工人接触油类物品、HIV感染、男-男同性恋、吸毒及染发剂接触	婚育史：女性是否有习惯性流产、男性需了解直系女性亲属是否有习惯性流产	\n家族史：是否有诊断肺动脉高压或先心病史\n','既往史：先天性心脏病、结缔组织病、HIV感染、减肥药物治疗史、肝病及贫血\n个人史：职业解除如印刷厂或加油站工人接触油类物品、HIV感染、男-男同性恋、吸毒及染发剂接触	婚育史：女性是否有习惯性流产、男性需了解直系女性亲属是否有习惯性流产	\n家族史：是否有诊断肺动脉高压或先心病史\n胸部影像学检测提示有右心脏增大及肺动脉增粗表现\n如有非特异性临床表现和体征可更考虑疑诊','肺动脉高压','high','(locate(\'先天性心脏病\',sufferedDiseases)>0 or locate(\'HIV感染\',sufferedDiseases)>0 or locate(\'肝病\',sufferedDiseases)>0 or locate(\'贫血\',sufferedDiseases)>0 or locate(\'结缔组织病\',sufferedDiseases)>0 or locate(\'先天性心脏病\',inheritDiseases)>0)','pending','toGenerate','2016-06-19 00:28:38','2016-06-19 00:28:38',NULL),('d4c8c8de8a4945fb84167ad46e7b24a3-high-54cf2c7cb40c4d538f700e731894495e','d4c8c8de8a4945fb84167ad46e7b24a3','54cf2c7cb40c4d538f700e731894495e',' 中华人民共和国国家卫生和计划生育委员会(NHFPC,National Health and Family Planning Commission of China)','','HCV感染高危人群，包括： \r\na) 有静脉药瘾史者； \r\nb) 有职业或其他原因（纹身、穿孔、针灸等）所致的针刺伤史者； \r\nc) 有医源性暴露史，包括手术、透析、不洁口腔诊疗操作、器官或组织移植者； \r\nd） 有高危性行为史，如多个性伴、男男同性恋者； \r\ne) HCV感染者的性伴及家庭成员； \r\nf) HIV感染者及其性伴； \r\ng) HCV感染母亲所生的子女； \r\nh) 破损皮肤和赫膜被HCV感染者血液污染者； \r\ni) 有输血或应用血液制品史者（主要是1993年前有过输血或应用血制品者） \r\nj) 1996年前的供血浆者。 ','HCV感染高危人群，包括： \na) 有静脉药瘾史者； \nb) 有职业或其他原因（纹身、穿孔、针灸等）所致的针刺伤史者； \nc) 有医源性暴露史，包括手术、透析、不洁口腔诊疗操作、器官或组织移植者； \nd） 有高危性行为史，如多个性伴、男男同性恋者； \ne) HCV感染者的性伴及家庭成员； \nf) HIV感染者及其性伴； \ng) HCV感染母亲所生的子女； \nh) 破损皮肤和赫膜被HCV感染者血液污染者； \ni) 有输血或应用血液制品史者（主要是1993年前有过输血或应用血制品者） \nj) 1996年前的供血浆者。 ','丙型病毒性肝炎','high','tag_sexHomosex=true or tag_sexBehaviorStyle=\'highrisk\' or locate(\'HCV\',inheritDiseases)>0','pending','toGenerate','2016-06-19 00:28:38','2016-06-19 00:28:38',NULL),('d4c8c8de8a4945fb84167ad46e7b24a3-high-56f55df13386472c98df5a082a3ec9ae','d4c8c8de8a4945fb84167ad46e7b24a3','56f55df13386472c98df5a082a3ec9ae',' 美国预防医学工作组(USPSTF,U.S. Preventive Services Task Force)','','1.血压在正常高值者（130-139/85-89 mmHg）\r\n2.BMI大于24\r\n3.腹型肥胖：男性腰围大于90cm，女性大于85cm\r\n4.家族史（一、二级亲属罹患高血压）\r\n5.长期高盐饮食\r\n6.长期饮酒，日均大于等于100ml（2两）\r\n来源于（中国高血压基层管理指南（2014年修订版））','≥40岁的成人，血压在正常高值者（130-139/85-89 mmHg）、超重或肥胖者。','高血压','high','age>=40 and weight/height/height*10000>=24','dismatch','toGenerate','2016-06-19 00:28:38','2016-06-19 00:28:38',NULL),('d4c8c8de8a4945fb84167ad46e7b24a3-high-68db0e163064409286056fe21f7f27ad','d4c8c8de8a4945fb84167ad46e7b24a3','68db0e163064409286056fe21f7f27ad',' 北京市脑卒中诊疗质量控制与改进中心','','1.脂代谢异常\n2.高血压、糖尿\n3.吸烟及吸烟环境\n4.家族史：一二级亲属罹患脑动脉粥样硬化\n5.肥胖\n6.高同型半胱氨酸\n','大于45岁，包含一下一项或以上：1.高胆固醇或高甘油三酯血症；2.高血压；3.糖尿病；4.吸烟；5.家族史；6.大量饮酒；7.肥胖及不良饮食习惯（高热量、高脂肪）；8.缺乏规律有氧运动；9.被诊断高同型半胱氨酸','脑动脉粥样硬化','high','age>=45 and (locate(\'高血压\',sufferedDiseases)>0 or locate(\'糖尿病\',sufferedDiseases)>0 or locate(\'脑动脉粥样硬化\',inheritDiseases)>0)','dismatch','toGenerate','2016-06-19 00:28:38','2016-06-19 00:28:38',NULL),('d4c8c8de8a4945fb84167ad46e7b24a3-high-7c77c03835cc41dda72c27028ecb7585','d4c8c8de8a4945fb84167ad46e7b24a3','7c77c03835cc41dda72c27028ecb7585',' 中华医学会外科学分会胆道外科学组','','1.是否患有胆囊结石2.是否有胆囊慢性炎症3.是否有胆囊息肉4.是否存在胆胰管汇合异常5.家族史：胆囊癌及胆囊结石家族史6.是否有胆道系统感染7.是否肥胖，是否有糖尿病8.','(1)胆囊息肉；(2)年龄超过50岁，特别是女性；(3)肥胖症；(4)有胆石症或胆囊癌家族史。','胆囊癌','high','locate(\'胆囊息肉\',sufferedDiseases)>0 or (age>=50 and sex=\'女\') or locate(\'肥胖\',sufferedDiseases)>0 or locate(\'胆结石\',inheritDiseases)>0 or locate(\'胆囊癌\',inheritDiseases)>0','pending','toGenerate','2016-06-19 00:28:38','2016-06-19 00:28:38',NULL),('d4c8c8de8a4945fb84167ad46e7b24a3-high-89932374522c4cc4979d2c1206949377','d4c8c8de8a4945fb84167ad46e7b24a3','89932374522c4cc4979d2c1206949377','中华医学会内分泌学分会(CSE,Chinese Society of Endocrinology)','','成年人 (>18岁)具有下列任何一个及以上的糖尿病高危因素，可定义为糖尿病高危人群：\r\n\r\n(1)年龄≥40岁；\r\n\r\n(2)既往有糖尿病前期病史；\r\n\r\n(3)超重、肥胖 (体重指数≥24 kg/m2)，男性腰围≥90cm,女性腰围≥85cm；\r\n\r\n(4)静坐的生活方式；\r\n\r\n(5)一级亲属中有2型糖尿病家族史；\r\n\r\n(6)有巨大儿 (出生体重≥4 kg)生产史，妊娠期显性糖尿病或妊娠糖尿病病史的妇女；\r\n\r\n(7)高血压 [收缩压≥140 mmHg (1mmHg=0.133kPa)和(或)舒张压≥90 mmHg]或正在接受降压治疗；\r\n\r\n(8)血脂异常(高密度脂蛋白胆固醇≤0.91mmol/L及甘油三酯≥2.22mmol/L，或正在接受调脂治疗)；\r\n\r\n(9)动脉粥样硬化性CCVD患者；\r\n\r\n(10)有一过性类固醇性糖尿病病史者；\r\n\r\n(11)多囊卵巢综合征患者；\r\n\r\n(12)严重精神病和 (或)长期接受抗抑郁症药物治疗的患者。','成年人 (>18岁)具有下列任何一个及以上的糖尿病高危因素，可定义为糖尿病高危人群：\n\n(1)年龄≥40岁；\n\n(2)既往有糖尿病前期病史；\n\n(3)超重、肥胖 (体重指数≥24 kg/m2)，男性腰围≥90cm,女性腰围≥85cm；\n\n(4)静坐的生活方式；\n\n(5)一级亲属中有2型糖尿病家族史；\n\n(6)有巨大儿 (出生体重≥4 kg)生产史，妊娠期显性糖尿病或妊娠糖尿病病史的妇女；\n\n(7)高血压 [收缩压≥140 mmHg (1mmHg=0.133kPa)和(或)舒张压≥90 mmHg]或正在接受降压治疗；\n\n(8)血脂异常(高密度脂蛋白胆固醇≤0.91mmol/L及甘油三酯≥2.22mmol/L，或正在接受调脂治疗)；\n\n(9)动脉粥样硬化性CCVD患者；\n\n(10)有一过性类固醇性糖尿病病史者；\n\n(11)多囊卵巢综合征患者；\n\n(12)严重精神病和 (或)长期接受抗抑郁症药物治疗的患者。','成人2型糖尿病','high','age>=40 and (weight/height/height*10000>=24 or  locate(\'糖尿病\',inheritDiseases)>0 or locate(\'动脉粥样硬化\',sufferedDiseases)>0 or locate(\'一过性类固醇糖尿病\',sufferedDiseases)>0 or locate(\'多囊卵巢综合症\',sufferedDiseases))','pending','toGenerate','2016-06-19 00:28:38','2016-06-19 00:28:38',NULL),('d4c8c8de8a4945fb84167ad46e7b24a3-high-8a2b68cc6b054aa7a40b5763f14cec28','d4c8c8de8a4945fb84167ad46e7b24a3','8a2b68cc6b054aa7a40b5763f14cec28','美国妇产科医师学会(ACOG,American College of Obstetricians and Gynecologists)','','1.人乳头瘤病毒感染；2.过早性生活；3.多个性伙伴；4.多产；5.丈夫婚外性行为；6.阴茎癌；7.社会经济条件差；8.营养不良；9.吸烟','1.大于等于21岁\r\n2.有性行为','宫颈癌','high','age>=21 and tag_hasSexBehavior=true and (tag_sexParterners>1 or tag_sexBehaviorStyle=\'highrisk\')','dismatch','toGenerate','2016-06-19 00:28:38','2016-06-19 00:28:38',NULL),('d4c8c8de8a4945fb84167ad46e7b24a3-high-9a1bac66a1b640c2b1e106ecd37797e9','d4c8c8de8a4945fb84167ad46e7b24a3','9a1bac66a1b640c2b1e106ecd37797e9',' 美国国家综合癌症网络(NCCN,National Comprehensive Cancer Network)','','1.年龄\r\n2.是否有肝硬化\r\n3.饮酒\r\n4.乙型肝炎病毒感染\r\n5.丙型肝炎病毒感染\r\n6.非酒精性脂肪肝\r\n7.α1-抗胰蛋白酶缺乏症病史\r\n8.四期原发性胆汁性肝硬化病史\r\n9.遗传性血色病病史','1.各种原因导致的肝硬化患者\r\n2.乙肝携带者，男性大于等于40岁，女性大于等于50岁','肝癌','high','((age>=40 and sex=\'男\') or (age>=50 and sex=\'女\'))and locate(\'乙肝\',sufferedDiseases)>0','pending','toGenerate','2016-06-19 00:28:38','2016-06-19 00:28:38',NULL),('d4c8c8de8a4945fb84167ad46e7b24a3-high-a1ccc6a220a4465f964195c539c1d365','d4c8c8de8a4945fb84167ad46e7b24a3','a1ccc6a220a4465f964195c539c1d365','中国癌症筛查及早诊早治技术方案 人民卫生出版社','','1.地区：高发地区：鼻咽癌死亡率＞3/10万的地区（中国标化）：广东、广西、福建、湖南、江西\n2.家族史：有家族聚集倾向，一级亲属罹患过鼻咽癌的；\n3.喜食咸鱼、腌制食物的、长期接触甲醛的\n4.高镍环境（存疑）','满足2和或3-4 条\r\n年龄大于等于30岁','鼻咽癌','high','age>=30 and (locate(\'鼻咽癌\',inheritDiseases)>0 or locate(\'salty\',tag_foodStyle)>0)','pending','toGenerate','2016-06-19 00:28:38','2016-06-19 00:28:38',NULL),('d4c8c8de8a4945fb84167ad46e7b24a3-high-a26efd48e9484b22b8bf7477f7656630','d4c8c8de8a4945fb84167ad46e7b24a3','a26efd48e9484b22b8bf7477f7656630','美国国家综合癌症网络(NCCN,National Comprehensive Cancer Network)','','1.年龄\r\n2.家族史（一级亲属罹患前列腺癌）','年龄大于等于45岁','前列腺癌','high','age>=45 and sex=\'男\' and locate(\'前列腺癌\',inheritDiseases)>0','pending','toGenerate','2016-06-19 00:28:38','2016-06-19 00:28:38',NULL),('d4c8c8de8a4945fb84167ad46e7b24a3-high-a5c0a4318fb547c7bcf015480b2ca8c4','d4c8c8de8a4945fb84167ad46e7b24a3','a5c0a4318fb547c7bcf015480b2ca8c4',' 中国抗癌协会乳腺癌专业委员会(CACA-CBCS,Chinese Anti-Cancer Association, Committee of Breast Cancer Society)','','确定性因素：1.年龄；2.性别；3.绝经后体重增加 BMI≥30kg/m2或增加10公斤；4.高身材，身高大于175cm；5.雌激素水平（高内源性雌激素水平）；6.骨密度（升高者发病率升高）；7.良性乳腺疾病史；8.长期使用外源性雌激素；9.初潮较早或绝经较晚；10.未产妇及首次初产年龄大于等于35岁；11.乳腺癌个人史；12.一级亲属罹患乳腺癌；13.饮酒；14.吸烟；15.夜班工作；16.暴露于治疗性电离辐射；17.是否哺乳；18.大豆/植物雌激素应用；19.体育锻炼；\n不确定性因素：未录入','1.有明显的乳腺癌遗传倾向者\r\n2.既往有乳腺良恶性疾病患者\r\n3.既往行胸部放疗','乳腺癌','high','sex=\'女\' and (locate(\'乳腺\',sufferedDiseases)>0 or locate(\'乳腺\',inheritDiseases)>0 or height>175 or height/weight/weight*10000>=24)','pending','toGenerate','2016-06-19 00:28:38','2016-06-19 00:28:38',NULL),('d4c8c8de8a4945fb84167ad46e7b24a3-high-aa5f7b61e93f4c0a8639e2b2d8b3a933','d4c8c8de8a4945fb84167ad46e7b24a3','aa5f7b61e93f4c0a8639e2b2d8b3a933','中华医学会外科学分会胰腺外科学组','','1.年龄；2.家族史；3.60岁以上突发糖尿病；4.慢性胰腺炎病史；5.吸烟；6.饮酒；7.肥胖；8.远端胃大部切除术病史（时间大于20年）；9.接触萘胺及苯类化合物者\r\n前驱症状：消化不良、恶性、脂肪泻、黄疸、疼痛、体重减轻','1.年龄大于40岁，有非特异性上腹部不适症状；\n2.一级亲属有罹患胰腺癌\n3.年龄大于60岁，突发糖尿病，缺乏家族史，低体重指数，很快形成胰岛素抵抗\n4.慢性胰腺炎病史：特别是遗传性胰腺炎病史\n5.良性病变行远端胃大部切除术者，特别是术后20年以上人群\n6.导管内乳头状粘液瘤患者\n7.FAP 家族性腺瘤息肉病患者\n8.长期吸烟\n9.大量饮酒\n10.体重超重\n11.黑斑息肉综合征病史\n12.家族性恶性黑色素瘤病史','胰腺癌','high','(age>=40 and locate(\'胰腺癌\',inheritDiseases)>0 or locate(\'胰腺\',sufferedDiseases)>0) or (locate(\'突发性糖尿病\',sufferedDiseases)>0 and age>=60)','pending','toGenerate','2016-06-19 00:28:38','2016-06-19 00:28:38',NULL),('d4c8c8de8a4945fb84167ad46e7b24a3-high-ae6bcb0679ba4b7f83ec6aca09757dd6','d4c8c8de8a4945fb84167ad46e7b24a3','ae6bcb0679ba4b7f83ec6aca09757dd6',' 中华人民共和国国家卫生和计划生育委员会(NHFPC,National Health and Family Planning Commission of China)','','1.高血压史（≥140/90 mmHg）或正在服用降压药物 \n2.房颤和（或）心脏瓣膜病等心脏病\n3.吸烟\n4.血脂异常\n5.糖尿病\n6.BMI大于26\n7.很少进行体育活动\n8.有卒中家族史','1.以上8条满足3条\r\n2.既往有缺血性脑卒中病史或短暂性脑缺血发作病史','颈动脉狭窄','high','(locate(\'高血压\',sufferedDiseases)>0 or locate(\'房颤\',sufferedDiseases)>0 or locate(\'心脏\',sufferedDiseases)>0 or locate(\'糖尿病\',sufferedDiseases)>0 or tag_smoke_style!=\'no\') and (locate(\'脑卒中\',sufferedDiseases)>0 or locate(\'脑缺血\',sufferedDiseases)>0)','pending','toGenerate','2016-06-19 00:28:38','2016-06-19 00:28:38',NULL),('d4c8c8de8a4945fb84167ad46e7b24a3-high-b324470469f449a883059bebbc195bea','d4c8c8de8a4945fb84167ad46e7b24a3','b324470469f449a883059bebbc195bea',' 中华医学会内镜学分会(CSDE,Chinese Society of Digestive Endoscopy) 中国抗癌协会(Chinese Anti-cancer Association) 中国抗癌协会肿瘤内镜专业委员会','','1.性别：\n2.年龄\n3.饮食：加盐腌制蔬菜或烟熏肉和鱼。\n4.吸烟\n5.治疗：接受过胃部手术。\n6.癌前疾病：慢性萎缩性胃炎、胃溃疡、胃息肉。\n7.家族肿瘤疾病史：包括家族胃癌史，遗传性非息肉性肠癌，家族性腺瘤性息肉等遗传性疾病等。\n8.恶性贫血。\n9.肥胖：超过正常体重20～25公斤\n10.经济状况：经济较差的地区，胃癌的发病率较高。\n11.是否有贫血、消瘦、消化道出血、呕吐、上腹部不适、上腹部肿块.来源:2013卫计委胃癌规范化诊疗指南（试行）','1.幽门螺旋杆菌+，萎缩性胃炎-\n2.幽门螺旋杆菌+，萎缩性胃炎+\n3.幽门螺旋杆菌-，萎缩性胃炎-\n4.幽门螺旋杆菌-，萎缩性胃炎-按照一般人群处理','胃癌','high','locate(\'幽门螺旋杆菌阳性\',sufferedDiseases)>0 and (locate(\'salty\',tag_foodStyle)>0 or locate(\'smoked\',tag_foodStyle)>0 or locate(\'cured\',tag_foodStyle)>0 or tag_smoke_age>1 or locate(\'胃\',sufferedDiseases)>0 or locate(\'胃癌\',inheritDiseases)>0 or locate(\'腺瘤\',inheritDiseases)>0 or locate(\'肠癌\',inheritDiseases)>0)','pending','toGenerate','2016-06-19 00:28:38','2016-06-19 00:28:38',NULL),('d4c8c8de8a4945fb84167ad46e7b24a3-high-e00f9b2d6bee4dc7aeb0d821f8ac068d','d4c8c8de8a4945fb84167ad46e7b24a3','e00f9b2d6bee4dc7aeb0d821f8ac068d','中华医学会消化内镜学分会消化系早癌内镜诊断与治疗协作组,中华医学会消化病学分会消化道肿瘤协作组,中华医学会消化病学分会消化病理学组','','将55～74岁的一般风险人群、40～74岁的高风险人群以及家族史不详的人群作为内镜筛查的目标人群。\n①长期居住于食管鳞癌高发区；②一级亲属有食管鳞癌病史；③既往有食管病变史(食管上皮内瘤变)；④本人有癌症史；⑤长期吸烟史；⑥长期饮酒史；⑦有不良饮食习惯如进食快、热烫饮食、高盐饮食、进食腌菜者。','有以上任意1条者视为高危人群（鉴于现有国际国内指南均未推荐筛查频率，本项目拟定胃癌筛查频率进行）','食管癌','high','age>=55 and age<=74 and (locate(\'食管鳞癌\',inheritDiseases)>0  or locate(\'食管\',sufferedDiseases)>0 or locate(\'癌\',sufferedDiseases)>0 or tag_smoke_age>=10 or locate(\'fast\',tag_foodStyle)>0 or locate(\'hot\',tag_foodStyle)>0 or locate(\'salty\',tag_foodStyle)>0)','pending','toGenerate','2016-06-19 00:28:38','2016-06-19 00:28:38',NULL),('d4c8c8de8a4945fb84167ad46e7b24a3-low-07e68dd1ea5f4f549eb813f80ca0a7b5','d4c8c8de8a4945fb84167ad46e7b24a3','07e68dd1ea5f4f549eb813f80ca0a7b5',' 中华人民共和国卫生部(MINISTRY OF HEALTH OF THE PEOPLE`S REPUBLIC OF CHINA)','','年龄\r\n备注：包含牙周疾病及口腔癌等','大于18岁小于60岁，每年一次','龋齿','low','age>=18 and age<60','done','toGenerate','2016-06-19 00:28:38','2016-06-19 00:28:38',NULL),('d4c8c8de8a4945fb84167ad46e7b24a3-low-1cfc1f8ff2dc4049b2422177cd3b9040','d4c8c8de8a4945fb84167ad46e7b24a3','1cfc1f8ff2dc4049b2422177cd3b9040',' 美国国家综合癌症网络(NCCN,National Comprehensive Cancer Network)','','1.吸烟史\n2.氡暴露史\n3.职业暴露：砒霜、铬、石棉、镍、镉、铍、硅、柴油烟雾（吸烟可以叠加）\n4.一级亲属罹患肺癌\n5.COPD及肺纤维化病史\n6.报警症状','年龄大于等于55岁，并且吸烟指数大于30支.年，戒烟时间小于15年','肺癌','low','age>=55 and tag_smoke_quantity>=30','pending','toGenerate','2016-06-19 00:28:38','2016-06-19 00:28:38',NULL),('d4c8c8de8a4945fb84167ad46e7b24a3-low-365153d2e9e44bf0a15ec2fb25c97c31','d4c8c8de8a4945fb84167ad46e7b24a3','365153d2e9e44bf0a15ec2fb25c97c31',' 美国预防医学工作组(USPSTF,U.S. Preventive Services Task Force)','','1.性别\r\n2.年龄\r\n3.吸烟\r\n4.家族史（一级亲属罹患腹主动脉瘤）\r\n5.既往史（既往被诊断：血管瘤、心、脑血管疾病、动脉粥样硬化、高胆固醇血症、肥胖和高血压）','未吸烟男性，但包含以上危险因素','腹主动脉瘤','low','sex=\'男\' and tag_smoke_style=\'low\'','pending','toGenerate','2016-06-19 00:28:38','2016-06-19 00:28:38',NULL),('d4c8c8de8a4945fb84167ad46e7b24a3-low-3841703bd931482fb3bc425b4178b813','d4c8c8de8a4945fb84167ad46e7b24a3','3841703bd931482fb3bc425b4178b813',' 中华医学会内镜学分会(CSDE,Chinese Society of Digestive Endoscopy) 中华医学会消化病学分会(CSGE,Chinese Society Of Gastroenterology)','','1.年龄\r\n2.结直肠腺瘤、锯齿状息肉及结直肠癌病史\r\n3.非特异性肠炎病史\r\n4.阳性家族史（Lynch综合征病史、多发性错构瘤综合征病史等）\r\n5.大便隐血实验结果\r\n6.具有以下两项及两项以上者：①慢性便秘；②黏液血便；③慢性腹泻；④慢性阑尾炎或阑尾切除史；⑤精神刺激史；⑥体重指数 (BMI) ＞28 kg/m2；⑦吸烟指数大于400只/年；慢性胆囊炎及胆囊切除史；慢性便秘指近2年来便秘每年在2个月以上','年龄大于等于50岁，无以上危险因素','结直肠癌','low','age>=50','pending','toGenerate','2016-06-19 00:28:38','2016-06-19 00:28:38',NULL),('d4c8c8de8a4945fb84167ad46e7b24a3-low-3d1776a7aa894ceca869b38cbc5245fe','d4c8c8de8a4945fb84167ad46e7b24a3','3d1776a7aa894ceca869b38cbc5245fe',' 中华人民共和国卫生部(MINISTRY OF HEALTH OF THE PEOPLE`S REPUBLIC OF CHINA)','','年龄','大于18岁，小于60岁','牙周病','low','age>18 and age<60','pending','toGenerate','2016-06-19 00:28:38','2016-06-19 00:28:38',NULL),('d4c8c8de8a4945fb84167ad46e7b24a3-low-40c2f59a7b2c4b50937da37b2b9f7919','d4c8c8de8a4945fb84167ad46e7b24a3','40c2f59a7b2c4b50937da37b2b9f7919',' 中华医学会心血管病学分会(Chinese Society of Cardiology)','','既往史：先天性心脏病、结缔组织病、HIV感染、减肥药物治疗史、肝病及贫血\n个人史：职业解除如印刷厂或加油站工人接触油类物品、HIV感染、男-男同性恋、吸毒及染发剂接触	婚育史：女性是否有习惯性流产、男性需了解直系女性亲属是否有习惯性流产	\n家族史：是否有诊断肺动脉高压或先心病史\n','','肺动脉高压','low','1=0','pending','toGenerate','2016-06-19 00:28:38','2016-06-19 00:28:38',NULL),('d4c8c8de8a4945fb84167ad46e7b24a3-low-54cf2c7cb40c4d538f700e731894495e','d4c8c8de8a4945fb84167ad46e7b24a3','54cf2c7cb40c4d538f700e731894495e',' 中华人民共和国国家卫生和计划生育委员会(NHFPC,National Health and Family Planning Commission of China)','','HCV感染高危人群，包括： \r\na) 有静脉药瘾史者； \r\nb) 有职业或其他原因（纹身、穿孔、针灸等）所致的针刺伤史者； \r\nc) 有医源性暴露史，包括手术、透析、不洁口腔诊疗操作、器官或组织移植者； \r\nd） 有高危性行为史，如多个性伴、男男同性恋者； \r\ne) HCV感染者的性伴及家庭成员； \r\nf) HIV感染者及其性伴； \r\ng) HCV感染母亲所生的子女； \r\nh) 破损皮肤和赫膜被HCV感染者血液污染者； \r\ni) 有输血或应用血液制品史者（主要是1993年前有过输血或应用血制品者） \r\nj) 1996年前的供血浆者。 ','持续性血液透析者','丙型病毒性肝炎','low','locate(\'血液透析\',sufferedDiseases)>0','pending','toGenerate','2016-06-19 00:28:38','2016-06-19 00:28:38',NULL),('d4c8c8de8a4945fb84167ad46e7b24a3-low-56f55df13386472c98df5a082a3ec9ae','d4c8c8de8a4945fb84167ad46e7b24a3','56f55df13386472c98df5a082a3ec9ae',' 美国预防医学工作组(USPSTF,U.S. Preventive Services Task Force)','','1.血压在正常高值者（130-139/85-89 mmHg）\r\n2.BMI大于24\r\n3.腹型肥胖：男性腰围大于90cm，女性大于85cm\r\n4.家族史（一、二级亲属罹患高血压）\r\n5.长期高盐饮食\r\n6.长期饮酒，日均大于等于100ml（2两）\r\n来源于（中国高血压基层管理指南（2014年修订版））','18-39岁、血压正常（<130/85 mmHg）且没有危险因素。','高血压','low','age>=18 and age<40 and weight/height/height*10000<24','pending','toGenerate','2016-06-19 00:28:38','2016-06-19 00:28:38',NULL),('d4c8c8de8a4945fb84167ad46e7b24a3-low-68db0e163064409286056fe21f7f27ad','d4c8c8de8a4945fb84167ad46e7b24a3','68db0e163064409286056fe21f7f27ad',' 北京市脑卒中诊疗质量控制与改进中心','','1.脂代谢异常\n2.高血压、糖尿\n3.吸烟及吸烟环境\n4.家族史：一二级亲属罹患脑动脉粥样硬化\n5.肥胖\n6.高同型半胱氨酸\n','','脑动脉粥样硬化','low','age>=45','pending','toGenerate','2016-06-19 00:28:38','2016-06-19 00:28:38',NULL),('d4c8c8de8a4945fb84167ad46e7b24a3-low-7c77c03835cc41dda72c27028ecb7585','d4c8c8de8a4945fb84167ad46e7b24a3','7c77c03835cc41dda72c27028ecb7585',' 中华医学会外科学分会胆道外科学组','','1.是否患有胆囊结石2.是否有胆囊慢性炎症3.是否有胆囊息肉4.是否存在胆胰管汇合异常5.家族史：胆囊癌及胆囊结石家族史6.是否有胆道系统感染7.是否肥胖，是否有糖尿病8.','','胆囊癌','low','age>=50','pending','toGenerate','2016-06-19 00:28:38','2016-06-19 00:28:38',NULL),('d4c8c8de8a4945fb84167ad46e7b24a3-low-89932374522c4cc4979d2c1206949377','d4c8c8de8a4945fb84167ad46e7b24a3','89932374522c4cc4979d2c1206949377','中华医学会内分泌学分会(CSE,Chinese Society of Endocrinology)','','成年人 (>18岁)具有下列任何一个及以上的糖尿病高危因素，可定义为糖尿病高危人群：\r\n\r\n(1)年龄≥40岁；\r\n\r\n(2)既往有糖尿病前期病史；\r\n\r\n(3)超重、肥胖 (体重指数≥24 kg/m2)，男性腰围≥90cm,女性腰围≥85cm；\r\n\r\n(4)静坐的生活方式；\r\n\r\n(5)一级亲属中有2型糖尿病家族史；\r\n\r\n(6)有巨大儿 (出生体重≥4 kg)生产史，妊娠期显性糖尿病或妊娠糖尿病病史的妇女；\r\n\r\n(7)高血压 [收缩压≥140 mmHg (1mmHg=0.133kPa)和(或)舒张压≥90 mmHg]或正在接受降压治疗；\r\n\r\n(8)血脂异常(高密度脂蛋白胆固醇≤0.91mmol/L及甘油三酯≥2.22mmol/L，或正在接受调脂治疗)；\r\n\r\n(9)动脉粥样硬化性CCVD患者；\r\n\r\n(10)有一过性类固醇性糖尿病病史者；\r\n\r\n(11)多囊卵巢综合征患者；\r\n\r\n(12)严重精神病和 (或)长期接受抗抑郁症药物治疗的患者。','','成人2型糖尿病','low','age>=40','pending','toGenerate','2016-06-19 00:28:38','2016-06-19 00:28:38',NULL),('d4c8c8de8a4945fb84167ad46e7b24a3-low-8a2b68cc6b054aa7a40b5763f14cec28','d4c8c8de8a4945fb84167ad46e7b24a3','8a2b68cc6b054aa7a40b5763f14cec28','美国妇产科医师学会(ACOG,American College of Obstetricians and Gynecologists)','','1.人乳头瘤病毒感染；2.过早性生活；3.多个性伙伴；4.多产；5.丈夫婚外性行为；6.阴茎癌；7.社会经济条件差；8.营养不良；9.吸烟','21-29岁','宫颈癌','low','age>=21 and age<=29 and tag_hasSexBehavior=true','pending','toGenerate','2016-06-19 00:28:38','2016-06-19 00:28:38',NULL),('d4c8c8de8a4945fb84167ad46e7b24a3-low-9a1bac66a1b640c2b1e106ecd37797e9','d4c8c8de8a4945fb84167ad46e7b24a3','9a1bac66a1b640c2b1e106ecd37797e9',' 美国国家综合癌症网络(NCCN,National Comprehensive Cancer Network)','','1.年龄\r\n2.是否有肝硬化\r\n3.饮酒\r\n4.乙型肝炎病毒感染\r\n5.丙型肝炎病毒感染\r\n6.非酒精性脂肪肝\r\n7.α1-抗胰蛋白酶缺乏症病史\r\n8.四期原发性胆汁性肝硬化病史\r\n9.遗传性血色病病史','普通人群不推荐','肝癌','low','1=0','dismatch','toGenerate','2016-06-19 00:28:38','2016-06-19 00:28:38',NULL),('d4c8c8de8a4945fb84167ad46e7b24a3-low-a1ccc6a220a4465f964195c539c1d365','d4c8c8de8a4945fb84167ad46e7b24a3','a1ccc6a220a4465f964195c539c1d365','中国癌症筛查及早诊早治技术方案 人民卫生出版社','','1.地区：高发地区：鼻咽癌死亡率＞3/10万的地区（中国标化）：广东、广西、福建、湖南、江西\n2.家族史：有家族聚集倾向，一级亲属罹患过鼻咽癌的；\n3.喜食咸鱼、腌制食物的、长期接触甲醛的\n4.高镍环境（存疑）','','鼻咽癌','low','age>=30 and (locate(\'广东\',liveplace)>0 or locate(\'广西\',liveplace)>0 or locate(\'福建\',liveplace)>0 or locate(\'湖南\',liveplace)>0 or locate(\'江西\',liveplace)>0)','pending','toGenerate','2016-06-19 00:28:38','2016-06-19 00:28:38',NULL),('d4c8c8de8a4945fb84167ad46e7b24a3-low-a26efd48e9484b22b8bf7477f7656630','d4c8c8de8a4945fb84167ad46e7b24a3','a26efd48e9484b22b8bf7477f7656630','美国国家综合癌症网络(NCCN,National Comprehensive Cancer Network)','','1.年龄\r\n2.家族史（一级亲属罹患前列腺癌）','','前列腺癌','low','age>=45 and sex=\'男\'','pending','toGenerate','2016-06-19 00:28:38','2016-06-19 00:28:38',NULL),('d4c8c8de8a4945fb84167ad46e7b24a3-low-a5c0a4318fb547c7bcf015480b2ca8c4','d4c8c8de8a4945fb84167ad46e7b24a3','a5c0a4318fb547c7bcf015480b2ca8c4',' 中国抗癌协会乳腺癌专业委员会(CACA-CBCS,Chinese Anti-Cancer Association, Committee of Breast Cancer Society)','','确定性因素：1.年龄；2.性别；3.绝经后体重增加 BMI≥30kg/m2或增加10公斤；4.高身材，身高大于175cm；5.雌激素水平（高内源性雌激素水平）；6.骨密度（升高者发病率升高）；7.良性乳腺疾病史；8.长期使用外源性雌激素；9.初潮较早或绝经较晚；10.未产妇及首次初产年龄大于等于35岁；11.乳腺癌个人史；12.一级亲属罹患乳腺癌；13.饮酒；14.吸烟；15.夜班工作；16.暴露于治疗性电离辐射；17.是否哺乳；18.大豆/植物雌激素应用；19.体育锻炼；\n不确定性因素：未录入','无','乳腺癌','low','sex=\'女\' and (height>175 or height/weight/weight*10000>=24)','pending','toGenerate','2016-06-19 00:28:38','2016-06-19 00:28:38',NULL),('d4c8c8de8a4945fb84167ad46e7b24a3-low-aa5f7b61e93f4c0a8639e2b2d8b3a933','d4c8c8de8a4945fb84167ad46e7b24a3','aa5f7b61e93f4c0a8639e2b2d8b3a933','中华医学会外科学分会胰腺外科学组','','1.年龄；2.家族史；3.60岁以上突发糖尿病；4.慢性胰腺炎病史；5.吸烟；6.饮酒；7.肥胖；8.远端胃大部切除术病史（时间大于20年）；9.接触萘胺及苯类化合物者\r\n前驱症状：消化不良、恶性、脂肪泻、黄疸、疼痛、体重减轻','','胰腺癌','low','age>=40 and (tag_smoke_age>10 or height/weight/weight*10000>24)','dismatch','toGenerate','2016-06-19 00:28:38','2016-06-19 00:28:38',NULL),('d4c8c8de8a4945fb84167ad46e7b24a3-low-ae6bcb0679ba4b7f83ec6aca09757dd6','d4c8c8de8a4945fb84167ad46e7b24a3','ae6bcb0679ba4b7f83ec6aca09757dd6',' 中华人民共和国国家卫生和计划生育委员会(NHFPC,National Health and Family Planning Commission of China)','','1.高血压史（≥140/90 mmHg）或正在服用降压药物 \n2.房颤和（或）心脏瓣膜病等心脏病\n3.吸烟\n4.血脂异常\n5.糖尿病\n6.BMI大于26\n7.很少进行体育活动\n8.有卒中家族史','','颈动脉狭窄','low','locate(\'高血压\',sufferedDiseases)>0 or locate(\'房颤\',sufferedDiseases)>0 or locate(\'心脏\',sufferedDiseases)>0 or locate(\'糖尿病\',sufferedDiseases)>0 or tag_smoke_style!=\'no\'','pending','toGenerate','2016-06-19 00:28:38','2016-06-19 00:28:38',NULL),('d4c8c8de8a4945fb84167ad46e7b24a3-low-b324470469f449a883059bebbc195bea','d4c8c8de8a4945fb84167ad46e7b24a3','b324470469f449a883059bebbc195bea',' 中华医学会内镜学分会(CSDE,Chinese Society of Digestive Endoscopy) 中国抗癌协会(Chinese Anti-cancer Association) 中国抗癌协会肿瘤内镜专业委员会','','1.性别：\n2.年龄\n3.饮食：加盐腌制蔬菜或烟熏肉和鱼。\n4.吸烟\n5.治疗：接受过胃部手术。\n6.癌前疾病：慢性萎缩性胃炎、胃溃疡、胃息肉。\n7.家族肿瘤疾病史：包括家族胃癌史，遗传性非息肉性肠癌，家族性腺瘤性息肉等遗传性疾病等。\n8.恶性贫血。\n9.肥胖：超过正常体重20～25公斤\n10.经济状况：经济较差的地区，胃癌的发病率较高。\n11.是否有贫血、消瘦、消化道出血、呕吐、上腹部不适、上腹部肿块.来源:2013卫计委胃癌规范化诊疗指南（试行）','  男女不限，年龄大于等于40岁，满足一下任意一条：\n1.胃癌高发地区人群\n2.幽门螺旋杆菌感染感染\n3.既往患有慢性萎缩性胃炎等胃癌癌前病变\n4.一级亲属罹患胃癌\n5.存在胃癌其它高危因素（吸烟、重度饮酒、高盐、腌制饮食等）\n检查需同时进行','胃癌','low','age>=40 and (locate(\'幽门螺旋杆菌阳性\',sufferedDiseases)>0 or locate(\'salty\',tag_foodStyle)>0 or locate(\'smoked\',tag_foodStyle)>0 or locate(\'cured\',tag_foodStyle)>0 or tag_smoke_age>1 or locate(\'胃\',sufferedDiseases)>0 or locate(\'胃癌\',inheritDiseases)>0 or locate(\'腺瘤\',inheritDiseases)>0 or locate(\'肠癌\',inheritDiseases)>0)','pending','toGenerate','2016-06-19 00:28:38','2016-06-19 00:28:38',NULL),('d4c8c8de8a4945fb84167ad46e7b24a3-low-e00f9b2d6bee4dc7aeb0d821f8ac068d','d4c8c8de8a4945fb84167ad46e7b24a3','e00f9b2d6bee4dc7aeb0d821f8ac068d','中华医学会消化内镜学分会消化系早癌内镜诊断与治疗协作组,中华医学会消化病学分会消化道肿瘤协作组,中华医学会消化病学分会消化病理学组','','将55～74岁的一般风险人群、40～74岁的高风险人群以及家族史不详的人群作为内镜筛查的目标人群。\n①长期居住于食管鳞癌高发区；②一级亲属有食管鳞癌病史；③既往有食管病变史(食管上皮内瘤变)；④本人有癌症史；⑤长期吸烟史；⑥长期饮酒史；⑦有不良饮食习惯如进食快、热烫饮食、高盐饮食、进食腌菜者。','一般风险人群：无上述任意1条者。（鉴于现有国际国内指南均未推荐筛查频率，本项目拟定胃癌筛查频率进行）','食管癌','low','age>=40 and age<=74 and (locate(\'fast\',tag_foodStyle)>0 or locate(\'hot\',tag_foodStyle)>0 or locate(\'salty\',tag_foodStyle)>0)','pending','toGenerate','2016-06-19 00:28:38','2016-06-19 00:28:38',NULL),('d7d5b0d029b044e788e208044a24ad32-high-07e68dd1ea5f4f549eb813f80ca0a7b5','d7d5b0d029b044e788e208044a24ad32','07e68dd1ea5f4f549eb813f80ca0a7b5',' 中华人民共和国卫生部(MINISTRY OF HEALTH OF THE PEOPLE`S REPUBLIC OF CHINA)','','年龄\r\n备注：包含牙周疾病及口腔癌等','大于60岁，半年一次','龋齿','high','age>=60','dismatch','toGenerate','2016-06-13 04:24:24','2016-06-13 04:24:24',NULL),('d7d5b0d029b044e788e208044a24ad32-high-1cfc1f8ff2dc4049b2422177cd3b9040','d7d5b0d029b044e788e208044a24ad32','1cfc1f8ff2dc4049b2422177cd3b9040',' 美国国家综合癌症网络(NCCN,National Comprehensive Cancer Network)','','1.吸烟史\n2.氡暴露史\n3.职业暴露：砒霜、铬、石棉、镍、镉、铍、硅、柴油烟雾（吸烟可以叠加）\n4.一级亲属罹患肺癌\n5.COPD及肺纤维化病史\n6.报警症状','或年龄大于50岁，并且吸烟指数大于20支.年，或包含任意一条危险因素（见关注因素）','肺癌','high','age>50 and tag_smoke_quantity>=20','dismatch','toGenerate','2016-06-13 04:24:24','2016-06-13 04:24:24',NULL),('d7d5b0d029b044e788e208044a24ad32-high-365153d2e9e44bf0a15ec2fb25c97c31','d7d5b0d029b044e788e208044a24ad32','365153d2e9e44bf0a15ec2fb25c97c31',' 美国预防医学工作组(USPSTF,U.S. Preventive Services Task Force)','','1.性别\r\n2.年龄\r\n3.吸烟\r\n4.家族史（一级亲属罹患腹主动脉瘤）\r\n5.既往史（既往被诊断：血管瘤、心、脑血管疾病、动脉粥样硬化、高胆固醇血症、肥胖和高血压）','男性\r\n吸烟超过100只\r\n年龄大于65岁','腹主动脉瘤','high','sex=\'男\' and age>=65 and tag_smoke_style!=\'no\'','dismatch','toGenerate','2016-06-13 04:24:23','2016-06-13 04:24:23',NULL),('d7d5b0d029b044e788e208044a24ad32-high-3841703bd931482fb3bc425b4178b813','d7d5b0d029b044e788e208044a24ad32','3841703bd931482fb3bc425b4178b813',' 中华医学会内镜学分会(CSDE,Chinese Society of Digestive Endoscopy) 中华医学会消化病学分会(CSGE,Chinese Society Of Gastroenterology)','','1.年龄\r\n2.结直肠腺瘤、锯齿状息肉及结直肠癌病史\r\n3.非特异性肠炎病史\r\n4.阳性家族史（Lynch综合征病史、多发性错构瘤综合征病史等）\r\n5.大便隐血实验结果\r\n6.具有以下两项及两项以上者：①慢性便秘；②黏液血便；③慢性腹泻；④慢性阑尾炎或阑尾切除史；⑤精神刺激史；⑥体重指数 (BMI) ＞28 kg/m2；⑦吸烟指数大于400只/年；慢性胆囊炎及胆囊切除史；慢性便秘指近2年来便秘每年在2个月以上','1.有便血、黑便、体重减轻、贫血等报警症状的人群\n2.大于50岁，包含：结直肠腺瘤、锯齿状息肉及结直肠癌病史；非特异性肠炎病史；阳性家族史（Lynch综合征病史、多发性错构瘤综合征病史等）可以理解为一级亲属有结直肠癌病史；大便隐血实验结果阳性；具有以下两项及两项以上者：①慢性便秘；②黏液血便；③慢性腹泻；④慢性阑尾炎或阑尾切除史；⑤精神刺激史；⑥体重指数 (BMI) ＞28 kg/m2；⑦吸烟指数大于400只/年；慢性胆囊炎及胆囊切除史；慢性便秘指近2年来便秘每年在2个月以上','结直肠癌','high','age>=50 and (tag_smoke_quantity>1 or weight/height/height*10000>28)','dismatch','toGenerate','2016-06-13 04:24:23','2016-06-13 04:24:23',NULL),('d7d5b0d029b044e788e208044a24ad32-high-3d1776a7aa894ceca869b38cbc5245fe','d7d5b0d029b044e788e208044a24ad32','3d1776a7aa894ceca869b38cbc5245fe',' 中华人民共和国卫生部(MINISTRY OF HEALTH OF THE PEOPLE`S REPUBLIC OF CHINA)','','年龄','年龄大于等于60岁','牙周病','high','age>=60','dismatch','toGenerate','2016-06-13 04:24:24','2016-06-13 04:24:24',NULL),('d7d5b0d029b044e788e208044a24ad32-high-40c2f59a7b2c4b50937da37b2b9f7919','d7d5b0d029b044e788e208044a24ad32','40c2f59a7b2c4b50937da37b2b9f7919',' 中华医学会心血管病学分会(Chinese Society of Cardiology)','','既往史：先天性心脏病、结缔组织病、HIV感染、减肥药物治疗史、肝病及贫血\n个人史：职业解除如印刷厂或加油站工人接触油类物品、HIV感染、男-男同性恋、吸毒及染发剂接触	婚育史：女性是否有习惯性流产、男性需了解直系女性亲属是否有习惯性流产	\n家族史：是否有诊断肺动脉高压或先心病史\n','既往史：先天性心脏病、结缔组织病、HIV感染、减肥药物治疗史、肝病及贫血\n个人史：职业解除如印刷厂或加油站工人接触油类物品、HIV感染、男-男同性恋、吸毒及染发剂接触	婚育史：女性是否有习惯性流产、男性需了解直系女性亲属是否有习惯性流产	\n家族史：是否有诊断肺动脉高压或先心病史\n胸部影像学检测提示有右心脏增大及肺动脉增粗表现\n如有非特异性临床表现和体征可更考虑疑诊','肺动脉高压','high','(locate(\'先天性心脏病\',sufferedDiseases)>0 or locate(\'HIV感染\',sufferedDiseases)>0 or locate(\'肝病\',sufferedDiseases)>0 or locate(\'贫血\',sufferedDiseases)>0 or locate(\'结缔组织病\',sufferedDiseases)>0 or locate(\'先天性心脏病\',inheritDiseases)>0)','dismatch','toGenerate','2016-06-13 04:24:23','2016-06-13 04:24:23',NULL),('d7d5b0d029b044e788e208044a24ad32-high-54cf2c7cb40c4d538f700e731894495e','d7d5b0d029b044e788e208044a24ad32','54cf2c7cb40c4d538f700e731894495e',' 中华人民共和国国家卫生和计划生育委员会(NHFPC,National Health and Family Planning Commission of China)','','HCV感染高危人群，包括： \r\na) 有静脉药瘾史者； \r\nb) 有职业或其他原因（纹身、穿孔、针灸等）所致的针刺伤史者； \r\nc) 有医源性暴露史，包括手术、透析、不洁口腔诊疗操作、器官或组织移植者； \r\nd） 有高危性行为史，如多个性伴、男男同性恋者； \r\ne) HCV感染者的性伴及家庭成员； \r\nf) HIV感染者及其性伴； \r\ng) HCV感染母亲所生的子女； \r\nh) 破损皮肤和赫膜被HCV感染者血液污染者； \r\ni) 有输血或应用血液制品史者（主要是1993年前有过输血或应用血制品者） \r\nj) 1996年前的供血浆者。 ','HCV感染高危人群，包括： \na) 有静脉药瘾史者； \nb) 有职业或其他原因（纹身、穿孔、针灸等）所致的针刺伤史者； \nc) 有医源性暴露史，包括手术、透析、不洁口腔诊疗操作、器官或组织移植者； \nd） 有高危性行为史，如多个性伴、男男同性恋者； \ne) HCV感染者的性伴及家庭成员； \nf) HIV感染者及其性伴； \ng) HCV感染母亲所生的子女； \nh) 破损皮肤和赫膜被HCV感染者血液污染者； \ni) 有输血或应用血液制品史者（主要是1993年前有过输血或应用血制品者） \nj) 1996年前的供血浆者。 ','丙型病毒性肝炎','high','tag_sexHomosex=true or tag_sexBehaviorStyle=\'highrisk\' or locate(\'HCV\',inheritDiseases)>0','dismatch','toGenerate','2016-06-13 04:24:24','2016-06-13 04:24:24',NULL),('d7d5b0d029b044e788e208044a24ad32-high-56f55df13386472c98df5a082a3ec9ae','d7d5b0d029b044e788e208044a24ad32','56f55df13386472c98df5a082a3ec9ae',' 美国预防医学工作组(USPSTF,U.S. Preventive Services Task Force)','','1.血压在正常高值者（130-139/85-89 mmHg）\r\n2.BMI大于24\r\n3.腹型肥胖：男性腰围大于90cm，女性大于85cm\r\n4.家族史（一、二级亲属罹患高血压）\r\n5.长期高盐饮食\r\n6.长期饮酒，日均大于等于100ml（2两）\r\n来源于（中国高血压基层管理指南（2014年修订版））','≥40岁的成人，血压在正常高值者（130-139/85-89 mmHg）、超重或肥胖者。','高血压','high','age>=40 and weight/height/height*10000>=24','dismatch','toGenerate','2016-06-13 04:24:24','2016-06-13 04:24:24',NULL),('d7d5b0d029b044e788e208044a24ad32-high-68db0e163064409286056fe21f7f27ad','d7d5b0d029b044e788e208044a24ad32','68db0e163064409286056fe21f7f27ad',' 北京市脑卒中诊疗质量控制与改进中心','','1.脂代谢异常\n2.高血压、糖尿\n3.吸烟及吸烟环境\n4.家族史：一二级亲属罹患脑动脉粥样硬化\n5.肥胖\n6.高同型半胱氨酸\n','大于45岁，包含一下一项或以上：1.高胆固醇或高甘油三酯血症；2.高血压；3.糖尿病；4.吸烟；5.家族史；6.大量饮酒；7.肥胖及不良饮食习惯（高热量、高脂肪）；8.缺乏规律有氧运动；9.被诊断高同型半胱氨酸','脑动脉粥样硬化','high','age>=45 and (locate(\'高血压\',sufferedDiseases)>0 or locate(\'糖尿病\',sufferedDiseases)>0 or locate(\'脑动脉粥样硬化\',inheritDiseases)>0)','dismatch','toGenerate','2016-06-13 04:24:24','2016-06-13 04:24:24',NULL),('d7d5b0d029b044e788e208044a24ad32-high-7c77c03835cc41dda72c27028ecb7585','d7d5b0d029b044e788e208044a24ad32','7c77c03835cc41dda72c27028ecb7585',' 中华医学会外科学分会胆道外科学组','','1.是否患有胆囊结石2.是否有胆囊慢性炎症3.是否有胆囊息肉4.是否存在胆胰管汇合异常5.家族史：胆囊癌及胆囊结石家族史6.是否有胆道系统感染7.是否肥胖，是否有糖尿病8.','(1)胆囊息肉；(2)年龄超过50岁，特别是女性；(3)肥胖症；(4)有胆石症或胆囊癌家族史。','胆囊癌','high','locate(\'胆囊息肉\',sufferedDiseases)>0 or (age>=50 and sex=\'女\') or locate(\'肥胖\',sufferedDiseases)>0 or locate(\'胆结石\',inheritDiseases)>0 or locate(\'胆囊癌\',inheritDiseases)>0','done','toRelease','2016-06-13 04:24:24','2016-06-13 04:24:24',NULL),('d7d5b0d029b044e788e208044a24ad32-high-89932374522c4cc4979d2c1206949377','d7d5b0d029b044e788e208044a24ad32','89932374522c4cc4979d2c1206949377','中华医学会内分泌学分会(CSE,Chinese Society of Endocrinology)','','成年人 (>18岁)具有下列任何一个及以上的糖尿病高危因素，可定义为糖尿病高危人群：\r\n\r\n(1)年龄≥40岁；\r\n\r\n(2)既往有糖尿病前期病史；\r\n\r\n(3)超重、肥胖 (体重指数≥24 kg/m2)，男性腰围≥90cm,女性腰围≥85cm；\r\n\r\n(4)静坐的生活方式；\r\n\r\n(5)一级亲属中有2型糖尿病家族史；\r\n\r\n(6)有巨大儿 (出生体重≥4 kg)生产史，妊娠期显性糖尿病或妊娠糖尿病病史的妇女；\r\n\r\n(7)高血压 [收缩压≥140 mmHg (1mmHg=0.133kPa)和(或)舒张压≥90 mmHg]或正在接受降压治疗；\r\n\r\n(8)血脂异常(高密度脂蛋白胆固醇≤0.91mmol/L及甘油三酯≥2.22mmol/L，或正在接受调脂治疗)；\r\n\r\n(9)动脉粥样硬化性CCVD患者；\r\n\r\n(10)有一过性类固醇性糖尿病病史者；\r\n\r\n(11)多囊卵巢综合征患者；\r\n\r\n(12)严重精神病和 (或)长期接受抗抑郁症药物治疗的患者。','成年人 (>18岁)具有下列任何一个及以上的糖尿病高危因素，可定义为糖尿病高危人群：\n\n(1)年龄≥40岁；\n\n(2)既往有糖尿病前期病史；\n\n(3)超重、肥胖 (体重指数≥24 kg/m2)，男性腰围≥90cm,女性腰围≥85cm；\n\n(4)静坐的生活方式；\n\n(5)一级亲属中有2型糖尿病家族史；\n\n(6)有巨大儿 (出生体重≥4 kg)生产史，妊娠期显性糖尿病或妊娠糖尿病病史的妇女；\n\n(7)高血压 [收缩压≥140 mmHg (1mmHg=0.133kPa)和(或)舒张压≥90 mmHg]或正在接受降压治疗；\n\n(8)血脂异常(高密度脂蛋白胆固醇≤0.91mmol/L及甘油三酯≥2.22mmol/L，或正在接受调脂治疗)；\n\n(9)动脉粥样硬化性CCVD患者；\n\n(10)有一过性类固醇性糖尿病病史者；\n\n(11)多囊卵巢综合征患者；\n\n(12)严重精神病和 (或)长期接受抗抑郁症药物治疗的患者。','成人2型糖尿病','high','age>=40 and (weight/height/height*10000>=24 or  locate(\'糖尿病\',inheritDiseases)>0 or locate(\'动脉粥样硬化\',sufferedDiseases)>0 or locate(\'一过性类固醇糖尿病\',sufferedDiseases)>0 or locate(\'多囊卵巢综合症\',sufferedDiseases))','dismatch','toGenerate','2016-06-13 04:24:24','2016-06-13 04:24:24',NULL),('d7d5b0d029b044e788e208044a24ad32-high-8a2b68cc6b054aa7a40b5763f14cec28','d7d5b0d029b044e788e208044a24ad32','8a2b68cc6b054aa7a40b5763f14cec28','美国妇产科医师学会(ACOG,American College of Obstetricians and Gynecologists)','','1.人乳头瘤病毒感染；2.过早性生活；3.多个性伙伴；4.多产；5.丈夫婚外性行为；6.阴茎癌；7.社会经济条件差；8.营养不良；9.吸烟','1.大于等于21岁\r\n2.有性行为','宫颈癌','high','age>=21 and tag_hasSexBehavior=true and (tag_sexParterners>1 or tag_sexBehaviorStyle=\'highrisk\')','dismatch','toGenerate','2016-06-13 04:24:24','2016-06-13 04:24:24',NULL),('d7d5b0d029b044e788e208044a24ad32-high-9a1bac66a1b640c2b1e106ecd37797e9','d7d5b0d029b044e788e208044a24ad32','9a1bac66a1b640c2b1e106ecd37797e9',' 美国国家综合癌症网络(NCCN,National Comprehensive Cancer Network)','','1.年龄\r\n2.是否有肝硬化\r\n3.饮酒\r\n4.乙型肝炎病毒感染\r\n5.丙型肝炎病毒感染\r\n6.非酒精性脂肪肝\r\n7.α1-抗胰蛋白酶缺乏症病史\r\n8.四期原发性胆汁性肝硬化病史\r\n9.遗传性血色病病史','1.各种原因导致的肝硬化患者\r\n2.乙肝携带者，男性大于等于40岁，女性大于等于50岁','肝癌','high','((age>=40 and sex=\'男\') or (age>=50 and sex=\'女\'))and locate(\'乙肝\',sufferedDiseases)>0','dismatch','toGenerate','2016-06-13 04:24:24','2016-06-13 04:24:24',NULL),('d7d5b0d029b044e788e208044a24ad32-high-a1ccc6a220a4465f964195c539c1d365','d7d5b0d029b044e788e208044a24ad32','a1ccc6a220a4465f964195c539c1d365','中国癌症筛查及早诊早治技术方案 人民卫生出版社','','1.地区：高发地区：鼻咽癌死亡率＞3/10万的地区（中国标化）：广东、广西、福建、湖南、江西\n2.家族史：有家族聚集倾向，一级亲属罹患过鼻咽癌的；\n3.喜食咸鱼、腌制食物的、长期接触甲醛的\n4.高镍环境（存疑）','满足2和或3-4 条\r\n年龄大于等于30岁','鼻咽癌','high','age>=30 and (locate(\'鼻咽癌\',inheritDiseases)>0 or locate(\'salty\',tag_foodStyle)>0)','dismatch','toGenerate','2016-06-13 04:24:24','2016-06-13 04:24:24',NULL),('d7d5b0d029b044e788e208044a24ad32-high-a26efd48e9484b22b8bf7477f7656630','d7d5b0d029b044e788e208044a24ad32','a26efd48e9484b22b8bf7477f7656630','美国国家综合癌症网络(NCCN,National Comprehensive Cancer Network)','','1.年龄\r\n2.家族史（一级亲属罹患前列腺癌）','年龄大于等于45岁','前列腺癌','high','age>=45 and sex=\'男\' and locate(\'前列腺癌\',inheritDiseases)>0','dismatch','toGenerate','2016-06-13 04:24:23','2016-06-13 04:24:23',NULL),('d7d5b0d029b044e788e208044a24ad32-high-a5c0a4318fb547c7bcf015480b2ca8c4','d7d5b0d029b044e788e208044a24ad32','a5c0a4318fb547c7bcf015480b2ca8c4',' 中国抗癌协会乳腺癌专业委员会(CACA-CBCS,Chinese Anti-Cancer Association, Committee of Breast Cancer Society)','','确定性因素：1.年龄；2.性别；3.绝经后体重增加 BMI≥30kg/m2或增加10公斤；4.高身材，身高大于175cm；5.雌激素水平（高内源性雌激素水平）；6.骨密度（升高者发病率升高）；7.良性乳腺疾病史；8.长期使用外源性雌激素；9.初潮较早或绝经较晚；10.未产妇及首次初产年龄大于等于35岁；11.乳腺癌个人史；12.一级亲属罹患乳腺癌；13.饮酒；14.吸烟；15.夜班工作；16.暴露于治疗性电离辐射；17.是否哺乳；18.大豆/植物雌激素应用；19.体育锻炼；\n不确定性因素：未录入','1.有明显的乳腺癌遗传倾向者\r\n2.既往有乳腺良恶性疾病患者\r\n3.既往行胸部放疗','乳腺癌','high','sex=\'女\' and (locate(\'乳腺\',sufferedDiseases)>0 or locate(\'乳腺\',inheritDiseases)>0 or height>175 or height/weight/weight*10000>=24)','dismatch','toGenerate','2016-06-13 04:24:23','2016-06-13 04:24:23',NULL),('d7d5b0d029b044e788e208044a24ad32-high-aa5f7b61e93f4c0a8639e2b2d8b3a933','d7d5b0d029b044e788e208044a24ad32','aa5f7b61e93f4c0a8639e2b2d8b3a933','中华医学会外科学分会胰腺外科学组','','1.年龄；2.家族史；3.60岁以上突发糖尿病；4.慢性胰腺炎病史；5.吸烟；6.饮酒；7.肥胖；8.远端胃大部切除术病史（时间大于20年）；9.接触萘胺及苯类化合物者\r\n前驱症状：消化不良、恶性、脂肪泻、黄疸、疼痛、体重减轻','1.年龄大于40岁，有非特异性上腹部不适症状；\n2.一级亲属有罹患胰腺癌\n3.年龄大于60岁，突发糖尿病，缺乏家族史，低体重指数，很快形成胰岛素抵抗\n4.慢性胰腺炎病史：特别是遗传性胰腺炎病史\n5.良性病变行远端胃大部切除术者，特别是术后20年以上人群\n6.导管内乳头状粘液瘤患者\n7.FAP 家族性腺瘤息肉病患者\n8.长期吸烟\n9.大量饮酒\n10.体重超重\n11.黑斑息肉综合征病史\n12.家族性恶性黑色素瘤病史','胰腺癌','high','(age>=40 and locate(\'胰腺癌\',inheritDiseases)>0 or locate(\'胰腺\',sufferedDiseases)>0) or (locate(\'突发性糖尿病\',sufferedDiseases)>0 and age>=60)','dismatch','toGenerate','2016-06-13 04:24:24','2016-06-13 04:24:24',NULL),('d7d5b0d029b044e788e208044a24ad32-high-ae6bcb0679ba4b7f83ec6aca09757dd6','d7d5b0d029b044e788e208044a24ad32','ae6bcb0679ba4b7f83ec6aca09757dd6',' 中华人民共和国国家卫生和计划生育委员会(NHFPC,National Health and Family Planning Commission of China)','','1.高血压史（≥140/90 mmHg）或正在服用降压药物 \n2.房颤和（或）心脏瓣膜病等心脏病\n3.吸烟\n4.血脂异常\n5.糖尿病\n6.BMI大于26\n7.很少进行体育活动\n8.有卒中家族史','1.以上8条满足3条\r\n2.既往有缺血性脑卒中病史或短暂性脑缺血发作病史','颈动脉狭窄','high','(locate(\'高血压\',sufferedDiseases)>0 or locate(\'房颤\',sufferedDiseases)>0 or locate(\'心脏\',sufferedDiseases)>0 or locate(\'糖尿病\',sufferedDiseases)>0 or tag_smoke_style!=\'no\') and (locate(\'脑卒中\',sufferedDiseases)>0 or locate(\'脑缺血\',sufferedDiseases)>0)','dismatch','toGenerate','2016-06-13 04:24:24','2016-06-13 04:24:24',NULL),('d7d5b0d029b044e788e208044a24ad32-high-b324470469f449a883059bebbc195bea','d7d5b0d029b044e788e208044a24ad32','b324470469f449a883059bebbc195bea',' 中华医学会内镜学分会(CSDE,Chinese Society of Digestive Endoscopy) 中国抗癌协会(Chinese Anti-cancer Association) 中国抗癌协会肿瘤内镜专业委员会','','1.性别：\n2.年龄\n3.饮食：加盐腌制蔬菜或烟熏肉和鱼。\n4.吸烟\n5.治疗：接受过胃部手术。\n6.癌前疾病：慢性萎缩性胃炎、胃溃疡、胃息肉。\n7.家族肿瘤疾病史：包括家族胃癌史，遗传性非息肉性肠癌，家族性腺瘤性息肉等遗传性疾病等。\n8.恶性贫血。\n9.肥胖：超过正常体重20～25公斤\n10.经济状况：经济较差的地区，胃癌的发病率较高。\n11.是否有贫血、消瘦、消化道出血、呕吐、上腹部不适、上腹部肿块.来源:2013卫计委胃癌规范化诊疗指南（试行）','1.幽门螺旋杆菌+，萎缩性胃炎-\n2.幽门螺旋杆菌+，萎缩性胃炎+\n3.幽门螺旋杆菌-，萎缩性胃炎-\n4.幽门螺旋杆菌-，萎缩性胃炎-按照一般人群处理','胃癌','high','locate(\'幽门螺旋杆菌阳性\',sufferedDiseases)>0 and (locate(\'salty\',tag_foodStyle)>0 or locate(\'smoked\',tag_foodStyle)>0 or locate(\'cured\',tag_foodStyle)>0 or tag_smoke_age>1 or locate(\'胃\',sufferedDiseases)>0 or locate(\'胃癌\',inheritDiseases)>0 or locate(\'腺瘤\',inheritDiseases)>0 or locate(\'肠癌\',inheritDiseases)>0)','dismatch','toGenerate','2016-06-13 04:24:24','2016-06-13 04:24:24',NULL),('d7d5b0d029b044e788e208044a24ad32-high-e00f9b2d6bee4dc7aeb0d821f8ac068d','d7d5b0d029b044e788e208044a24ad32','e00f9b2d6bee4dc7aeb0d821f8ac068d','中华医学会消化内镜学分会消化系早癌内镜诊断与治疗协作组,中华医学会消化病学分会消化道肿瘤协作组,中华医学会消化病学分会消化病理学组','','将55～74岁的一般风险人群、40～74岁的高风险人群以及家族史不详的人群作为内镜筛查的目标人群。\n①长期居住于食管鳞癌高发区；②一级亲属有食管鳞癌病史；③既往有食管病变史(食管上皮内瘤变)；④本人有癌症史；⑤长期吸烟史；⑥长期饮酒史；⑦有不良饮食习惯如进食快、热烫饮食、高盐饮食、进食腌菜者。','有以上任意1条者视为高危人群（鉴于现有国际国内指南均未推荐筛查频率，本项目拟定胃癌筛查频率进行）','食管癌','high','age>=55 and age<=74 and (locate(\'食管鳞癌\',inheritDiseases)>0  or locate(\'食管\',sufferedDiseases)>0 or locate(\'癌\',sufferedDiseases)>0 or tag_smoke_age>=10 or locate(\'fast\',tag_foodStyle)>0 or locate(\'hot\',tag_foodStyle)>0 or locate(\'salty\',tag_foodStyle)>0)','dismatch','toGenerate','2016-06-13 04:24:24','2016-06-13 04:24:24',NULL),('d7d5b0d029b044e788e208044a24ad32-low-07e68dd1ea5f4f549eb813f80ca0a7b5','d7d5b0d029b044e788e208044a24ad32','07e68dd1ea5f4f549eb813f80ca0a7b5',' 中华人民共和国卫生部(MINISTRY OF HEALTH OF THE PEOPLE`S REPUBLIC OF CHINA)','','年龄\r\n备注：包含牙周疾病及口腔癌等','大于18岁小于60岁，每年一次','龋齿','low','age>=18 and age<60','done','toRelease','2016-06-13 04:24:24','2016-06-13 04:24:24',NULL),('d7d5b0d029b044e788e208044a24ad32-low-1cfc1f8ff2dc4049b2422177cd3b9040','d7d5b0d029b044e788e208044a24ad32','1cfc1f8ff2dc4049b2422177cd3b9040',' 美国国家综合癌症网络(NCCN,National Comprehensive Cancer Network)','','1.吸烟史\n2.氡暴露史\n3.职业暴露：砒霜、铬、石棉、镍、镉、铍、硅、柴油烟雾（吸烟可以叠加）\n4.一级亲属罹患肺癌\n5.COPD及肺纤维化病史\n6.报警症状','年龄大于等于55岁，并且吸烟指数大于30支.年，戒烟时间小于15年','肺癌','low','age>=55 and tag_smoke_quantity>=30','dismatch','toGenerate','2016-06-13 04:24:23','2016-06-13 04:24:23',NULL),('d7d5b0d029b044e788e208044a24ad32-low-365153d2e9e44bf0a15ec2fb25c97c31','d7d5b0d029b044e788e208044a24ad32','365153d2e9e44bf0a15ec2fb25c97c31',' 美国预防医学工作组(USPSTF,U.S. Preventive Services Task Force)','','1.性别\r\n2.年龄\r\n3.吸烟\r\n4.家族史（一级亲属罹患腹主动脉瘤）\r\n5.既往史（既往被诊断：血管瘤、心、脑血管疾病、动脉粥样硬化、高胆固醇血症、肥胖和高血压）','未吸烟男性，但包含以上危险因素','腹主动脉瘤','low','sex=\'男\' and tag_smoke_style=\'low\'','dismatch','toGenerate','2016-06-13 04:24:23','2016-06-13 04:24:23',NULL),('d7d5b0d029b044e788e208044a24ad32-low-3841703bd931482fb3bc425b4178b813','d7d5b0d029b044e788e208044a24ad32','3841703bd931482fb3bc425b4178b813',' 中华医学会内镜学分会(CSDE,Chinese Society of Digestive Endoscopy) 中华医学会消化病学分会(CSGE,Chinese Society Of Gastroenterology)','','1.年龄\r\n2.结直肠腺瘤、锯齿状息肉及结直肠癌病史\r\n3.非特异性肠炎病史\r\n4.阳性家族史（Lynch综合征病史、多发性错构瘤综合征病史等）\r\n5.大便隐血实验结果\r\n6.具有以下两项及两项以上者：①慢性便秘；②黏液血便；③慢性腹泻；④慢性阑尾炎或阑尾切除史；⑤精神刺激史；⑥体重指数 (BMI) ＞28 kg/m2；⑦吸烟指数大于400只/年；慢性胆囊炎及胆囊切除史；慢性便秘指近2年来便秘每年在2个月以上','年龄大于等于50岁，无以上危险因素','结直肠癌','low','age>=50','dismatch','toGenerate','2016-06-13 04:24:24','2016-06-13 04:24:24',NULL),('d7d5b0d029b044e788e208044a24ad32-low-3d1776a7aa894ceca869b38cbc5245fe','d7d5b0d029b044e788e208044a24ad32','3d1776a7aa894ceca869b38cbc5245fe',' 中华人民共和国卫生部(MINISTRY OF HEALTH OF THE PEOPLE`S REPUBLIC OF CHINA)','','年龄','大于18岁，小于60岁','牙周病','low','age>18 and age<60','done','toRelease','2016-06-13 04:24:23','2016-06-13 04:24:23',NULL),('d7d5b0d029b044e788e208044a24ad32-low-40c2f59a7b2c4b50937da37b2b9f7919','d7d5b0d029b044e788e208044a24ad32','40c2f59a7b2c4b50937da37b2b9f7919',' 中华医学会心血管病学分会(Chinese Society of Cardiology)','','既往史：先天性心脏病、结缔组织病、HIV感染、减肥药物治疗史、肝病及贫血\n个人史：职业解除如印刷厂或加油站工人接触油类物品、HIV感染、男-男同性恋、吸毒及染发剂接触	婚育史：女性是否有习惯性流产、男性需了解直系女性亲属是否有习惯性流产	\n家族史：是否有诊断肺动脉高压或先心病史\n','','肺动脉高压','low','1=0','dismatch','toGenerate','2016-06-13 04:24:23','2016-06-13 04:24:23',NULL),('d7d5b0d029b044e788e208044a24ad32-low-54cf2c7cb40c4d538f700e731894495e','d7d5b0d029b044e788e208044a24ad32','54cf2c7cb40c4d538f700e731894495e',' 中华人民共和国国家卫生和计划生育委员会(NHFPC,National Health and Family Planning Commission of China)','','HCV感染高危人群，包括： \r\na) 有静脉药瘾史者； \r\nb) 有职业或其他原因（纹身、穿孔、针灸等）所致的针刺伤史者； \r\nc) 有医源性暴露史，包括手术、透析、不洁口腔诊疗操作、器官或组织移植者； \r\nd） 有高危性行为史，如多个性伴、男男同性恋者； \r\ne) HCV感染者的性伴及家庭成员； \r\nf) HIV感染者及其性伴； \r\ng) HCV感染母亲所生的子女； \r\nh) 破损皮肤和赫膜被HCV感染者血液污染者； \r\ni) 有输血或应用血液制品史者（主要是1993年前有过输血或应用血制品者） \r\nj) 1996年前的供血浆者。 ','持续性血液透析者','丙型病毒性肝炎','low','locate(\'血液透析\',sufferedDiseases)>0','dismatch','toGenerate','2016-06-13 04:24:23','2016-06-13 04:24:23',NULL),('d7d5b0d029b044e788e208044a24ad32-low-56f55df13386472c98df5a082a3ec9ae','d7d5b0d029b044e788e208044a24ad32','56f55df13386472c98df5a082a3ec9ae',' 美国预防医学工作组(USPSTF,U.S. Preventive Services Task Force)','','1.血压在正常高值者（130-139/85-89 mmHg）\r\n2.BMI大于24\r\n3.腹型肥胖：男性腰围大于90cm，女性大于85cm\r\n4.家族史（一、二级亲属罹患高血压）\r\n5.长期高盐饮食\r\n6.长期饮酒，日均大于等于100ml（2两）\r\n来源于（中国高血压基层管理指南（2014年修订版））','18-39岁、血压正常（<130/85 mmHg）且没有危险因素。','高血压','low','age>=18 and age<40 and weight/height/height*10000<24','done','toRelease','2016-06-13 04:24:24','2016-06-13 04:24:24',NULL),('d7d5b0d029b044e788e208044a24ad32-low-68db0e163064409286056fe21f7f27ad','d7d5b0d029b044e788e208044a24ad32','68db0e163064409286056fe21f7f27ad',' 北京市脑卒中诊疗质量控制与改进中心','','1.脂代谢异常\n2.高血压、糖尿\n3.吸烟及吸烟环境\n4.家族史：一二级亲属罹患脑动脉粥样硬化\n5.肥胖\n6.高同型半胱氨酸\n','','脑动脉粥样硬化','low','age>=45','dismatch','toGenerate','2016-06-13 04:24:23','2016-06-13 04:24:23',NULL),('d7d5b0d029b044e788e208044a24ad32-low-7c77c03835cc41dda72c27028ecb7585','d7d5b0d029b044e788e208044a24ad32','7c77c03835cc41dda72c27028ecb7585',' 中华医学会外科学分会胆道外科学组','','1.是否患有胆囊结石2.是否有胆囊慢性炎症3.是否有胆囊息肉4.是否存在胆胰管汇合异常5.家族史：胆囊癌及胆囊结石家族史6.是否有胆道系统感染7.是否肥胖，是否有糖尿病8.','','胆囊癌','low','age>=50','dismatch','toGenerate','2016-06-13 04:24:23','2016-06-13 04:24:23',NULL),('d7d5b0d029b044e788e208044a24ad32-low-89932374522c4cc4979d2c1206949377','d7d5b0d029b044e788e208044a24ad32','89932374522c4cc4979d2c1206949377','中华医学会内分泌学分会(CSE,Chinese Society of Endocrinology)','','成年人 (>18岁)具有下列任何一个及以上的糖尿病高危因素，可定义为糖尿病高危人群：\r\n\r\n(1)年龄≥40岁；\r\n\r\n(2)既往有糖尿病前期病史；\r\n\r\n(3)超重、肥胖 (体重指数≥24 kg/m2)，男性腰围≥90cm,女性腰围≥85cm；\r\n\r\n(4)静坐的生活方式；\r\n\r\n(5)一级亲属中有2型糖尿病家族史；\r\n\r\n(6)有巨大儿 (出生体重≥4 kg)生产史，妊娠期显性糖尿病或妊娠糖尿病病史的妇女；\r\n\r\n(7)高血压 [收缩压≥140 mmHg (1mmHg=0.133kPa)和(或)舒张压≥90 mmHg]或正在接受降压治疗；\r\n\r\n(8)血脂异常(高密度脂蛋白胆固醇≤0.91mmol/L及甘油三酯≥2.22mmol/L，或正在接受调脂治疗)；\r\n\r\n(9)动脉粥样硬化性CCVD患者；\r\n\r\n(10)有一过性类固醇性糖尿病病史者；\r\n\r\n(11)多囊卵巢综合征患者；\r\n\r\n(12)严重精神病和 (或)长期接受抗抑郁症药物治疗的患者。','','成人2型糖尿病','low','age>=40','dismatch','toGenerate','2016-06-13 04:24:24','2016-06-13 04:24:24',NULL),('d7d5b0d029b044e788e208044a24ad32-low-8a2b68cc6b054aa7a40b5763f14cec28','d7d5b0d029b044e788e208044a24ad32','8a2b68cc6b054aa7a40b5763f14cec28','美国妇产科医师学会(ACOG,American College of Obstetricians and Gynecologists)','','1.人乳头瘤病毒感染；2.过早性生活；3.多个性伙伴；4.多产；5.丈夫婚外性行为；6.阴茎癌；7.社会经济条件差；8.营养不良；9.吸烟','21-29岁','宫颈癌','low','age>=21 and age<=29 and tag_hasSexBehavior=true','dismatch','toGenerate','2016-06-13 04:24:23','2016-06-13 04:24:23',NULL),('d7d5b0d029b044e788e208044a24ad32-low-9a1bac66a1b640c2b1e106ecd37797e9','d7d5b0d029b044e788e208044a24ad32','9a1bac66a1b640c2b1e106ecd37797e9',' 美国国家综合癌症网络(NCCN,National Comprehensive Cancer Network)','','1.年龄\r\n2.是否有肝硬化\r\n3.饮酒\r\n4.乙型肝炎病毒感染\r\n5.丙型肝炎病毒感染\r\n6.非酒精性脂肪肝\r\n7.α1-抗胰蛋白酶缺乏症病史\r\n8.四期原发性胆汁性肝硬化病史\r\n9.遗传性血色病病史','普通人群不推荐','肝癌','low','1=0','dismatch','toGenerate','2016-06-13 04:24:23','2016-06-13 04:24:23',NULL),('d7d5b0d029b044e788e208044a24ad32-low-a1ccc6a220a4465f964195c539c1d365','d7d5b0d029b044e788e208044a24ad32','a1ccc6a220a4465f964195c539c1d365','中国癌症筛查及早诊早治技术方案 人民卫生出版社','','1.地区：高发地区：鼻咽癌死亡率＞3/10万的地区（中国标化）：广东、广西、福建、湖南、江西\n2.家族史：有家族聚集倾向，一级亲属罹患过鼻咽癌的；\n3.喜食咸鱼、腌制食物的、长期接触甲醛的\n4.高镍环境（存疑）','','鼻咽癌','low','age>=30 and (locate(\'广东\',liveplace)>0 or locate(\'广西\',liveplace)>0 or locate(\'福建\',liveplace)>0 or locate(\'湖南\',liveplace)>0 or locate(\'江西\',liveplace)>0)','dismatch','toGenerate','2016-06-13 04:24:23','2016-06-13 04:24:23',NULL),('d7d5b0d029b044e788e208044a24ad32-low-a26efd48e9484b22b8bf7477f7656630','d7d5b0d029b044e788e208044a24ad32','a26efd48e9484b22b8bf7477f7656630','美国国家综合癌症网络(NCCN,National Comprehensive Cancer Network)','','1.年龄\r\n2.家族史（一级亲属罹患前列腺癌）','','前列腺癌','low','age>=45 and sex=\'男\'','dismatch','toGenerate','2016-06-13 04:24:23','2016-06-13 04:24:23',NULL),('d7d5b0d029b044e788e208044a24ad32-low-a5c0a4318fb547c7bcf015480b2ca8c4','d7d5b0d029b044e788e208044a24ad32','a5c0a4318fb547c7bcf015480b2ca8c4',' 中国抗癌协会乳腺癌专业委员会(CACA-CBCS,Chinese Anti-Cancer Association, Committee of Breast Cancer Society)','','确定性因素：1.年龄；2.性别；3.绝经后体重增加 BMI≥30kg/m2或增加10公斤；4.高身材，身高大于175cm；5.雌激素水平（高内源性雌激素水平）；6.骨密度（升高者发病率升高）；7.良性乳腺疾病史；8.长期使用外源性雌激素；9.初潮较早或绝经较晚；10.未产妇及首次初产年龄大于等于35岁；11.乳腺癌个人史；12.一级亲属罹患乳腺癌；13.饮酒；14.吸烟；15.夜班工作；16.暴露于治疗性电离辐射；17.是否哺乳；18.大豆/植物雌激素应用；19.体育锻炼；\n不确定性因素：未录入','无','乳腺癌','low','sex=\'女\' and (height>175 or height/weight/weight*10000>=24)','dismatch','toGenerate','2016-06-13 04:24:24','2016-06-13 04:24:24',NULL),('d7d5b0d029b044e788e208044a24ad32-low-aa5f7b61e93f4c0a8639e2b2d8b3a933','d7d5b0d029b044e788e208044a24ad32','aa5f7b61e93f4c0a8639e2b2d8b3a933','中华医学会外科学分会胰腺外科学组','','1.年龄；2.家族史；3.60岁以上突发糖尿病；4.慢性胰腺炎病史；5.吸烟；6.饮酒；7.肥胖；8.远端胃大部切除术病史（时间大于20年）；9.接触萘胺及苯类化合物者\r\n前驱症状：消化不良、恶性、脂肪泻、黄疸、疼痛、体重减轻','','胰腺癌','low','age>=40 and (tag_smoke_age>10 or height/weight/weight*10000>24)','dismatch','toGenerate','2016-06-13 04:24:23','2016-06-13 04:24:23',NULL),('d7d5b0d029b044e788e208044a24ad32-low-ae6bcb0679ba4b7f83ec6aca09757dd6','d7d5b0d029b044e788e208044a24ad32','ae6bcb0679ba4b7f83ec6aca09757dd6',' 中华人民共和国国家卫生和计划生育委员会(NHFPC,National Health and Family Planning Commission of China)','','1.高血压史（≥140/90 mmHg）或正在服用降压药物 \n2.房颤和（或）心脏瓣膜病等心脏病\n3.吸烟\n4.血脂异常\n5.糖尿病\n6.BMI大于26\n7.很少进行体育活动\n8.有卒中家族史','','颈动脉狭窄','low','locate(\'高血压\',sufferedDiseases)>0 or locate(\'房颤\',sufferedDiseases)>0 or locate(\'心脏\',sufferedDiseases)>0 or locate(\'糖尿病\',sufferedDiseases)>0 or tag_smoke_style!=\'no\'','match','toRelease','2016-06-13 04:24:24','2016-06-13 04:24:24',NULL),('d7d5b0d029b044e788e208044a24ad32-low-b324470469f449a883059bebbc195bea','d7d5b0d029b044e788e208044a24ad32','b324470469f449a883059bebbc195bea',' 中华医学会内镜学分会(CSDE,Chinese Society of Digestive Endoscopy) 中国抗癌协会(Chinese Anti-cancer Association) 中国抗癌协会肿瘤内镜专业委员会','','1.性别：\n2.年龄\n3.饮食：加盐腌制蔬菜或烟熏肉和鱼。\n4.吸烟\n5.治疗：接受过胃部手术。\n6.癌前疾病：慢性萎缩性胃炎、胃溃疡、胃息肉。\n7.家族肿瘤疾病史：包括家族胃癌史，遗传性非息肉性肠癌，家族性腺瘤性息肉等遗传性疾病等。\n8.恶性贫血。\n9.肥胖：超过正常体重20～25公斤\n10.经济状况：经济较差的地区，胃癌的发病率较高。\n11.是否有贫血、消瘦、消化道出血、呕吐、上腹部不适、上腹部肿块.来源:2013卫计委胃癌规范化诊疗指南（试行）','  男女不限，年龄大于等于40岁，满足一下任意一条：\n1.胃癌高发地区人群\n2.幽门螺旋杆菌感染感染\n3.既往患有慢性萎缩性胃炎等胃癌癌前病变\n4.一级亲属罹患胃癌\n5.存在胃癌其它高危因素（吸烟、重度饮酒、高盐、腌制饮食等）\n检查需同时进行','胃癌','low','age>=40 and (locate(\'幽门螺旋杆菌阳性\',sufferedDiseases)>0 or locate(\'salty\',tag_foodStyle)>0 or locate(\'smoked\',tag_foodStyle)>0 or locate(\'cured\',tag_foodStyle)>0 or tag_smoke_age>1 or locate(\'胃\',sufferedDiseases)>0 or locate(\'胃癌\',inheritDiseases)>0 or locate(\'腺瘤\',inheritDiseases)>0 or locate(\'肠癌\',inheritDiseases)>0)','dismatch','toGenerate','2016-06-13 04:24:23','2016-06-13 04:24:23',NULL),('d7d5b0d029b044e788e208044a24ad32-low-e00f9b2d6bee4dc7aeb0d821f8ac068d','d7d5b0d029b044e788e208044a24ad32','e00f9b2d6bee4dc7aeb0d821f8ac068d','中华医学会消化内镜学分会消化系早癌内镜诊断与治疗协作组,中华医学会消化病学分会消化道肿瘤协作组,中华医学会消化病学分会消化病理学组','','将55～74岁的一般风险人群、40～74岁的高风险人群以及家族史不详的人群作为内镜筛查的目标人群。\n①长期居住于食管鳞癌高发区；②一级亲属有食管鳞癌病史；③既往有食管病变史(食管上皮内瘤变)；④本人有癌症史；⑤长期吸烟史；⑥长期饮酒史；⑦有不良饮食习惯如进食快、热烫饮食、高盐饮食、进食腌菜者。','一般风险人群：无上述任意1条者。（鉴于现有国际国内指南均未推荐筛查频率，本项目拟定胃癌筛查频率进行）','食管癌','low','age>=40 and age<=74 and (locate(\'fast\',tag_foodStyle)>0 or locate(\'hot\',tag_foodStyle)>0 or locate(\'salty\',tag_foodStyle)>0)','dismatch','toGenerate','2016-06-13 04:24:23','2016-06-13 04:24:23',NULL),('f0ef0e5c8a32488a922f4c5f99db6f87-high-07e68dd1ea5f4f549eb813f80ca0a7b5','f0ef0e5c8a32488a922f4c5f99db6f87','07e68dd1ea5f4f549eb813f80ca0a7b5',' 中华人民共和国卫生部(MINISTRY OF HEALTH OF THE PEOPLE`S REPUBLIC OF CHINA)','','年龄\r\n备注：包含牙周疾病及口腔癌等','大于60岁，半年一次','龋齿','high','age>=60','dismatch','toGenerate','2016-06-13 04:24:24','2016-06-18 14:27:44',NULL),('f0ef0e5c8a32488a922f4c5f99db6f87-high-1cfc1f8ff2dc4049b2422177cd3b9040','f0ef0e5c8a32488a922f4c5f99db6f87','1cfc1f8ff2dc4049b2422177cd3b9040',' 美国国家综合癌症网络(NCCN,National Comprehensive Cancer Network)','','1.吸烟史\n2.氡暴露史\n3.职业暴露：砒霜、铬、石棉、镍、镉、铍、硅、柴油烟雾（吸烟可以叠加）\n4.一级亲属罹患肺癌\n5.COPD及肺纤维化病史\n6.报警症状','或年龄大于50岁，并且吸烟指数大于20支.年，或包含任意一条危险因素（见关注因素）','肺癌','high','age>50 and tag_smoke_quantity>=20','pending','toGenerate','2016-06-13 04:24:24','2016-06-18 14:27:44',NULL),('f0ef0e5c8a32488a922f4c5f99db6f87-high-365153d2e9e44bf0a15ec2fb25c97c31','f0ef0e5c8a32488a922f4c5f99db6f87','365153d2e9e44bf0a15ec2fb25c97c31',' 美国预防医学工作组(USPSTF,U.S. Preventive Services Task Force)','','1.性别\r\n2.年龄\r\n3.吸烟\r\n4.家族史（一级亲属罹患腹主动脉瘤）\r\n5.既往史（既往被诊断：血管瘤、心、脑血管疾病、动脉粥样硬化、高胆固醇血症、肥胖和高血压）','男性\r\n吸烟超过100只\r\n年龄大于65岁','腹主动脉瘤','high','sex=\'男\' and age>=65 and tag_smoke_style!=\'no\'','dismatch','toGenerate','2016-06-13 04:24:24','2016-06-18 14:27:44',NULL),('f0ef0e5c8a32488a922f4c5f99db6f87-high-3841703bd931482fb3bc425b4178b813','f0ef0e5c8a32488a922f4c5f99db6f87','3841703bd931482fb3bc425b4178b813',' 中华医学会内镜学分会(CSDE,Chinese Society of Digestive Endoscopy) 中华医学会消化病学分会(CSGE,Chinese Society Of Gastroenterology)','','1.年龄\r\n2.结直肠腺瘤、锯齿状息肉及结直肠癌病史\r\n3.非特异性肠炎病史\r\n4.阳性家族史（Lynch综合征病史、多发性错构瘤综合征病史等）\r\n5.大便隐血实验结果\r\n6.具有以下两项及两项以上者：①慢性便秘；②黏液血便；③慢性腹泻；④慢性阑尾炎或阑尾切除史；⑤精神刺激史；⑥体重指数 (BMI) ＞28 kg/m2；⑦吸烟指数大于400只/年；慢性胆囊炎及胆囊切除史；慢性便秘指近2年来便秘每年在2个月以上','1.有便血、黑便、体重减轻、贫血等报警症状的人群\n2.大于50岁，包含：结直肠腺瘤、锯齿状息肉及结直肠癌病史；非特异性肠炎病史；阳性家族史（Lynch综合征病史、多发性错构瘤综合征病史等）可以理解为一级亲属有结直肠癌病史；大便隐血实验结果阳性；具有以下两项及两项以上者：①慢性便秘；②黏液血便；③慢性腹泻；④慢性阑尾炎或阑尾切除史；⑤精神刺激史；⑥体重指数 (BMI) ＞28 kg/m2；⑦吸烟指数大于400只/年；慢性胆囊炎及胆囊切除史；慢性便秘指近2年来便秘每年在2个月以上','结直肠癌','high','age>=50 and (tag_smoke_quantity>1 or weight/height/height*10000>28)','pending','toGenerate','2016-06-13 04:24:23','2016-06-18 14:27:44',NULL),('f0ef0e5c8a32488a922f4c5f99db6f87-high-3d1776a7aa894ceca869b38cbc5245fe','f0ef0e5c8a32488a922f4c5f99db6f87','3d1776a7aa894ceca869b38cbc5245fe',' 中华人民共和国卫生部(MINISTRY OF HEALTH OF THE PEOPLE`S REPUBLIC OF CHINA)','','年龄','年龄大于等于60岁','牙周病','high','age>=60','pending','toGenerate','2016-06-13 04:24:24','2016-06-18 14:27:44',NULL),('f0ef0e5c8a32488a922f4c5f99db6f87-high-40c2f59a7b2c4b50937da37b2b9f7919','f0ef0e5c8a32488a922f4c5f99db6f87','40c2f59a7b2c4b50937da37b2b9f7919',' 中华医学会心血管病学分会(Chinese Society of Cardiology)','','既往史：先天性心脏病、结缔组织病、HIV感染、减肥药物治疗史、肝病及贫血\n个人史：职业解除如印刷厂或加油站工人接触油类物品、HIV感染、男-男同性恋、吸毒及染发剂接触	婚育史：女性是否有习惯性流产、男性需了解直系女性亲属是否有习惯性流产	\n家族史：是否有诊断肺动脉高压或先心病史\n','既往史：先天性心脏病、结缔组织病、HIV感染、减肥药物治疗史、肝病及贫血\n个人史：职业解除如印刷厂或加油站工人接触油类物品、HIV感染、男-男同性恋、吸毒及染发剂接触	婚育史：女性是否有习惯性流产、男性需了解直系女性亲属是否有习惯性流产	\n家族史：是否有诊断肺动脉高压或先心病史\n胸部影像学检测提示有右心脏增大及肺动脉增粗表现\n如有非特异性临床表现和体征可更考虑疑诊','肺动脉高压','high','(locate(\'先天性心脏病\',sufferedDiseases)>0 or locate(\'HIV感染\',sufferedDiseases)>0 or locate(\'肝病\',sufferedDiseases)>0 or locate(\'贫血\',sufferedDiseases)>0 or locate(\'结缔组织病\',sufferedDiseases)>0 or locate(\'先天性心脏病\',inheritDiseases)>0)','pending','toGenerate','2016-06-13 04:24:23','2016-06-18 14:27:44',NULL),('f0ef0e5c8a32488a922f4c5f99db6f87-high-54cf2c7cb40c4d538f700e731894495e','f0ef0e5c8a32488a922f4c5f99db6f87','54cf2c7cb40c4d538f700e731894495e',' 中华人民共和国国家卫生和计划生育委员会(NHFPC,National Health and Family Planning Commission of China)','','HCV感染高危人群，包括： \r\na) 有静脉药瘾史者； \r\nb) 有职业或其他原因（纹身、穿孔、针灸等）所致的针刺伤史者； \r\nc) 有医源性暴露史，包括手术、透析、不洁口腔诊疗操作、器官或组织移植者； \r\nd） 有高危性行为史，如多个性伴、男男同性恋者； \r\ne) HCV感染者的性伴及家庭成员； \r\nf) HIV感染者及其性伴； \r\ng) HCV感染母亲所生的子女； \r\nh) 破损皮肤和赫膜被HCV感染者血液污染者； \r\ni) 有输血或应用血液制品史者（主要是1993年前有过输血或应用血制品者） \r\nj) 1996年前的供血浆者。 ','HCV感染高危人群，包括： \na) 有静脉药瘾史者； \nb) 有职业或其他原因（纹身、穿孔、针灸等）所致的针刺伤史者； \nc) 有医源性暴露史，包括手术、透析、不洁口腔诊疗操作、器官或组织移植者； \nd） 有高危性行为史，如多个性伴、男男同性恋者； \ne) HCV感染者的性伴及家庭成员； \nf) HIV感染者及其性伴； \ng) HCV感染母亲所生的子女； \nh) 破损皮肤和赫膜被HCV感染者血液污染者； \ni) 有输血或应用血液制品史者（主要是1993年前有过输血或应用血制品者） \nj) 1996年前的供血浆者。 ','丙型病毒性肝炎','high','tag_sexHomosex=true or tag_sexBehaviorStyle=\'highrisk\' or locate(\'HCV\',inheritDiseases)>0','pending','toGenerate','2016-06-13 04:24:24','2016-06-18 14:27:44',NULL),('f0ef0e5c8a32488a922f4c5f99db6f87-high-56f55df13386472c98df5a082a3ec9ae','f0ef0e5c8a32488a922f4c5f99db6f87','56f55df13386472c98df5a082a3ec9ae',' 美国预防医学工作组(USPSTF,U.S. Preventive Services Task Force)','','1.血压在正常高值者（130-139/85-89 mmHg）\r\n2.BMI大于24\r\n3.腹型肥胖：男性腰围大于90cm，女性大于85cm\r\n4.家族史（一、二级亲属罹患高血压）\r\n5.长期高盐饮食\r\n6.长期饮酒，日均大于等于100ml（2两）\r\n来源于（中国高血压基层管理指南（2014年修订版））','≥40岁的成人，血压在正常高值者（130-139/85-89 mmHg）、超重或肥胖者。','高血压','high','age>=40 and weight/height/height*10000>=24','pending','toGenerate','2016-06-13 04:24:24','2016-06-18 14:27:44',NULL),('f0ef0e5c8a32488a922f4c5f99db6f87-high-68db0e163064409286056fe21f7f27ad','f0ef0e5c8a32488a922f4c5f99db6f87','68db0e163064409286056fe21f7f27ad',' 北京市脑卒中诊疗质量控制与改进中心','','1.脂代谢异常\n2.高血压、糖尿\n3.吸烟及吸烟环境\n4.家族史：一二级亲属罹患脑动脉粥样硬化\n5.肥胖\n6.高同型半胱氨酸\n','大于45岁，包含一下一项或以上：1.高胆固醇或高甘油三酯血症；2.高血压；3.糖尿病；4.吸烟；5.家族史；6.大量饮酒；7.肥胖及不良饮食习惯（高热量、高脂肪）；8.缺乏规律有氧运动；9.被诊断高同型半胱氨酸','脑动脉粥样硬化','high','age>=45 and (locate(\'高血压\',sufferedDiseases)>0 or locate(\'糖尿病\',sufferedDiseases)>0 or locate(\'脑动脉粥样硬化\',inheritDiseases)>0)','pending','toGenerate','2016-06-13 04:24:24','2016-06-18 14:27:44',NULL),('f0ef0e5c8a32488a922f4c5f99db6f87-high-7c77c03835cc41dda72c27028ecb7585','f0ef0e5c8a32488a922f4c5f99db6f87','7c77c03835cc41dda72c27028ecb7585',' 中华医学会外科学分会胆道外科学组','','1.是否患有胆囊结石2.是否有胆囊慢性炎症3.是否有胆囊息肉4.是否存在胆胰管汇合异常5.家族史：胆囊癌及胆囊结石家族史6.是否有胆道系统感染7.是否肥胖，是否有糖尿病8.','(1)胆囊息肉；(2)年龄超过50岁，特别是女性；(3)肥胖症；(4)有胆石症或胆囊癌家族史。','胆囊癌','high','locate(\'胆囊息肉\',sufferedDiseases)>0 or (age>=50 and sex=\'女\') or locate(\'肥胖\',sufferedDiseases)>0 or locate(\'胆结石\',inheritDiseases)>0 or locate(\'胆囊癌\',inheritDiseases)>0','pending','toGenerate','2016-06-13 04:24:23','2016-06-18 14:27:44',NULL),('f0ef0e5c8a32488a922f4c5f99db6f87-high-89932374522c4cc4979d2c1206949377','f0ef0e5c8a32488a922f4c5f99db6f87','89932374522c4cc4979d2c1206949377','中华医学会内分泌学分会(CSE,Chinese Society of Endocrinology)','','成年人 (>18岁)具有下列任何一个及以上的糖尿病高危因素，可定义为糖尿病高危人群：\r\n\r\n(1)年龄≥40岁；\r\n\r\n(2)既往有糖尿病前期病史；\r\n\r\n(3)超重、肥胖 (体重指数≥24 kg/m2)，男性腰围≥90cm,女性腰围≥85cm；\r\n\r\n(4)静坐的生活方式；\r\n\r\n(5)一级亲属中有2型糖尿病家族史；\r\n\r\n(6)有巨大儿 (出生体重≥4 kg)生产史，妊娠期显性糖尿病或妊娠糖尿病病史的妇女；\r\n\r\n(7)高血压 [收缩压≥140 mmHg (1mmHg=0.133kPa)和(或)舒张压≥90 mmHg]或正在接受降压治疗；\r\n\r\n(8)血脂异常(高密度脂蛋白胆固醇≤0.91mmol/L及甘油三酯≥2.22mmol/L，或正在接受调脂治疗)；\r\n\r\n(9)动脉粥样硬化性CCVD患者；\r\n\r\n(10)有一过性类固醇性糖尿病病史者；\r\n\r\n(11)多囊卵巢综合征患者；\r\n\r\n(12)严重精神病和 (或)长期接受抗抑郁症药物治疗的患者。','成年人 (>18岁)具有下列任何一个及以上的糖尿病高危因素，可定义为糖尿病高危人群：\n\n(1)年龄≥40岁；\n\n(2)既往有糖尿病前期病史；\n\n(3)超重、肥胖 (体重指数≥24 kg/m2)，男性腰围≥90cm,女性腰围≥85cm；\n\n(4)静坐的生活方式；\n\n(5)一级亲属中有2型糖尿病家族史；\n\n(6)有巨大儿 (出生体重≥4 kg)生产史，妊娠期显性糖尿病或妊娠糖尿病病史的妇女；\n\n(7)高血压 [收缩压≥140 mmHg (1mmHg=0.133kPa)和(或)舒张压≥90 mmHg]或正在接受降压治疗；\n\n(8)血脂异常(高密度脂蛋白胆固醇≤0.91mmol/L及甘油三酯≥2.22mmol/L，或正在接受调脂治疗)；\n\n(9)动脉粥样硬化性CCVD患者；\n\n(10)有一过性类固醇性糖尿病病史者；\n\n(11)多囊卵巢综合征患者；\n\n(12)严重精神病和 (或)长期接受抗抑郁症药物治疗的患者。','成人2型糖尿病','high','age>=40 and (weight/height/height*10000>=24 or  locate(\'糖尿病\',inheritDiseases)>0 or locate(\'动脉粥样硬化\',sufferedDiseases)>0 or locate(\'一过性类固醇糖尿病\',sufferedDiseases)>0 or locate(\'多囊卵巢综合症\',sufferedDiseases))','pending','toGenerate','2016-06-13 04:24:23','2016-06-18 14:27:44',NULL),('f0ef0e5c8a32488a922f4c5f99db6f87-high-8a2b68cc6b054aa7a40b5763f14cec28','f0ef0e5c8a32488a922f4c5f99db6f87','8a2b68cc6b054aa7a40b5763f14cec28','美国妇产科医师学会(ACOG,American College of Obstetricians and Gynecologists)','','1.人乳头瘤病毒感染；2.过早性生活；3.多个性伙伴；4.多产；5.丈夫婚外性行为；6.阴茎癌；7.社会经济条件差；8.营养不良；9.吸烟','1.大于等于21岁\r\n2.有性行为','宫颈癌','high','age>=21 and tag_hasSexBehavior=true and (tag_sexParterners>1 or tag_sexBehaviorStyle=\'highrisk\')','pending','toGenerate','2016-06-13 04:24:23','2016-06-18 14:27:44',NULL),('f0ef0e5c8a32488a922f4c5f99db6f87-high-9a1bac66a1b640c2b1e106ecd37797e9','f0ef0e5c8a32488a922f4c5f99db6f87','9a1bac66a1b640c2b1e106ecd37797e9',' 美国国家综合癌症网络(NCCN,National Comprehensive Cancer Network)','','1.年龄\r\n2.是否有肝硬化\r\n3.饮酒\r\n4.乙型肝炎病毒感染\r\n5.丙型肝炎病毒感染\r\n6.非酒精性脂肪肝\r\n7.α1-抗胰蛋白酶缺乏症病史\r\n8.四期原发性胆汁性肝硬化病史\r\n9.遗传性血色病病史','1.各种原因导致的肝硬化患者\r\n2.乙肝携带者，男性大于等于40岁，女性大于等于50岁','肝癌','high','((age>=40 and sex=\'男\') or (age>=50 and sex=\'女\'))and locate(\'乙肝\',sufferedDiseases)>0','pending','toGenerate','2016-06-13 04:24:24','2016-06-18 14:27:44',NULL),('f0ef0e5c8a32488a922f4c5f99db6f87-high-a1ccc6a220a4465f964195c539c1d365','f0ef0e5c8a32488a922f4c5f99db6f87','a1ccc6a220a4465f964195c539c1d365','中国癌症筛查及早诊早治技术方案 人民卫生出版社','','1.地区：高发地区：鼻咽癌死亡率＞3/10万的地区（中国标化）：广东、广西、福建、湖南、江西\n2.家族史：有家族聚集倾向，一级亲属罹患过鼻咽癌的；\n3.喜食咸鱼、腌制食物的、长期接触甲醛的\n4.高镍环境（存疑）','满足2和或3-4 条\r\n年龄大于等于30岁','鼻咽癌','high','age>=30 and (locate(\'鼻咽癌\',inheritDiseases)>0 or locate(\'salty\',tag_foodStyle)>0)','dismatch','toGenerate','2016-06-13 04:24:23','2016-06-18 14:27:44',NULL),('f0ef0e5c8a32488a922f4c5f99db6f87-high-a26efd48e9484b22b8bf7477f7656630','f0ef0e5c8a32488a922f4c5f99db6f87','a26efd48e9484b22b8bf7477f7656630','美国国家综合癌症网络(NCCN,National Comprehensive Cancer Network)','','1.年龄\r\n2.家族史（一级亲属罹患前列腺癌）','年龄大于等于45岁','前列腺癌','high','age>=45 and sex=\'男\' and locate(\'前列腺癌\',inheritDiseases)>0','dismatch','toGenerate','2016-06-13 04:24:23','2016-06-18 14:27:44',NULL),('f0ef0e5c8a32488a922f4c5f99db6f87-high-a5c0a4318fb547c7bcf015480b2ca8c4','f0ef0e5c8a32488a922f4c5f99db6f87','a5c0a4318fb547c7bcf015480b2ca8c4',' 中国抗癌协会乳腺癌专业委员会(CACA-CBCS,Chinese Anti-Cancer Association, Committee of Breast Cancer Society)','','确定性因素：1.年龄；2.性别；3.绝经后体重增加 BMI≥30kg/m2或增加10公斤；4.高身材，身高大于175cm；5.雌激素水平（高内源性雌激素水平）；6.骨密度（升高者发病率升高）；7.良性乳腺疾病史；8.长期使用外源性雌激素；9.初潮较早或绝经较晚；10.未产妇及首次初产年龄大于等于35岁；11.乳腺癌个人史；12.一级亲属罹患乳腺癌；13.饮酒；14.吸烟；15.夜班工作；16.暴露于治疗性电离辐射；17.是否哺乳；18.大豆/植物雌激素应用；19.体育锻炼；\n不确定性因素：未录入','1.有明显的乳腺癌遗传倾向者\r\n2.既往有乳腺良恶性疾病患者\r\n3.既往行胸部放疗','乳腺癌','high','sex=\'女\' and (locate(\'乳腺\',sufferedDiseases)>0 or locate(\'乳腺\',inheritDiseases)>0 or height>175 or height/weight/weight*10000>=24)','pending','toGenerate','2016-06-13 04:24:23','2016-06-18 14:27:44',NULL),('f0ef0e5c8a32488a922f4c5f99db6f87-high-aa5f7b61e93f4c0a8639e2b2d8b3a933','f0ef0e5c8a32488a922f4c5f99db6f87','aa5f7b61e93f4c0a8639e2b2d8b3a933','中华医学会外科学分会胰腺外科学组','','1.年龄；2.家族史；3.60岁以上突发糖尿病；4.慢性胰腺炎病史；5.吸烟；6.饮酒；7.肥胖；8.远端胃大部切除术病史（时间大于20年）；9.接触萘胺及苯类化合物者\r\n前驱症状：消化不良、恶性、脂肪泻、黄疸、疼痛、体重减轻','1.年龄大于40岁，有非特异性上腹部不适症状；\n2.一级亲属有罹患胰腺癌\n3.年龄大于60岁，突发糖尿病，缺乏家族史，低体重指数，很快形成胰岛素抵抗\n4.慢性胰腺炎病史：特别是遗传性胰腺炎病史\n5.良性病变行远端胃大部切除术者，特别是术后20年以上人群\n6.导管内乳头状粘液瘤患者\n7.FAP 家族性腺瘤息肉病患者\n8.长期吸烟\n9.大量饮酒\n10.体重超重\n11.黑斑息肉综合征病史\n12.家族性恶性黑色素瘤病史','胰腺癌','high','(age>=40 and locate(\'胰腺癌\',inheritDiseases)>0 or locate(\'胰腺\',sufferedDiseases)>0) or (locate(\'突发性糖尿病\',sufferedDiseases)>0 and age>=60)','pending','toGenerate','2016-06-13 04:24:23','2016-06-18 14:27:44',NULL),('f0ef0e5c8a32488a922f4c5f99db6f87-high-ae6bcb0679ba4b7f83ec6aca09757dd6','f0ef0e5c8a32488a922f4c5f99db6f87','ae6bcb0679ba4b7f83ec6aca09757dd6',' 中华人民共和国国家卫生和计划生育委员会(NHFPC,National Health and Family Planning Commission of China)','','1.高血压史（≥140/90 mmHg）或正在服用降压药物 \n2.房颤和（或）心脏瓣膜病等心脏病\n3.吸烟\n4.血脂异常\n5.糖尿病\n6.BMI大于26\n7.很少进行体育活动\n8.有卒中家族史','1.以上8条满足3条\r\n2.既往有缺血性脑卒中病史或短暂性脑缺血发作病史','颈动脉狭窄','high','(locate(\'高血压\',sufferedDiseases)>0 or locate(\'房颤\',sufferedDiseases)>0 or locate(\'心脏\',sufferedDiseases)>0 or locate(\'糖尿病\',sufferedDiseases)>0 or tag_smoke_style!=\'no\') and (locate(\'脑卒中\',sufferedDiseases)>0 or locate(\'脑缺血\',sufferedDiseases)>0)','pending','toGenerate','2016-06-13 04:24:24','2016-06-18 14:27:44',NULL),('f0ef0e5c8a32488a922f4c5f99db6f87-high-b324470469f449a883059bebbc195bea','f0ef0e5c8a32488a922f4c5f99db6f87','b324470469f449a883059bebbc195bea',' 中华医学会内镜学分会(CSDE,Chinese Society of Digestive Endoscopy) 中国抗癌协会(Chinese Anti-cancer Association) 中国抗癌协会肿瘤内镜专业委员会','','1.性别：\n2.年龄\n3.饮食：加盐腌制蔬菜或烟熏肉和鱼。\n4.吸烟\n5.治疗：接受过胃部手术。\n6.癌前疾病：慢性萎缩性胃炎、胃溃疡、胃息肉。\n7.家族肿瘤疾病史：包括家族胃癌史，遗传性非息肉性肠癌，家族性腺瘤性息肉等遗传性疾病等。\n8.恶性贫血。\n9.肥胖：超过正常体重20～25公斤\n10.经济状况：经济较差的地区，胃癌的发病率较高。\n11.是否有贫血、消瘦、消化道出血、呕吐、上腹部不适、上腹部肿块.来源:2013卫计委胃癌规范化诊疗指南（试行）','1.幽门螺旋杆菌+，萎缩性胃炎-\n2.幽门螺旋杆菌+，萎缩性胃炎+\n3.幽门螺旋杆菌-，萎缩性胃炎-\n4.幽门螺旋杆菌-，萎缩性胃炎-按照一般人群处理','胃癌','high','locate(\'幽门螺旋杆菌阳性\',sufferedDiseases)>0 and (locate(\'salty\',tag_foodStyle)>0 or locate(\'smoked\',tag_foodStyle)>0 or locate(\'cured\',tag_foodStyle)>0 or tag_smoke_age>1 or locate(\'胃\',sufferedDiseases)>0 or locate(\'胃癌\',inheritDiseases)>0 or locate(\'腺瘤\',inheritDiseases)>0 or locate(\'肠癌\',inheritDiseases)>0)','pending','toGenerate','2016-06-13 04:24:23','2016-06-18 14:27:44',NULL),('f0ef0e5c8a32488a922f4c5f99db6f87-high-e00f9b2d6bee4dc7aeb0d821f8ac068d','f0ef0e5c8a32488a922f4c5f99db6f87','e00f9b2d6bee4dc7aeb0d821f8ac068d','中华医学会消化内镜学分会消化系早癌内镜诊断与治疗协作组,中华医学会消化病学分会消化道肿瘤协作组,中华医学会消化病学分会消化病理学组','','将55～74岁的一般风险人群、40～74岁的高风险人群以及家族史不详的人群作为内镜筛查的目标人群。\n①长期居住于食管鳞癌高发区；②一级亲属有食管鳞癌病史；③既往有食管病变史(食管上皮内瘤变)；④本人有癌症史；⑤长期吸烟史；⑥长期饮酒史；⑦有不良饮食习惯如进食快、热烫饮食、高盐饮食、进食腌菜者。','有以上任意1条者视为高危人群（鉴于现有国际国内指南均未推荐筛查频率，本项目拟定胃癌筛查频率进行）','食管癌','high','age>=55 and age<=74 and (locate(\'食管鳞癌\',inheritDiseases)>0  or locate(\'食管\',sufferedDiseases)>0 or locate(\'癌\',sufferedDiseases)>0 or tag_smoke_age>=10 or locate(\'fast\',tag_foodStyle)>0 or locate(\'hot\',tag_foodStyle)>0 or locate(\'salty\',tag_foodStyle)>0)','pending','toGenerate','2016-06-13 04:24:24','2016-06-18 14:27:44',NULL),('f0ef0e5c8a32488a922f4c5f99db6f87-low-07e68dd1ea5f4f549eb813f80ca0a7b5','f0ef0e5c8a32488a922f4c5f99db6f87','07e68dd1ea5f4f549eb813f80ca0a7b5',' 中华人民共和国卫生部(MINISTRY OF HEALTH OF THE PEOPLE`S REPUBLIC OF CHINA)','','年龄\r\n备注：包含牙周疾病及口腔癌等','大于18岁小于60岁，每年一次','龋齿','low','age>=18 and age<60','done','toGenerate','2016-06-13 04:24:23','2016-06-18 14:27:44',NULL),('f0ef0e5c8a32488a922f4c5f99db6f87-low-1cfc1f8ff2dc4049b2422177cd3b9040','f0ef0e5c8a32488a922f4c5f99db6f87','1cfc1f8ff2dc4049b2422177cd3b9040',' 美国国家综合癌症网络(NCCN,National Comprehensive Cancer Network)','','1.吸烟史\n2.氡暴露史\n3.职业暴露：砒霜、铬、石棉、镍、镉、铍、硅、柴油烟雾（吸烟可以叠加）\n4.一级亲属罹患肺癌\n5.COPD及肺纤维化病史\n6.报警症状','年龄大于等于55岁，并且吸烟指数大于30支.年，戒烟时间小于15年','肺癌','low','age>=55 and tag_smoke_quantity>=30','pending','toGenerate','2016-06-13 04:24:23','2016-06-18 14:27:44',NULL),('f0ef0e5c8a32488a922f4c5f99db6f87-low-365153d2e9e44bf0a15ec2fb25c97c31','f0ef0e5c8a32488a922f4c5f99db6f87','365153d2e9e44bf0a15ec2fb25c97c31',' 美国预防医学工作组(USPSTF,U.S. Preventive Services Task Force)','','1.性别\r\n2.年龄\r\n3.吸烟\r\n4.家族史（一级亲属罹患腹主动脉瘤）\r\n5.既往史（既往被诊断：血管瘤、心、脑血管疾病、动脉粥样硬化、高胆固醇血症、肥胖和高血压）','未吸烟男性，但包含以上危险因素','腹主动脉瘤','low','sex=\'男\' and tag_smoke_style=\'low\'','pending','toGenerate','2016-06-13 04:24:24','2016-06-18 14:27:44',NULL),('f0ef0e5c8a32488a922f4c5f99db6f87-low-3841703bd931482fb3bc425b4178b813','f0ef0e5c8a32488a922f4c5f99db6f87','3841703bd931482fb3bc425b4178b813',' 中华医学会内镜学分会(CSDE,Chinese Society of Digestive Endoscopy) 中华医学会消化病学分会(CSGE,Chinese Society Of Gastroenterology)','','1.年龄\r\n2.结直肠腺瘤、锯齿状息肉及结直肠癌病史\r\n3.非特异性肠炎病史\r\n4.阳性家族史（Lynch综合征病史、多发性错构瘤综合征病史等）\r\n5.大便隐血实验结果\r\n6.具有以下两项及两项以上者：①慢性便秘；②黏液血便；③慢性腹泻；④慢性阑尾炎或阑尾切除史；⑤精神刺激史；⑥体重指数 (BMI) ＞28 kg/m2；⑦吸烟指数大于400只/年；慢性胆囊炎及胆囊切除史；慢性便秘指近2年来便秘每年在2个月以上','年龄大于等于50岁，无以上危险因素','结直肠癌','low','age>=50','pending','toGenerate','2016-06-13 04:24:24','2016-06-18 14:27:44',NULL),('f0ef0e5c8a32488a922f4c5f99db6f87-low-3d1776a7aa894ceca869b38cbc5245fe','f0ef0e5c8a32488a922f4c5f99db6f87','3d1776a7aa894ceca869b38cbc5245fe',' 中华人民共和国卫生部(MINISTRY OF HEALTH OF THE PEOPLE`S REPUBLIC OF CHINA)','','年龄','大于18岁，小于60岁','牙周病','low','age>18 and age<60','done','toGenerate','2016-06-13 04:24:24','2016-06-18 14:27:44',NULL),('f0ef0e5c8a32488a922f4c5f99db6f87-low-40c2f59a7b2c4b50937da37b2b9f7919','f0ef0e5c8a32488a922f4c5f99db6f87','40c2f59a7b2c4b50937da37b2b9f7919',' 中华医学会心血管病学分会(Chinese Society of Cardiology)','','既往史：先天性心脏病、结缔组织病、HIV感染、减肥药物治疗史、肝病及贫血\n个人史：职业解除如印刷厂或加油站工人接触油类物品、HIV感染、男-男同性恋、吸毒及染发剂接触	婚育史：女性是否有习惯性流产、男性需了解直系女性亲属是否有习惯性流产	\n家族史：是否有诊断肺动脉高压或先心病史\n','','肺动脉高压','low','1=0','pending','toGenerate','2016-06-13 04:24:23','2016-06-18 14:27:44',NULL),('f0ef0e5c8a32488a922f4c5f99db6f87-low-54cf2c7cb40c4d538f700e731894495e','f0ef0e5c8a32488a922f4c5f99db6f87','54cf2c7cb40c4d538f700e731894495e',' 中华人民共和国国家卫生和计划生育委员会(NHFPC,National Health and Family Planning Commission of China)','','HCV感染高危人群，包括： \r\na) 有静脉药瘾史者； \r\nb) 有职业或其他原因（纹身、穿孔、针灸等）所致的针刺伤史者； \r\nc) 有医源性暴露史，包括手术、透析、不洁口腔诊疗操作、器官或组织移植者； \r\nd） 有高危性行为史，如多个性伴、男男同性恋者； \r\ne) HCV感染者的性伴及家庭成员； \r\nf) HIV感染者及其性伴； \r\ng) HCV感染母亲所生的子女； \r\nh) 破损皮肤和赫膜被HCV感染者血液污染者； \r\ni) 有输血或应用血液制品史者（主要是1993年前有过输血或应用血制品者） \r\nj) 1996年前的供血浆者。 ','持续性血液透析者','丙型病毒性肝炎','low','locate(\'血液透析\',sufferedDiseases)>0','pending','toGenerate','2016-06-13 04:24:24','2016-06-18 14:27:44',NULL),('f0ef0e5c8a32488a922f4c5f99db6f87-low-56f55df13386472c98df5a082a3ec9ae','f0ef0e5c8a32488a922f4c5f99db6f87','56f55df13386472c98df5a082a3ec9ae',' 美国预防医学工作组(USPSTF,U.S. Preventive Services Task Force)','','1.血压在正常高值者（130-139/85-89 mmHg）\r\n2.BMI大于24\r\n3.腹型肥胖：男性腰围大于90cm，女性大于85cm\r\n4.家族史（一、二级亲属罹患高血压）\r\n5.长期高盐饮食\r\n6.长期饮酒，日均大于等于100ml（2两）\r\n来源于（中国高血压基层管理指南（2014年修订版））','18-39岁、血压正常（<130/85 mmHg）且没有危险因素。','高血压','low','age>=18 and age<40 and weight/height/height*10000<24','pending','toGenerate','2016-06-13 04:24:24','2016-06-18 14:27:44',NULL),('f0ef0e5c8a32488a922f4c5f99db6f87-low-68db0e163064409286056fe21f7f27ad','f0ef0e5c8a32488a922f4c5f99db6f87','68db0e163064409286056fe21f7f27ad',' 北京市脑卒中诊疗质量控制与改进中心','','1.脂代谢异常\n2.高血压、糖尿\n3.吸烟及吸烟环境\n4.家族史：一二级亲属罹患脑动脉粥样硬化\n5.肥胖\n6.高同型半胱氨酸\n','','脑动脉粥样硬化','low','age>=45','pending','toGenerate','2016-06-13 04:24:24','2016-06-18 14:27:44',NULL),('f0ef0e5c8a32488a922f4c5f99db6f87-low-7c77c03835cc41dda72c27028ecb7585','f0ef0e5c8a32488a922f4c5f99db6f87','7c77c03835cc41dda72c27028ecb7585',' 中华医学会外科学分会胆道外科学组','','1.是否患有胆囊结石2.是否有胆囊慢性炎症3.是否有胆囊息肉4.是否存在胆胰管汇合异常5.家族史：胆囊癌及胆囊结石家族史6.是否有胆道系统感染7.是否肥胖，是否有糖尿病8.','','胆囊癌','low','age>=50','pending','toGenerate','2016-06-13 04:24:24','2016-06-18 14:27:44',NULL),('f0ef0e5c8a32488a922f4c5f99db6f87-low-89932374522c4cc4979d2c1206949377','f0ef0e5c8a32488a922f4c5f99db6f87','89932374522c4cc4979d2c1206949377','中华医学会内分泌学分会(CSE,Chinese Society of Endocrinology)','','成年人 (>18岁)具有下列任何一个及以上的糖尿病高危因素，可定义为糖尿病高危人群：\r\n\r\n(1)年龄≥40岁；\r\n\r\n(2)既往有糖尿病前期病史；\r\n\r\n(3)超重、肥胖 (体重指数≥24 kg/m2)，男性腰围≥90cm,女性腰围≥85cm；\r\n\r\n(4)静坐的生活方式；\r\n\r\n(5)一级亲属中有2型糖尿病家族史；\r\n\r\n(6)有巨大儿 (出生体重≥4 kg)生产史，妊娠期显性糖尿病或妊娠糖尿病病史的妇女；\r\n\r\n(7)高血压 [收缩压≥140 mmHg (1mmHg=0.133kPa)和(或)舒张压≥90 mmHg]或正在接受降压治疗；\r\n\r\n(8)血脂异常(高密度脂蛋白胆固醇≤0.91mmol/L及甘油三酯≥2.22mmol/L，或正在接受调脂治疗)；\r\n\r\n(9)动脉粥样硬化性CCVD患者；\r\n\r\n(10)有一过性类固醇性糖尿病病史者；\r\n\r\n(11)多囊卵巢综合征患者；\r\n\r\n(12)严重精神病和 (或)长期接受抗抑郁症药物治疗的患者。','','成人2型糖尿病','low','age>=40','pending','toGenerate','2016-06-13 04:24:24','2016-06-18 14:27:44',NULL),('f0ef0e5c8a32488a922f4c5f99db6f87-low-8a2b68cc6b054aa7a40b5763f14cec28','f0ef0e5c8a32488a922f4c5f99db6f87','8a2b68cc6b054aa7a40b5763f14cec28','美国妇产科医师学会(ACOG,American College of Obstetricians and Gynecologists)','','1.人乳头瘤病毒感染；2.过早性生活；3.多个性伙伴；4.多产；5.丈夫婚外性行为；6.阴茎癌；7.社会经济条件差；8.营养不良；9.吸烟','21-29岁','宫颈癌','low','age>=21 and age<=29 and tag_hasSexBehavior=true','dismatch','toGenerate','2016-06-13 04:24:24','2016-06-18 14:27:44',NULL),('f0ef0e5c8a32488a922f4c5f99db6f87-low-9a1bac66a1b640c2b1e106ecd37797e9','f0ef0e5c8a32488a922f4c5f99db6f87','9a1bac66a1b640c2b1e106ecd37797e9',' 美国国家综合癌症网络(NCCN,National Comprehensive Cancer Network)','','1.年龄\r\n2.是否有肝硬化\r\n3.饮酒\r\n4.乙型肝炎病毒感染\r\n5.丙型肝炎病毒感染\r\n6.非酒精性脂肪肝\r\n7.α1-抗胰蛋白酶缺乏症病史\r\n8.四期原发性胆汁性肝硬化病史\r\n9.遗传性血色病病史','普通人群不推荐','肝癌','low','1=0','pending','toGenerate','2016-06-13 04:24:23','2016-06-18 14:27:44',NULL),('f0ef0e5c8a32488a922f4c5f99db6f87-low-a1ccc6a220a4465f964195c539c1d365','f0ef0e5c8a32488a922f4c5f99db6f87','a1ccc6a220a4465f964195c539c1d365','中国癌症筛查及早诊早治技术方案 人民卫生出版社','','1.地区：高发地区：鼻咽癌死亡率＞3/10万的地区（中国标化）：广东、广西、福建、湖南、江西\n2.家族史：有家族聚集倾向，一级亲属罹患过鼻咽癌的；\n3.喜食咸鱼、腌制食物的、长期接触甲醛的\n4.高镍环境（存疑）','','鼻咽癌','low','age>=30 and (locate(\'广东\',liveplace)>0 or locate(\'广西\',liveplace)>0 or locate(\'福建\',liveplace)>0 or locate(\'湖南\',liveplace)>0 or locate(\'江西\',liveplace)>0)','pending','toGenerate','2016-06-13 04:24:24','2016-06-18 14:27:44',NULL),('f0ef0e5c8a32488a922f4c5f99db6f87-low-a26efd48e9484b22b8bf7477f7656630','f0ef0e5c8a32488a922f4c5f99db6f87','a26efd48e9484b22b8bf7477f7656630','美国国家综合癌症网络(NCCN,National Comprehensive Cancer Network)','','1.年龄\r\n2.家族史（一级亲属罹患前列腺癌）','','前列腺癌','low','age>=45 and sex=\'男\'','pending','toGenerate','2016-06-13 04:24:23','2016-06-18 14:27:44',NULL),('f0ef0e5c8a32488a922f4c5f99db6f87-low-a5c0a4318fb547c7bcf015480b2ca8c4','f0ef0e5c8a32488a922f4c5f99db6f87','a5c0a4318fb547c7bcf015480b2ca8c4',' 中国抗癌协会乳腺癌专业委员会(CACA-CBCS,Chinese Anti-Cancer Association, Committee of Breast Cancer Society)','','确定性因素：1.年龄；2.性别；3.绝经后体重增加 BMI≥30kg/m2或增加10公斤；4.高身材，身高大于175cm；5.雌激素水平（高内源性雌激素水平）；6.骨密度（升高者发病率升高）；7.良性乳腺疾病史；8.长期使用外源性雌激素；9.初潮较早或绝经较晚；10.未产妇及首次初产年龄大于等于35岁；11.乳腺癌个人史；12.一级亲属罹患乳腺癌；13.饮酒；14.吸烟；15.夜班工作；16.暴露于治疗性电离辐射；17.是否哺乳；18.大豆/植物雌激素应用；19.体育锻炼；\n不确定性因素：未录入','无','乳腺癌','low','sex=\'女\' and (height>175 or height/weight/weight*10000>=24)','pending','toGenerate','2016-06-13 04:24:24','2016-06-18 14:27:44',NULL),('f0ef0e5c8a32488a922f4c5f99db6f87-low-aa5f7b61e93f4c0a8639e2b2d8b3a933','f0ef0e5c8a32488a922f4c5f99db6f87','aa5f7b61e93f4c0a8639e2b2d8b3a933','中华医学会外科学分会胰腺外科学组','','1.年龄；2.家族史；3.60岁以上突发糖尿病；4.慢性胰腺炎病史；5.吸烟；6.饮酒；7.肥胖；8.远端胃大部切除术病史（时间大于20年）；9.接触萘胺及苯类化合物者\r\n前驱症状：消化不良、恶性、脂肪泻、黄疸、疼痛、体重减轻','','胰腺癌','low','age>=40 and (tag_smoke_age>10 or height/weight/weight*10000>24)','pending','toGenerate','2016-06-13 04:24:24','2016-06-18 14:27:44',NULL),('f0ef0e5c8a32488a922f4c5f99db6f87-low-ae6bcb0679ba4b7f83ec6aca09757dd6','f0ef0e5c8a32488a922f4c5f99db6f87','ae6bcb0679ba4b7f83ec6aca09757dd6',' 中华人民共和国国家卫生和计划生育委员会(NHFPC,National Health and Family Planning Commission of China)','','1.高血压史（≥140/90 mmHg）或正在服用降压药物 \n2.房颤和（或）心脏瓣膜病等心脏病\n3.吸烟\n4.血脂异常\n5.糖尿病\n6.BMI大于26\n7.很少进行体育活动\n8.有卒中家族史','','颈动脉狭窄','low','locate(\'高血压\',sufferedDiseases)>0 or locate(\'房颤\',sufferedDiseases)>0 or locate(\'心脏\',sufferedDiseases)>0 or locate(\'糖尿病\',sufferedDiseases)>0 or tag_smoke_style!=\'no\'','match','toRelease','2016-06-13 04:24:24','2016-06-18 14:27:44',NULL),('f0ef0e5c8a32488a922f4c5f99db6f87-low-b324470469f449a883059bebbc195bea','f0ef0e5c8a32488a922f4c5f99db6f87','b324470469f449a883059bebbc195bea',' 中华医学会内镜学分会(CSDE,Chinese Society of Digestive Endoscopy) 中国抗癌协会(Chinese Anti-cancer Association) 中国抗癌协会肿瘤内镜专业委员会','','1.性别：\n2.年龄\n3.饮食：加盐腌制蔬菜或烟熏肉和鱼。\n4.吸烟\n5.治疗：接受过胃部手术。\n6.癌前疾病：慢性萎缩性胃炎、胃溃疡、胃息肉。\n7.家族肿瘤疾病史：包括家族胃癌史，遗传性非息肉性肠癌，家族性腺瘤性息肉等遗传性疾病等。\n8.恶性贫血。\n9.肥胖：超过正常体重20～25公斤\n10.经济状况：经济较差的地区，胃癌的发病率较高。\n11.是否有贫血、消瘦、消化道出血、呕吐、上腹部不适、上腹部肿块.来源:2013卫计委胃癌规范化诊疗指南（试行）','  男女不限，年龄大于等于40岁，满足一下任意一条：\n1.胃癌高发地区人群\n2.幽门螺旋杆菌感染感染\n3.既往患有慢性萎缩性胃炎等胃癌癌前病变\n4.一级亲属罹患胃癌\n5.存在胃癌其它高危因素（吸烟、重度饮酒、高盐、腌制饮食等）\n检查需同时进行','胃癌','low','age>=40 and (locate(\'幽门螺旋杆菌阳性\',sufferedDiseases)>0 or locate(\'salty\',tag_foodStyle)>0 or locate(\'smoked\',tag_foodStyle)>0 or locate(\'cured\',tag_foodStyle)>0 or tag_smoke_age>1 or locate(\'胃\',sufferedDiseases)>0 or locate(\'胃癌\',inheritDiseases)>0 or locate(\'腺瘤\',inheritDiseases)>0 or locate(\'肠癌\',inheritDiseases)>0)','pending','toGenerate','2016-06-13 04:24:24','2016-06-18 14:27:44',NULL),('f0ef0e5c8a32488a922f4c5f99db6f87-low-e00f9b2d6bee4dc7aeb0d821f8ac068d','f0ef0e5c8a32488a922f4c5f99db6f87','e00f9b2d6bee4dc7aeb0d821f8ac068d','中华医学会消化内镜学分会消化系早癌内镜诊断与治疗协作组,中华医学会消化病学分会消化道肿瘤协作组,中华医学会消化病学分会消化病理学组','','将55～74岁的一般风险人群、40～74岁的高风险人群以及家族史不详的人群作为内镜筛查的目标人群。\n①长期居住于食管鳞癌高发区；②一级亲属有食管鳞癌病史；③既往有食管病变史(食管上皮内瘤变)；④本人有癌症史；⑤长期吸烟史；⑥长期饮酒史；⑦有不良饮食习惯如进食快、热烫饮食、高盐饮食、进食腌菜者。','一般风险人群：无上述任意1条者。（鉴于现有国际国内指南均未推荐筛查频率，本项目拟定胃癌筛查频率进行）','食管癌','low','age>=40 and age<=74 and (locate(\'fast\',tag_foodStyle)>0 or locate(\'hot\',tag_foodStyle)>0 or locate(\'salty\',tag_foodStyle)>0)','pending','toGenerate','2016-06-13 04:24:24','2016-06-18 14:27:44',NULL);
/*!40000 ALTER TABLE `ta_userrule` ENABLE KEYS */;
UNLOCK TABLES;

--
-- Table structure for table `tb_article`
--

DROP TABLE IF EXISTS `tb_article`;
/*!40101 SET @saved_cs_client     = @@character_set_client */;
/*!40101 SET character_set_client = utf8 */;
CREATE TABLE `tb_article` (
  `ARTICLE_ID` varchar(100) NOT NULL,
  `TITLE` varchar(255) DEFAULT NULL COMMENT '标题',
  `AUTHOR` varchar(255) DEFAULT NULL COMMENT '作者',
  `LOGOURL` varchar(255) DEFAULT NULL COMMENT '照片url',
  `URL` varchar(255) DEFAULT NULL COMMENT '内容url',
  `SUMMARY` varchar(255) DEFAULT NULL COMMENT '摘要',
  `PUBLISHTIME` timestamp NULL DEFAULT NULL COMMENT '发布时间',
  `CREATEBY` varchar(255) DEFAULT NULL COMMENT '创建记录员工id',
  `CREATEON` timestamp NULL DEFAULT NULL COMMENT '创建记录时间',
  `STATUS` varchar(255) DEFAULT NULL COMMENT '状态',
  PRIMARY KEY (`ARTICLE_ID`)
) ENGINE=InnoDB DEFAULT CHARSET=utf8;
/*!40101 SET character_set_client = @saved_cs_client */;

--
-- Dumping data for table `tb_article`
--

LOCK TABLES `tb_article` WRITE;
/*!40000 ALTER TABLE `tb_article` DISABLE KEYS */;
INSERT INTO `tb_article` VALUES ('1','过度的体检','沈玎 徐卓君','http://img3.imgtn.bdimg.com/it/u=1534202043,2456027310&fm=21&gp=0.jpg','http://www.ledu365.com/a/shenghuo/36378.html','在空气和食品质量问题层出不穷的阴霾下，人们开始将精力和金钱投向自己的健康管理，他们怀抱着对医院、医生和医患关系的复杂情感，把自己送进一台台先进的仪器背后，在一系列健康数据中寻求心理上的安慰。','2014-04-27 16:00:00','何文峰','2016-05-12 03:08:45','已发布'),('10','定期体检—孩子健康的卫士','手心','http://img0.imgtn.bdimg.com/it/u=346260135,1477147179&fm=21&gp=0.jpg','http://zhishi.qinbei.com/20100714/26714.shtml','拥有一个体格强壮、聪慧、快乐的孩子是父母最大的心愿。孩子的身体发育是不是正常，是否存在不健康的因素，应该怎样做才能提高健康水平和生存质量……这些都是父母十分关注的问题。随着社会经济的发展和文明程度的提高，人们对定期给孩子做健康体检有着不同层次的认识、理解与需求。','2016-05-12 03:28:30','何文峰','2016-05-12 03:28:37','已发布'),('11','关于健康体检中尿常规的检查','王芦萍','http://image.pztuan.com/upfile/team/2013/0625/201306250407274164.jpg','http://xueshu.baidu.com/s?wd=paperuri%3A%28fda4b6c89894c024f07fa226936ebfed%29&filter=sc_long_sign&sc_ks_para=q%3D%E5%85%B3%E4%BA%8E%E5%81%A5%E5%BA%B7%E4%BD%93%E6%A3%80%E4%B8%AD%E5%B0%BF%E5%B8%B8%E8%A7%84%E7%9A%84%E6%A3%80%E6%9F%A5&sc_us=16788015165189108','正近年肾脏病患者逐年增多,人们的生活方式出现了不合理的变化,糖尿病、高血压、高血脂等代谢性疾病增多,肾脏病是继发于这些代谢性疾病的慢性病,各种感染、滥用药物或不规则用药导致的药物性肾损害也是肾脏病逐年增多的一个原因,尿常规检查是筛查','2016-05-12 03:29:42','何文峰','2016-05-12 03:30:01','已发布'),('12','关于健康体检中心开展人性化服务','宋东梅','http://pccoo.cn/bbs/20130322/201332214353351.jpg','http://xueshu.baidu.com/s?wd=paperuri%3A%28f0165466efca3663c42f4dc7a9e09149%29&filter=sc_long_sign&sc_ks_para=q%3D%E5%85%B3%E4%BA%8E%E5%81%A5%E5%BA%B7%E4%BD%93%E6%A3%80%E4%B8%AD%E5%BF%83%E5%BC%80%E5%B1%95%E4%BA%BA%E6%80%A7%E5%8C%96%E6%9C%8D%E5%8A%A1&sc_us','在健康体检中心开展人性化服务，以满足人们日益增长的健康需求。健康体检中心人性化服务的开展，使参加健康体检人数逐日递增，经济效益和社会效益明显增 长。人们随着生活质量的提高，健康保健的意识越来越强烈，健康体检中心开展的人性化服务，满足了人们的健康需求，推动了健康事业的发展，带动了医院各科室 的同步发展。','2016-05-12 03:31:03','何文峰','2016-05-12 03:31:06','已发布'),('13','关于慢性阻塞性肺疾病早期干预的再认识','王科敏','http://pic63.nipic.com/file/20150331/2531170_190639977000_2.jpg','http://xueshu.baidu.com/s?wd=paperuri%3A%28a4464f42e8abd91ea9c67724707213bb%29&filter=sc_long_sign&sc_ks_para=q%3D%E5%85%B3%E4%BA%8E%E6%85%A2%E6%80%A7%E9%98%BB%E5%A1%9E%E6%80%A7%E8%82%BA%E7%96%BE%E7%97%85%E6%97%A9%E6%9C%9F%E5%B9%B2%E9%A2%84%E7%9A%84%E5%86','慢性阻塞性肺疾病属于临床常见的慢性气道炎症疾病，致残率及致死率较高，是影响人类健康的主要疾病，患者临床特点为气道受阻，且属于不可逆病变，病情随时间延长呈现出进行性发展。由于慢性阻塞性肺疾病早期可未发生任何相应临床表现，患者大多不易察觉自身疾病，且我国医疗现状为依症治疗，即出现临床表现方才前来就诊，无疾病预防及健康体检意识，对慢性阻塞性肺疾病早期诊断带来一定困难。因此，如何对慢性阻塞性肺疾病患者进行早期干预，','2016-05-12 03:32:18','何文峰','2016-05-12 03:32:21','取消发布'),('14','健康小常识 54项健康生活必备','刘兴华','http://image.cnsc8.com/tupian_201412/Big_Pic/tWvagyQr2t.jpg','https://club.1688.com/article/27109844.html','健康小常识 54项健康生活必备01、多走楼梯最好少搭电梯，多走楼梯。爬楼梯是一种非常好的锻炼形式，对心血管有益，还可以改善你的腿部肌肉。此外，腹部肌肉也会得到锻炼。02、保持正确的行走姿势保持正确的行走和坐立姿势，对健康非常有益；很多人都养成了懒散的坏习惯，一些不良姿势会导致背部痉挛和头疼等毛病。请在行走时放鬆双肩，保持颈部直立、骨盆肌肉紧张，挺胸收腹，这样你就会看起来更棒一些，自我感觉也会更好。　　03、经常伸伸脖子每天最好轻轻地伸一伸脖子，很多慢性头疼病都是由于颈骨接合处和神经损伤引起的，而人们长时间','2016-05-12 03:35:04','何文峰','2016-05-12 03:35:09','已发布'),('2','老年人要对自己好一点','李华芳','http://img.bendibao.com/szbdb/20095/20/2009520111940683.JPG','http://www.ledu365.com/a/shenghuo/53684.html','尽管中国的老年人越来越多，但在体检支出方面却存在一个有意思的现象：工作的人花得更多，老年人却花费较少。','2016-01-19 16:00:00','何文峰','2016-05-12 03:16:01','已发布'),('250f603188da4b2f82578f5553656d7f','ce','ce','ce','ce','ce','2016-05-17 09:13:18','69177258a06e4927b4639ab1684c3320','2016-05-17 09:13:18','已提交'),('3','天数','许章润','http://img.qqu.cc/uploads/allimg/160403/1-160403203P8.jpg','http://www.ledu365.com/a/rensheng/19075.html','2010年11月，单位安排体检。检查结果出来了。肝里长了一个瘤子。可能是血管瘤，也可能是别的什么，医学术语叫做“肝占位”，犹譬鸠占鹊巢，或者，穆巴拉克们之赖在位子上不走。医嘱续做体检，不可大意。初未措意，半月后遵嘱抽空去做了CT扫描。平生第一遭，有点新奇，略感忐忑，而终将自己交付一架机器作判断，徒觉荒唐复无奈。纵便护士耐心又热情，也打消不了对于这嘎嘎作响的铁疙瘩发自心底的反感。','2012-04-11 16:00:00','何文峰','2016-05-12 03:18:18','已发布'),('4','健康须知 体检前请不要服药物','亲贝网','http://img.39yst.com/uploads/2014/1120/1416455447843.jpg','http://health.qinbei.com/20140801/1759294.shtml','体检前一天不要剧烈运动，饮食要清淡，早点休息。体检当天要穿宽松的衣服便于穿脱，不要带手机等贵重物品以免丢失。体检前可稍加休息，调整一下心态，不要紧张。上午体检者禁早餐;戴隐形眼镜者要保证在检查视力前能够摘掉（需要带隐形眼镜盒及清洗液）。体检结束后请把体检表交到指定人员手中，确定已检完再离开。此外，还要保证较充足的睡眠。睡眠不足会导致免疫力下降，加上过度疲劳和考前的紧张，很容易患上感冒，感冒可能导致转氨酶一次性增高，从而影响体检结果。所以考生要合理利用时间，保证充足睡眠，保持体力、保持精力，才能保证学习的效','2014-08-01 07:29:00','何文峰','2016-05-12 03:20:21','已发布'),('5','孩子发育是否正常 体检时间与重点','亲贝网','http://img2.shangxueba.com/img/uploadfile/20150721/16/8A89363B98F155F1D6F9F4EE87721F0C.jpg','http://health.qinbei.com/20140401/1727591.shtml','在现实生活中，年轻的父母总是凭经验、凭肉眼观察判断孩子是否健康，认为只要欢蹦乱跳就没毛病，其实这也是一种误解。','2014-04-01 08:31:00','何文峰','2016-05-12 03:21:35','已发布'),('6','定期体检清单：一岁起做牙齿检查','新浪','http://img3.yxlady.com/mr/UploadFiles_9207/20151023/20151023173233646.jpg','http://health.qinbei.com/20131225/1648244.shtml','随着年龄的增长，人类患某些疾病的机会也在增加。这些疾病大都是早期没有明显症状，但往往有严重的后果。可幸的是，如果能在早期发现并及时治疗，预后往往是好的。为此美国梅奥医学中心的专家们为您提供了一个定期健康体检的清单。它一共涉及9个项目。这张清单就会告诉您什么时候应该去做什么检查。','2013-12-25 08:56:00','何文峰','2016-05-12 03:22:45','已发布'),('7','孕前健康体检的注意事项有什么？','摇篮网','http://img.39yst.com/uploads/2015/0715/1436922864678.jpg','http://zhishi.qinbei.com/20111104/236711.shtml','由于没有了强制的婚前体检，就使得孕前体检变得尤为重要了。孕前体检可筛查出你体内是否存在一些疾病，如果存在异常一定要先去进行调整或治疗，这样才能确保身体处于健康状态时受孕，有利于安度孕期，从而生出健康的宝贝。那么，孕前健康体检的注意事项有什么？','2011-11-04 04:11:00','何文峰','2016-05-12 03:24:09','已发布'),('8','健康体检有五禁忌','亲贝网','http://pic23.nipic.com/20120807/10659754_212513552142_2.jpg','http://zhishi.qinbei.com/20111104/236704.shtml','健康体检，是预防疾病的有效手段之一。通过健康体检，可以了解自身健康状况，发现一些不易察觉的早期疾病，以便及时干预、终止疾病的发生发展，收到事半功倍的效果。但有不少受检者由于对体检的一些关键环节重视不够，或认识偏差，出现种种疏漏，使体检的目的难以达到。','2011-11-04 04:11:00','何文峰','2016-05-12 03:25:15','取消发布'),('9','健康体检注意事项','亲贝网','http://thumbs.dreamstime.com/x/%C4%D0%D0%D4%CF%A5%B8%C7%CD%B4%BF%E0-36217800.jpg','http://zhishi.qinbei.com/20110716/215010.shtml','体检前:1、可电话预约及咨询。按预约时间办理体检手续、体检，若有变动，请提前与体检中心联系。2、体检前三天规律饮食，忌酒，限高脂、高蛋白饮食，避免发热、感冒、腹泻。体检日进行的血液采集、肝胆B超检查，需要您空腹8-12小时，所以体检前夜八点后，您最好不要吃东西。（可以饮水）。3、高血压病人按常规服用降压药，糖尿病及其他慢性病患者，抽血后请及时服药。4、体检当日抽血、做B超前要空腹，可少量饮水，禁大量饮水，抽血、B超做好后可进早餐。5、体检当天，敬请穿较宽松衣服，女士体检当日请勿穿连衣裙、连裤袜。','2011-07-16 15:05:00','何文峰','2016-05-12 03:27:29','已发布');
/*!40000 ALTER TABLE `tb_article` ENABLE KEYS */;
UNLOCK TABLES;

--
-- Table structure for table `tb_checkupitem`
--

DROP TABLE IF EXISTS `tb_checkupitem`;
/*!40101 SET @saved_cs_client     = @@character_set_client */;
/*!40101 SET character_set_client = utf8 */;
CREATE TABLE `tb_checkupitem` (
  `CHECKUPITEM_ID` varchar(100) NOT NULL,
  `SUBGROUP` varchar(255) DEFAULT NULL COMMENT '检查项目分组',
  `NAME` varchar(255) DEFAULT NULL COMMENT '检查项目名称',
  `FEATURES` varchar(255) DEFAULT NULL COMMENT '特性',
  `FREQUENCY` varchar(255) DEFAULT NULL COMMENT '检查频率',
  `STATUS` varchar(255) DEFAULT NULL COMMENT '状态',
  `ORIGINATE` varchar(255) DEFAULT NULL COMMENT '指南来源',
  `DESCRIPTION` varchar(255) DEFAULT NULL COMMENT '详细描述',
  `GENERATEDTIME` timestamp NULL DEFAULT NULL COMMENT '该记录生成时间',
  `WORKER` varchar(255) DEFAULT NULL COMMENT '用于产生该记录的标记',
  `REVISION` int(11) DEFAULT NULL COMMENT '版本',
  `SYSFLAG` varchar(255) DEFAULT NULL COMMENT '系统标记',
  `CHECKUPPACKAGE_ID` varchar(100) DEFAULT NULL COMMENT '体检套餐外键',
  `USER_ID` varchar(100) DEFAULT NULL COMMENT '用户表外键',
  `CREATEBY` varchar(255) DEFAULT NULL COMMENT '创建用户ID',
  `CREATEON` timestamp NULL DEFAULT NULL COMMENT '创建该记录的时间',
  `concernedfactors` varchar(1024) DEFAULT NULL,
  `disease_name` varchar(50) DEFAULT NULL,
  `riskType` varchar(50) DEFAULT NULL,
  `solution_id` varchar(50) DEFAULT NULL,
  `riskDefine` varchar(1024) DEFAULT NULL,
  `startage` int(11) DEFAULT NULL,
  `endage` int(11) DEFAULT NULL,
  PRIMARY KEY (`CHECKUPITEM_ID`)
) ENGINE=InnoDB DEFAULT CHARSET=utf8;
/*!40101 SET character_set_client = @saved_cs_client */;

--
-- Dumping data for table `tb_checkupitem`
--

LOCK TABLES `tb_checkupitem` WRITE;
/*!40000 ALTER TABLE `tb_checkupitem` DISABLE KEYS */;
INSERT INTO `tb_checkupitem` VALUES ('15d34506ce6ee8ee9261006c0aa9c8c6','87990ceb9819c6185f3f075822a033aa','口腔检查','安全,全面,经济','1年1次','ready',' 中华人民共和国卫生部(MINISTRY OF HEALTH OF THE PEOPLE`S REPUBLIC OF CHINA)','','2016-06-13 04:24:31','robot',1,'done','d7d5b0d029b044e788e208044a24ad32','d7d5b0d029b044e788e208044a24ad32',NULL,NULL,'年龄\r\n备注：包含牙周疾病及口腔癌等','龋齿','low','3476f8e2022e49ec8b4a53368ba4bcc6','大于18岁小于60岁，每年一次',18,200),('2b39a6a906c19bd050304673528a25ec','38310ed111ab60d353be43f446f99beb','口腔检查','安全,全面,经济','1年1次','ready',' 中华人民共和国卫生部(MINISTRY OF HEALTH OF THE PEOPLE`S REPUBLIC OF CHINA)','','2016-06-13 04:24:30','robot',1,'done','83162a9b6ec04ecfaeb1cfc440bd02f9','83162a9b6ec04ecfaeb1cfc440bd02f9',NULL,NULL,'年龄\r\n备注：包含牙周疾病及口腔癌等','龋齿','low','3476f8e2022e49ec8b4a53368ba4bcc6','大于18岁小于60岁，每年一次',18,200),('2bcc4262224b61871704b2c03b19262c','447bbafc840ece92af89b711fc6776ea','血压测量，袖带式','经济','3年1次','ready',' 美国预防医学工作组(USPSTF,U.S. Preventive Services Task Force)','','2016-06-13 04:24:31','robot',1,'done','d7d5b0d029b044e788e208044a24ad32','d7d5b0d029b044e788e208044a24ad32',NULL,NULL,'1.血压在正常高值者（130-139/85-89 mmHg）\r\n2.BMI大于24\r\n3.腹型肥胖：男性腰围大于90cm，女性大于85cm\r\n4.家族史（一、二级亲属罹患高血压）\r\n5.长期高盐饮食\r\n6.长期饮酒，日均大于等于100ml（2两）\r\n来源于（中国高血压基层管理指南（2014年修订版））','高血压','low','597346775f57446ea808b47552548bc1','18-39岁、血压正常（<130/85 mmHg）且没有危险因素。',18,200),('2fb02dc3fbb3acaa457106cbec5503a4','be6e3a8266ee008466b8646b17751582','血压测量，袖带式','经济','3年1次','ready',' 美国预防医学工作组(USPSTF,U.S. Preventive Services Task Force)','','2016-06-13 04:24:29','robot',1,'done','2deede843eb9449db982efa583ab5a77','2deede843eb9449db982efa583ab5a77',NULL,NULL,'1.血压在正常高值者（130-139/85-89 mmHg）\r\n2.BMI大于24\r\n3.腹型肥胖：男性腰围大于90cm，女性大于85cm\r\n4.家族史（一、二级亲属罹患高血压）\r\n5.长期高盐饮食\r\n6.长期饮酒，日均大于等于100ml（2两）\r\n来源于（中国高血压基层管理指南（2014年修订版））','高血压','low','597346775f57446ea808b47552548bc1','18-39岁、血压正常（<130/85 mmHg）且没有危险因素。',18,200),('3256932cfa80fa6210835aec43fd0047','2ac0e5b708b53f929ab3a2e1e72458a4','腹部彩超','安全,经济','6月至1年1次','ready',' 中华医学会外科学分会胆道外科学组','','2016-06-13 04:24:28','robot',1,'done','24c1a11d8fb442bcb875a1d604d0d506','24c1a11d8fb442bcb875a1d604d0d506',NULL,NULL,'1.是否患有胆囊结石2.是否有胆囊慢性炎症3.是否有胆囊息肉4.是否存在胆胰管汇合异常5.家族史：胆囊癌及胆囊结石家族史6.是否有胆道系统感染7.是否肥胖，是否有糖尿病8.','胆囊癌','high','046a10cca05b4da2b9e5204ed142230c','(1)胆囊息肉；(2)年龄超过50岁，特别是女性；(3)肥胖症；(4)有胆石症或胆囊癌家族史。',0,200),('33574b4281483bf978271d3a4e986c87','f9910891604cd165a34528f0f31ffbac','口腔检查','安全,全面,经济','1年1次','ready',' 中华人民共和国卫生部(MINISTRY OF HEALTH OF THE PEOPLE`S REPUBLIC OF CHINA)','','2016-06-19 09:43:57','robot',2,'done','73ec21526c29439b9c4050fce8b72286','73ec21526c29439b9c4050fce8b72286',NULL,NULL,'年龄\r\n备注：包含牙周疾病及口腔癌等','龋齿','low','3476f8e2022e49ec8b4a53368ba4bcc6','大于18岁小于60岁，每年一次',18,200),('337ffc47df5bd8a94e48517ff166862f','66c455932602ff0763473d996e9ee4be','血压测量，袖带式','经济','3年1次','ready',' 美国预防医学工作组(USPSTF,U.S. Preventive Services Task Force)','','2016-06-13 04:24:28','robot',1,'done','24c1a11d8fb442bcb875a1d604d0d506','24c1a11d8fb442bcb875a1d604d0d506',NULL,NULL,'1.血压在正常高值者（130-139/85-89 mmHg）\r\n2.BMI大于24\r\n3.腹型肥胖：男性腰围大于90cm，女性大于85cm\r\n4.家族史（一、二级亲属罹患高血压）\r\n5.长期高盐饮食\r\n6.长期饮酒，日均大于等于100ml（2两）\r\n来源于（中国高血压基层管理指南（2014年修订版））','高血压','low','597346775f57446ea808b47552548bc1','18-39岁、血压正常（<130/85 mmHg）且没有危险因素。',18,200),('43f64312468c01ee662c2d694ee038fb','451bd094faab1be536bd892e0a1e94f6','腹部彩超','安全,经济','6月至1年1次','ready',' 中华医学会外科学分会胆道外科学组','','2016-06-13 04:24:30','robot',1,'done','c6f7524fa23d47b1bf3f0128f64e50c6','c6f7524fa23d47b1bf3f0128f64e50c6',NULL,NULL,'1.是否患有胆囊结石2.是否有胆囊慢性炎症3.是否有胆囊息肉4.是否存在胆胰管汇合异常5.家族史：胆囊癌及胆囊结石家族史6.是否有胆道系统感染7.是否肥胖，是否有糖尿病8.','胆囊癌','high','046a10cca05b4da2b9e5204ed142230c','(1)胆囊息肉；(2)年龄超过50岁，特别是女性；(3)肥胖症；(4)有胆石症或胆囊癌家族史。',0,200),('49bc1ff52803690b68d7303a0588a210','4b09df282aa3c881fb69ae09b69fc001','口腔检查','安全,全面,经济','1年1次','ready',' 中华人民共和国卫生部(MINISTRY OF HEALTH OF THE PEOPLE`S REPUBLIC OF CHINA)','','2016-06-13 04:24:30','robot',1,'done','c6f7524fa23d47b1bf3f0128f64e50c6','c6f7524fa23d47b1bf3f0128f64e50c6',NULL,NULL,'年龄\r\n备注：包含牙周疾病及口腔癌等','龋齿','low','3476f8e2022e49ec8b4a53368ba4bcc6','大于18岁小于60岁，每年一次',18,200),('61d46bd1c5ffcfa64923ff2b38babe51','dcc1c61c46e8f4fc7c3f644abaa25d77','口腔检查','安全,全面,经济','1年1次','ready',' 中华人民共和国卫生部(MINISTRY OF HEALTH OF THE PEOPLE`S REPUBLIC OF CHINA)','','2016-06-13 04:24:30','robot',1,'done','83162a9b6ec04ecfaeb1cfc440bd02f9','83162a9b6ec04ecfaeb1cfc440bd02f9',NULL,NULL,'年龄','牙周病','low','8f9841c037e84d6cb6f54c760b6fcfbf','大于18岁，小于60岁',18,200),('64738eeabe59d1feb265d24c22e7ac00','0801bea6544667c8e25217aef2cb5d83','腹部彩超','安全,经济','6月至1年1次','ready',' 中华医学会外科学分会胆道外科学组','','2016-06-13 04:24:28','robot',1,'done','2deede843eb9449db982efa583ab5a77','2deede843eb9449db982efa583ab5a77',NULL,NULL,'1.是否患有胆囊结石2.是否有胆囊慢性炎症3.是否有胆囊息肉4.是否存在胆胰管汇合异常5.家族史：胆囊癌及胆囊结石家族史6.是否有胆道系统感染7.是否肥胖，是否有糖尿病8.','胆囊癌','high','046a10cca05b4da2b9e5204ed142230c','(1)胆囊息肉；(2)年龄超过50岁，特别是女性；(3)肥胖症；(4)有胆石症或胆囊癌家族史。',0,200),('6f6c4b5ffdcdcd190cf8bd9a80a1d853','06c2a92d7c672b77587cb7cea043e1ec','口腔检查','安全,全面,经济','1年1次','已选中',' 中华人民共和国卫生部(MINISTRY OF HEALTH OF THE PEOPLE`S REPUBLIC OF CHINA)','','2016-06-18 14:28:09','robot',1,'done','0e589df1ee70439e9af5a11e642dd1c7','0e589df1ee70439e9af5a11e642dd1c7',NULL,NULL,'年龄\r\n备注：包含牙周疾病及口腔癌等','龋齿','low','3476f8e2022e49ec8b4a53368ba4bcc6','大于18岁小于60岁，每年一次',18,200),('70004be5497db12cec13aca99ee373b6','380d96395c92229888540d72a243b924','口腔检查','安全,全面,经济','1年1次','ready',' 中华人民共和国卫生部(MINISTRY OF HEALTH OF THE PEOPLE`S REPUBLIC OF CHINA)','','2016-06-13 04:24:31','robot',1,'done','d7d5b0d029b044e788e208044a24ad32','d7d5b0d029b044e788e208044a24ad32',NULL,NULL,'年龄','牙周病','low','8f9841c037e84d6cb6f54c760b6fcfbf','大于18岁，小于60岁',18,200),('710a65d96f6a41be6bcb71028f45cf35','4ced6da32c5ae738be99329275827efc','腹部彩超','安全,经济','6月至1年1次','ready',' 中华医学会外科学分会胆道外科学组','','2016-06-13 04:24:31','robot',1,'done','d7d5b0d029b044e788e208044a24ad32','d7d5b0d029b044e788e208044a24ad32',NULL,NULL,'1.是否患有胆囊结石2.是否有胆囊慢性炎症3.是否有胆囊息肉4.是否存在胆胰管汇合异常5.家族史：胆囊癌及胆囊结石家族史6.是否有胆道系统感染7.是否肥胖，是否有糖尿病8.','胆囊癌','high','046a10cca05b4da2b9e5204ed142230c','(1)胆囊息肉；(2)年龄超过50岁，特别是女性；(3)肥胖症；(4)有胆石症或胆囊癌家族史。',0,200),('739141cdbb73bcea9bde333204a71924','77756b72f680cb030d8fde46b06b6879','口腔检查','安全,全面,经济','1年1次','ready',' 中华人民共和国卫生部(MINISTRY OF HEALTH OF THE PEOPLE`S REPUBLIC OF CHINA)','','2016-06-14 15:30:45','robot',1,'done','229892530ce6441897cb7be5582fe84c','229892530ce6441897cb7be5582fe84c',NULL,NULL,'年龄\r\n备注：包含牙周疾病及口腔癌等','龋齿','low','3476f8e2022e49ec8b4a53368ba4bcc6','大于18岁小于60岁，每年一次',18,200),('7e7965dfd5dfdd52872873ae264a121c','230dc9ac54facb25be5ab65f6ba4b2b6','口腔检查','安全,全面,经济','1年1次','ready',' 中华人民共和国卫生部(MINISTRY OF HEALTH OF THE PEOPLE`S REPUBLIC OF CHINA)','','2016-06-18 14:27:26','robot',2,'done','80a1a7294da440dcad338480047eac22','80a1a7294da440dcad338480047eac22',NULL,NULL,'年龄\r\n备注：包含牙周疾病及口腔癌等','龋齿','low','3476f8e2022e49ec8b4a53368ba4bcc6','大于18岁小于60岁，每年一次',18,200),('8389fa3e12610f543f9854dc531c46d3','afdff7b676ed0309935ec3144190632b','腹部彩超','安全,经济','6月至1年1次','ready',' 中华医学会外科学分会胆道外科学组','','2016-06-13 04:24:29','robot',1,'done','83162a9b6ec04ecfaeb1cfc440bd02f9','83162a9b6ec04ecfaeb1cfc440bd02f9',NULL,NULL,'1.是否患有胆囊结石2.是否有胆囊慢性炎症3.是否有胆囊息肉4.是否存在胆胰管汇合异常5.家族史：胆囊癌及胆囊结石家族史6.是否有胆道系统感染7.是否肥胖，是否有糖尿病8.','胆囊癌','high','046a10cca05b4da2b9e5204ed142230c','(1)胆囊息肉；(2)年龄超过50岁，特别是女性；(3)肥胖症；(4)有胆石症或胆囊癌家族史。',0,200),('8c06b4ce9e57b46246c427532ec9d595','20105b4a289f0ba9b46489e14a213c8a','口腔检查','安全,全面,经济','1年1次','ready',' 中华人民共和国卫生部(MINISTRY OF HEALTH OF THE PEOPLE`S REPUBLIC OF CHINA)','','2016-06-13 04:24:30','robot',1,'done','c6f7524fa23d47b1bf3f0128f64e50c6','c6f7524fa23d47b1bf3f0128f64e50c6',NULL,NULL,'年龄','牙周病','low','8f9841c037e84d6cb6f54c760b6fcfbf','大于18岁，小于60岁',18,200),('8de0233eb10c798f6f4ebcb72238774d','63361d870bb5dd80fc69a8bc4e0dc2a0','血压测量，袖带式','经济','3年1次','ready',' 美国预防医学工作组(USPSTF,U.S. Preventive Services Task Force)','','2016-06-14 15:30:46','robot',1,'done','229892530ce6441897cb7be5582fe84c','229892530ce6441897cb7be5582fe84c',NULL,NULL,'1.血压在正常高值者（130-139/85-89 mmHg）\r\n2.BMI大于24\r\n3.腹型肥胖：男性腰围大于90cm，女性大于85cm\r\n4.家族史（一、二级亲属罹患高血压）\r\n5.长期高盐饮食\r\n6.长期饮酒，日均大于等于100ml（2两）\r\n来源于（中国高血压基层管理指南（2014年修订版））','高血压','low','597346775f57446ea808b47552548bc1','18-39岁、血压正常（<130/85 mmHg）且没有危险因素。',18,200),('931815febea9af9bd2097f8cfda57b14','af678e245615394629c1bbe10346a800','口腔检查','安全,全面,经济','1年1次','ready',' 中华人民共和国卫生部(MINISTRY OF HEALTH OF THE PEOPLE`S REPUBLIC OF CHINA)','','2016-06-13 04:24:29','robot',1,'done','2deede843eb9449db982efa583ab5a77','2deede843eb9449db982efa583ab5a77',NULL,NULL,'年龄\r\n备注：包含牙周疾病及口腔癌等','龋齿','low','3476f8e2022e49ec8b4a53368ba4bcc6','大于18岁小于60岁，每年一次',18,200),('9eceb049490632f6f0293cec2ecf1be0','14097d91c36ed97bf801f3aeca704d6e','口腔检查','安全,全面,经济','1年1次','ready',' 中华人民共和国卫生部(MINISTRY OF HEALTH OF THE PEOPLE`S REPUBLIC OF CHINA)','','2016-06-18 10:45:08','robot',2,'done','837c19fac11e412f9b93e090669a75cb','837c19fac11e412f9b93e090669a75cb',NULL,NULL,'年龄\r\n备注：包含牙周疾病及口腔癌等','龋齿','low','3476f8e2022e49ec8b4a53368ba4bcc6','大于18岁小于60岁，每年一次',18,200),('a1ff9f277672fdfeb786d5852029741d','b8f4783a5982a29c1a54e9baf33b263d','口腔检查','安全,全面,经济','1年1次','ready',' 中华人民共和国卫生部(MINISTRY OF HEALTH OF THE PEOPLE`S REPUBLIC OF CHINA)','','2016-06-18 14:27:44','robot',1,'done','f0ef0e5c8a32488a922f4c5f99db6f87','f0ef0e5c8a32488a922f4c5f99db6f87',NULL,NULL,'年龄\r\n备注：包含牙周疾病及口腔癌等','龋齿','low','3476f8e2022e49ec8b4a53368ba4bcc6','大于18岁小于60岁，每年一次',18,200),('b4d58d160d6d1fca44328a9b04a9ea59','5a9227a9e3ff177ac648c20d5ca9190d','口腔检查','安全,全面,经济','1年1次','ready',' 中华人民共和国卫生部(MINISTRY OF HEALTH OF THE PEOPLE`S REPUBLIC OF CHINA)','','2016-06-18 14:27:44','robot',2,'done','f0ef0e5c8a32488a922f4c5f99db6f87','f0ef0e5c8a32488a922f4c5f99db6f87',NULL,NULL,'年龄','牙周病','low','8f9841c037e84d6cb6f54c760b6fcfbf','大于18岁，小于60岁',18,200),('c4d5429b15df75c30181a64a5ec23537','59aad5be2a6d018b470d7fda5fad20da','口腔检查','安全,全面,经济','1年1次','ready',' 中华人民共和国卫生部(MINISTRY OF HEALTH OF THE PEOPLE`S REPUBLIC OF CHINA)','','2016-06-13 04:24:28','robot',1,'done','24c1a11d8fb442bcb875a1d604d0d506','24c1a11d8fb442bcb875a1d604d0d506',NULL,NULL,'年龄','牙周病','low','8f9841c037e84d6cb6f54c760b6fcfbf','大于18岁，小于60岁',18,200),('c70fe8c123c00caf08d24496b068712c','2e6afaec8347295ea13061eabd4be014','血压测量，袖带式','经济','3年1次','ready',' 美国预防医学工作组(USPSTF,U.S. Preventive Services Task Force)','','2016-06-13 04:24:30','robot',1,'done','83162a9b6ec04ecfaeb1cfc440bd02f9','83162a9b6ec04ecfaeb1cfc440bd02f9',NULL,NULL,'1.血压在正常高值者（130-139/85-89 mmHg）\r\n2.BMI大于24\r\n3.腹型肥胖：男性腰围大于90cm，女性大于85cm\r\n4.家族史（一、二级亲属罹患高血压）\r\n5.长期高盐饮食\r\n6.长期饮酒，日均大于等于100ml（2两）\r\n来源于（中国高血压基层管理指南（2014年修订版））','高血压','low','597346775f57446ea808b47552548bc1','18-39岁、血压正常（<130/85 mmHg）且没有危险因素。',18,200),('c96cbc7429145ac386d5fb42a18230e6','f81783ea7959873eb117fc2938230cf1','口腔检查','安全,全面,经济','1年1次','ready',' 中华人民共和国卫生部(MINISTRY OF HEALTH OF THE PEOPLE`S REPUBLIC OF CHINA)','','2016-06-13 04:24:29','robot',1,'done','2deede843eb9449db982efa583ab5a77','2deede843eb9449db982efa583ab5a77',NULL,NULL,'年龄','牙周病','low','8f9841c037e84d6cb6f54c760b6fcfbf','大于18岁，小于60岁',18,200),('eca4fa9cd7a65b4cfee4bc231505024b','7f0f237ea410de3545a047eada45795f','口腔检查','安全,全面,经济','1年1次','ready',' 中华人民共和国卫生部(MINISTRY OF HEALTH OF THE PEOPLE`S REPUBLIC OF CHINA)','','2016-06-19 00:28:38','robot',3,'done','d4c8c8de8a4945fb84167ad46e7b24a3','d4c8c8de8a4945fb84167ad46e7b24a3',NULL,NULL,'年龄\r\n备注：包含牙周疾病及口腔癌等','龋齿','low','3476f8e2022e49ec8b4a53368ba4bcc6','大于18岁小于60岁，每年一次',18,200),('ef36fdcb6faa8724bbc3edb9aed9229f','4a0407c1f1e7c6330e3a2fc691e39514','口腔检查','安全,全面,经济','1年1次','ready',' 中华人民共和国卫生部(MINISTRY OF HEALTH OF THE PEOPLE`S REPUBLIC OF CHINA)','','2016-06-13 04:24:28','robot',1,'done','24c1a11d8fb442bcb875a1d604d0d506','24c1a11d8fb442bcb875a1d604d0d506',NULL,NULL,'年龄\r\n备注：包含牙周疾病及口腔癌等','龋齿','low','3476f8e2022e49ec8b4a53368ba4bcc6','大于18岁小于60岁，每年一次',18,200),('f94dee56a3480261aa9991a697aa4cf4','07c37510308320fc0662b2f4a8b217eb','血压测量，袖带式','经济','3年1次','ready',' 美国预防医学工作组(USPSTF,U.S. Preventive Services Task Force)','','2016-06-13 04:24:30','robot',1,'done','c6f7524fa23d47b1bf3f0128f64e50c6','c6f7524fa23d47b1bf3f0128f64e50c6',NULL,NULL,'1.血压在正常高值者（130-139/85-89 mmHg）\r\n2.BMI大于24\r\n3.腹型肥胖：男性腰围大于90cm，女性大于85cm\r\n4.家族史（一、二级亲属罹患高血压）\r\n5.长期高盐饮食\r\n6.长期饮酒，日均大于等于100ml（2两）\r\n来源于（中国高血压基层管理指南（2014年修订版））','高血压','low','597346775f57446ea808b47552548bc1','18-39岁、血压正常（<130/85 mmHg）且没有危险因素。',18,200);
/*!40000 ALTER TABLE `tb_checkupitem` ENABLE KEYS */;
UNLOCK TABLES;

--
-- Table structure for table `tb_checkuppackage`
--

DROP TABLE IF EXISTS `tb_checkuppackage`;
/*!40101 SET @saved_cs_client     = @@character_set_client */;
/*!40101 SET character_set_client = utf8 */;
CREATE TABLE `tb_checkuppackage` (
  `CHECKUPPACKAGE_ID` varchar(100) NOT NULL,
  `WORKER` varchar(255) DEFAULT NULL COMMENT '生成该记录的标记',
  `GENERATEDTIME` timestamp NULL DEFAULT NULL COMMENT '该记录生成时间',
  `EFFECTIVEFROM` timestamp NULL DEFAULT NULL COMMENT '开始生效时间',
  `EXPIREON` timestamp NULL DEFAULT NULL COMMENT '失效时间',
  `STATUS` varchar(255) DEFAULT NULL COMMENT '状态',
  `REVISION` varchar(255) DEFAULT NULL COMMENT '版本',
  `SYSFLAG` varchar(255) DEFAULT NULL COMMENT '系统标记',
  `USER_ID` varchar(100) DEFAULT NULL COMMENT '用户表外键',
  `CREATEBY` varchar(255) DEFAULT NULL COMMENT '创建用户ID',
  `CREATEON` timestamp NULL DEFAULT NULL COMMENT '创建该记录的时间',
  PRIMARY KEY (`CHECKUPPACKAGE_ID`)
) ENGINE=InnoDB DEFAULT CHARSET=utf8;
/*!40101 SET character_set_client = @saved_cs_client */;

--
-- Dumping data for table `tb_checkuppackage`
--

LOCK TABLES `tb_checkuppackage` WRITE;
/*!40000 ALTER TABLE `tb_checkuppackage` DISABLE KEYS */;
INSERT INTO `tb_checkuppackage` VALUES ('023ef8c71585495187687750b2b7518d',NULL,NULL,NULL,NULL,'pending',NULL,NULL,'023ef8c71585495187687750b2b7518d','interface','2016-05-24 09:08:39'),('0e589df1ee70439e9af5a11e642dd1c7',NULL,'2016-06-19 09:50:35',NULL,NULL,'ready',NULL,NULL,'0e589df1ee70439e9af5a11e642dd1c7','interface','2016-05-31 08:56:40'),('1001',NULL,'2016-05-17 07:40:35','2016-05-17 07:40:37','2016-05-17 07:40:39',NULL,NULL,NULL,'cd5150f3cc014ca8b38eca58ca40e536',NULL,'2016-05-17 07:40:43'),('13e6a59207b4465cbb41a584804cd5f0',NULL,NULL,NULL,NULL,'pending',NULL,NULL,'13e6a59207b4465cbb41a584804cd5f0','interface','2016-05-24 09:41:08'),('21f56965452840ef8eccd570f85fcf65',NULL,NULL,NULL,NULL,'pending',NULL,NULL,'21f56965452840ef8eccd570f85fcf65','interface','2016-06-14 15:30:49'),('229892530ce6441897cb7be5582fe84c',NULL,'2016-06-19 09:50:35',NULL,NULL,'ready',NULL,NULL,'229892530ce6441897cb7be5582fe84c','interface','2016-06-12 03:34:34'),('24c1a11d8fb442bcb875a1d604d0d506',NULL,'2016-06-19 09:50:35',NULL,NULL,'ready',NULL,NULL,'24c1a11d8fb442bcb875a1d604d0d506','interface','2016-06-02 16:19:52'),('2deede843eb9449db982efa583ab5a77',NULL,'2016-06-19 09:50:35',NULL,NULL,'ready',NULL,NULL,'2deede843eb9449db982efa583ab5a77','interface','2016-06-02 16:21:15'),('4319525cae8341cbbee4b7dae9a8481c',NULL,NULL,NULL,NULL,'pending',NULL,NULL,'4319525cae8341cbbee4b7dae9a8481c','interface','2016-05-23 03:20:05'),('486f89f8a5b44d689eb7f93267219855',NULL,'2016-06-19 09:50:35',NULL,NULL,'ready',NULL,NULL,'486f89f8a5b44d689eb7f93267219855','interface','2016-06-07 13:46:46'),('679ba1ba6a034e83bf32e56b2945fc0a',NULL,NULL,NULL,NULL,'pending',NULL,NULL,'679ba1ba6a034e83bf32e56b2945fc0a','interface','2016-06-19 09:28:24'),('73ec21526c29439b9c4050fce8b72286',NULL,'2016-06-19 09:50:35',NULL,NULL,'ready',NULL,NULL,'73ec21526c29439b9c4050fce8b72286','interface','2016-06-07 13:17:25'),('80a1a7294da440dcad338480047eac22',NULL,'2016-06-19 09:50:35',NULL,NULL,'ready',NULL,NULL,'80a1a7294da440dcad338480047eac22','interface','2016-05-24 05:19:48'),('83162a9b6ec04ecfaeb1cfc440bd02f9',NULL,'2016-06-19 09:50:35',NULL,NULL,'ready',NULL,NULL,'83162a9b6ec04ecfaeb1cfc440bd02f9','interface','2016-06-03 09:08:41'),('837c19fac11e412f9b93e090669a75cb',NULL,'2016-06-19 09:50:35',NULL,NULL,'ready',NULL,NULL,'837c19fac11e412f9b93e090669a75cb','interface','2016-06-02 16:18:25'),('8f4846f9e0584c2b81adad0e8cbff093',NULL,NULL,NULL,NULL,'pending',NULL,NULL,'8f4846f9e0584c2b81adad0e8cbff093','interface','2016-05-24 09:06:53'),('901df7e965d34aa4ad533df3da86b0b1',NULL,NULL,NULL,NULL,'pending',NULL,NULL,'901df7e965d34aa4ad533df3da86b0b1','interface','2016-05-24 09:23:18'),('94f92ed8906f4867b5af210f7894d6b5',NULL,NULL,NULL,NULL,'pending',NULL,NULL,'94f92ed8906f4867b5af210f7894d6b5','interface','2016-05-26 00:54:11'),('c6f7524fa23d47b1bf3f0128f64e50c6',NULL,'2016-06-19 09:50:35','2016-05-17 07:40:37','2016-05-17 07:40:39','ready',NULL,NULL,'c6f7524fa23d47b1bf3f0128f64e50c6',NULL,'2016-05-17 07:40:43'),('d4c8c8de8a4945fb84167ad46e7b24a3',NULL,'2016-06-19 09:50:35',NULL,NULL,'ready',NULL,NULL,'d4c8c8de8a4945fb84167ad46e7b24a3','interface','2016-06-19 00:27:22'),('d4ec9341f325486d83e01f811f072330',NULL,NULL,NULL,NULL,'pending',NULL,NULL,'d4ec9341f325486d83e01f811f072330','interface','2016-05-25 06:31:34'),('d7d5b0d029b044e788e208044a24ad32',NULL,'2016-06-19 09:50:35',NULL,NULL,'ready',NULL,NULL,'d7d5b0d029b044e788e208044a24ad32','interface','2016-06-05 00:53:44'),('e84cd8d676954b9e80588d94bd8210d1',NULL,NULL,NULL,NULL,'pending',NULL,NULL,'e84cd8d676954b9e80588d94bd8210d1','interface','2016-05-23 09:35:21'),('ef04e513e6384061bb5d02d70b439032',NULL,NULL,NULL,NULL,'pending',NULL,NULL,'ef04e513e6384061bb5d02d70b439032','interface','2016-05-24 09:26:32'),('f0ef0e5c8a32488a922f4c5f99db6f87',NULL,'2016-06-19 09:50:35',NULL,NULL,'ready',NULL,NULL,'f0ef0e5c8a32488a922f4c5f99db6f87','interface','2016-05-22 14:54:12');
/*!40000 ALTER TABLE `tb_checkuppackage` ENABLE KEYS */;
UNLOCK TABLES;

--
-- Table structure for table `tb_medicalceneradmin`
--

DROP TABLE IF EXISTS `tb_medicalceneradmin`;
/*!40101 SET @saved_cs_client     = @@character_set_client */;
/*!40101 SET character_set_client = utf8 */;
CREATE TABLE `tb_medicalceneradmin` (
  `MEDICALCENERADMIN_ID` varchar(100) NOT NULL,
  `DEPARTMENT` varchar(255) DEFAULT NULL COMMENT '所属科室部门',
  `TITLE` varchar(255) DEFAULT NULL COMMENT '职位',
  `CREATEBY` varchar(255) DEFAULT NULL COMMENT '创建该记录用户id',
  `CREATEON` timestamp NULL DEFAULT NULL COMMENT '创建该记录时间',
  `SYS_USER_ID` varchar(100) DEFAULT NULL,
  `MEDICALCENTER_ID` varchar(100) DEFAULT NULL,
  PRIMARY KEY (`MEDICALCENERADMIN_ID`)
) ENGINE=InnoDB DEFAULT CHARSET=utf8;
/*!40101 SET character_set_client = @saved_cs_client */;

--
-- Dumping data for table `tb_medicalceneradmin`
--

LOCK TABLES `tb_medicalceneradmin` WRITE;
/*!40000 ALTER TABLE `tb_medicalceneradmin` DISABLE KEYS */;
INSERT INTO `tb_medicalceneradmin` VALUES ('1','院长','院长','','2016-05-03 01:47:19','69177258a06e4927b4639ab1684c3320','5b901194b7cc42c0b6a95a54a1cd7350');
/*!40000 ALTER TABLE `tb_medicalceneradmin` ENABLE KEYS */;
UNLOCK TABLES;

--
-- Table structure for table `tb_medicalcenter`
--

DROP TABLE IF EXISTS `tb_medicalcenter`;
/*!40101 SET @saved_cs_client     = @@character_set_client */;
/*!40101 SET character_set_client = utf8 */;
CREATE TABLE `tb_medicalcenter` (
  `MEDICALCENTER_ID` varchar(100) NOT NULL,
  `NAME` varchar(255) DEFAULT NULL COMMENT '体检中心名称',
  `DESCRIPTION` varchar(255) DEFAULT NULL COMMENT '体检中心描述',
  `LOCATION` varchar(255) DEFAULT NULL COMMENT '体检中心地理位置',
  `ABBREVIATION` varchar(255) DEFAULT NULL COMMENT '体检中心简介',
  `TELEPHONE` varchar(255) DEFAULT NULL COMMENT '体检中心联系电话',
  `STATUS` set('发布','审核','提交','新建') NOT NULL DEFAULT '新建' COMMENT '体检中心状态',
  `LOGO` varchar(255) DEFAULT NULL COMMENT '体检中心logo图片地址',
  `OPENINGTIME` varchar(32) DEFAULT NULL COMMENT '体检中心开业时间',
  `CREATEBY` varchar(255) DEFAULT NULL COMMENT '创建该记录用户id',
  `CREATEON` timestamp NULL DEFAULT NULL COMMENT '创建该记录时间',
  `ACCESSORY` varchar(255) DEFAULT NULL COMMENT '体检中心或医院附件信息',
  `POSITION` varchar(255) DEFAULT NULL COMMENT '体检中心或医院经纬度地理位置',
  `PARENTID` varchar(255) DEFAULT NULL COMMENT '体检中心或医院分支机构',
  PRIMARY KEY (`MEDICALCENTER_ID`)
) ENGINE=InnoDB DEFAULT CHARSET=utf8;
/*!40101 SET character_set_client = @saved_cs_client */;

--
-- Dumping data for table `tb_medicalcenter`
--

LOCK TABLES `tb_medicalcenter` WRITE;
/*!40000 ALTER TABLE `tb_medicalcenter` DISABLE KEYS */;
INSERT INTO `tb_medicalcenter` VALUES ('2','vbbb','bbb','bb','bbb','bbbb','新建','bbbb',NULL,'bbbb',NULL,'bbbbb','bbbbb','5b901194b7cc42c0b6a95a54a1cd7350'),('3','vbbb','bbb','bb','bbb','bbbb','新建','bbbb','','bbbb','2016-05-03 06:57:10','bbbbb','bbbbb','3'),('5b901194b7cc42c0b6a95a54a1cd7350','aaaa','AA','aaa','aaaa','aaaaaa','新建','aaaaa','2016-05-16','','2016-05-19 06:34:00','aaaa','aaa','0');
/*!40000 ALTER TABLE `tb_medicalcenter` ENABLE KEYS */;
UNLOCK TABLES;

--
-- Table structure for table `tb_medicalexamitem`
--

DROP TABLE IF EXISTS `tb_medicalexamitem`;
/*!40101 SET @saved_cs_client     = @@character_set_client */;
/*!40101 SET character_set_client = utf8 */;
CREATE TABLE `tb_medicalexamitem` (
  `MEDICALEXAMITEM_ID` varchar(100) NOT NULL,
  `NAME` varchar(255) DEFAULT NULL COMMENT '体检项目名称',
  `DESCRIPTION` varchar(255) DEFAULT NULL COMMENT '体检项目说明',
  `FEATURES` varchar(255) DEFAULT NULL COMMENT '体检项目特征',
  `SELLINGPRICE` double(11,0) DEFAULT NULL COMMENT '体检项目销售价格',
  `SETTLEMENTPRICE` double(11,0) DEFAULT NULL COMMENT '体检项目结算价格',
  `LOGO` varchar(255) DEFAULT NULL COMMENT '体检项目logo图片url地址',
  `STATUS` set('审核','提交','新建') DEFAULT '新建' COMMENT '体检项目状态',
  `EFFECTIVETIME` varchar(32) DEFAULT NULL COMMENT '体检项目生效时间',
  `EXPIRETIME` varchar(32) DEFAULT NULL COMMENT '体检项目失效时间',
  `CREATEBY` varchar(255) DEFAULT NULL COMMENT '创建该记录用户id',
  `CREATEON` timestamp NULL DEFAULT NULL COMMENT '创建该记录时间',
  `EXAMITEM_ID` varchar(100) DEFAULT NULL,
  `MEDICALCENTER_ID` varchar(100) DEFAULT NULL,
  PRIMARY KEY (`MEDICALEXAMITEM_ID`)
) ENGINE=InnoDB DEFAULT CHARSET=utf8;
/*!40101 SET character_set_client = @saved_cs_client */;

--
-- Dumping data for table `tb_medicalexamitem`
--

LOCK TABLES `tb_medicalexamitem` WRITE;
/*!40000 ALTER TABLE `tb_medicalexamitem` DISABLE KEYS */;
INSERT INTO `tb_medicalexamitem` VALUES ('0673d0a7814345e892d28c3ce9d1a586','Aaaaaa','aa','aaa',22,3,'bb','新建','2016-05-18','2016-05-28',NULL,'2016-05-19 10:22:00',NULL,'5b901194b7cc42c0b6a95a54a1cd7350'),('9aada469eefd44b4bfc27b4f3fc81f6b','男男女女','男男女女','男男女女',11,22,'nn','新建','2016-05-25','2016-05-18',NULL,'2016-05-20 02:43:55','1','3'),('ddb62967f06c4f558dadff0c06dcafe9','bbv1','bbv','bbv',22,22,'bbv','新建','2016-05-03','2016-05-06','bbnv','2016-05-19 06:44:13','1','5b901194b7cc42c0b6a95a54a1cd7350');
/*!40000 ALTER TABLE `tb_medicalexamitem` ENABLE KEYS */;
UNLOCK TABLES;

--
-- Table structure for table `tb_medicalorder`
--

DROP TABLE IF EXISTS `tb_medicalorder`;
/*!40101 SET @saved_cs_client     = @@character_set_client */;
/*!40101 SET character_set_client = utf8 */;
CREATE TABLE `tb_medicalorder` (
  `MEDICALORDER_ID` varchar(100) NOT NULL,
  `MEDICALORDERNO` varchar(255) DEFAULT NULL COMMENT '订单号',
  `MEDICALORDERGENERATIONTIME` timestamp NULL DEFAULT NULL COMMENT '订单生成时间',
  `MEDICALORDERBOOKINGTIME` timestamp NULL DEFAULT NULL COMMENT '订单预约时间',
  `MEDICALORDEREXECUTIONTIME` timestamp NULL DEFAULT NULL COMMENT '订单实际执行时间',
  `MEDICALTOTALAMOUNT` double NOT NULL COMMENT '订单总金额',
  `STATUS` set('审核','提交','新建') DEFAULT '新建' COMMENT '订单状态',
  `CREATEBY` varchar(255) DEFAULT NULL COMMENT '创建该记录用户id',
  `CREATEON` timestamp NULL DEFAULT NULL COMMENT '创建该记录时间',
  `MEDICALCENTER_ID` varchar(100) DEFAULT NULL,
  PRIMARY KEY (`MEDICALORDER_ID`)
) ENGINE=InnoDB DEFAULT CHARSET=utf8;
/*!40101 SET character_set_client = @saved_cs_client */;

--
-- Dumping data for table `tb_medicalorder`
--

LOCK TABLES `tb_medicalorder` WRITE;
/*!40000 ALTER TABLE `tb_medicalorder` DISABLE KEYS */;
INSERT INTO `tb_medicalorder` VALUES ('1','222222','2016-04-27 02:27:26','2016-05-10 02:27:28','2016-05-02 02:27:31',222,'新建','11','2016-04-29 02:27:37','5b901194b7cc42c0b6a95a54a1cd7350'),('2','111','2016-05-28 02:27:56','2016-05-07 02:27:53','2016-05-04 02:27:49',22222,'新建','11','2016-04-29 02:27:42','1'),('3','222','2016-05-25 02:28:10','2016-05-09 02:28:16','2016-04-25 02:28:19',333,'新建','22','2016-05-19 02:28:29','2');
/*!40000 ALTER TABLE `tb_medicalorder` ENABLE KEYS */;
UNLOCK TABLES;

--
-- Table structure for table `tb_medicalorderitem`
--

DROP TABLE IF EXISTS `tb_medicalorderitem`;
/*!40101 SET @saved_cs_client     = @@character_set_client */;
/*!40101 SET character_set_client = utf8 */;
CREATE TABLE `tb_medicalorderitem` (
  `MEDICALORDERITEM_ID` varchar(100) NOT NULL,
  `MEDICALEXAMITEM_ID` varchar(100) DEFAULT NULL,
  `MEDICALORDER_ID` varchar(100) DEFAULT NULL,
  PRIMARY KEY (`MEDICALORDERITEM_ID`)
) ENGINE=InnoDB DEFAULT CHARSET=utf8;
/*!40101 SET character_set_client = @saved_cs_client */;

--
-- Dumping data for table `tb_medicalorderitem`
--

LOCK TABLES `tb_medicalorderitem` WRITE;
/*!40000 ALTER TABLE `tb_medicalorderitem` DISABLE KEYS */;
INSERT INTO `tb_medicalorderitem` VALUES ('1','0673d0a7814345e892d28c3ce9d1a586','1'),('2','0673d0a7814345e892d28c3ce9d1a586','2'),('3','9aada469eefd44b4bfc27b4f3fc81f6b','1'),('4','ddb62967f06c4f558dadff0c06dcafe9','2');
/*!40000 ALTER TABLE `tb_medicalorderitem` ENABLE KEYS */;
UNLOCK TABLES;

--
-- Table structure for table `tb_order`
--

DROP TABLE IF EXISTS `tb_order`;
/*!40101 SET @saved_cs_client     = @@character_set_client */;
/*!40101 SET character_set_client = utf8 */;
CREATE TABLE `tb_order` (
  `ORDER_ID` varchar(100) NOT NULL,
  `ORDERNO` varchar(255) DEFAULT NULL COMMENT '订单号',
  `ORDERGENERATIONTIME` timestamp NULL DEFAULT NULL COMMENT '订单生成时间',
  `ORDERBOOKINGTIME` timestamp NULL DEFAULT NULL COMMENT '订单预约时间',
  `ORDEREXECUTIONTIME` timestamp NULL DEFAULT NULL COMMENT '订单实际执行时间',
  `ORDERTOTALAMOUNT` double(11,0) DEFAULT NULL COMMENT '订单总金额',
  `STATUS` set('审核','提交','新建') DEFAULT '新建' COMMENT '订单状态',
  `CREATEBY` varchar(255) DEFAULT NULL COMMENT '创建该记录用户',
  `CREATEON` timestamp NULL DEFAULT NULL COMMENT '创建该记录时间',
  PRIMARY KEY (`ORDER_ID`)
) ENGINE=InnoDB DEFAULT CHARSET=utf8;
/*!40101 SET character_set_client = @saved_cs_client */;

--
-- Dumping data for table `tb_order`
--

LOCK TABLES `tb_order` WRITE;
/*!40000 ALTER TABLE `tb_order` DISABLE KEYS */;
INSERT INTO `tb_order` VALUES ('1',NULL,NULL,NULL,NULL,333,'新建',NULL,NULL),('2','bbb','2016-04-27 02:01:50','2016-05-06 02:01:53','2016-05-03 02:01:56',2222,'新建','11','2016-05-05 02:02:04');
/*!40000 ALTER TABLE `tb_order` ENABLE KEYS */;
UNLOCK TABLES;

--
-- Table structure for table `tb_orderitem`
--

DROP TABLE IF EXISTS `tb_orderitem`;
/*!40101 SET @saved_cs_client     = @@character_set_client */;
/*!40101 SET character_set_client = utf8 */;
CREATE TABLE `tb_orderitem` (
  `ORDERITEM_ID` varchar(100) NOT NULL,
  `MEDICALEXAMITEM_ID` varchar(100) DEFAULT NULL,
  `ORDER_ID` varchar(100) DEFAULT NULL,
  PRIMARY KEY (`ORDERITEM_ID`)
) ENGINE=InnoDB DEFAULT CHARSET=utf8;
/*!40101 SET character_set_client = @saved_cs_client */;

--
-- Dumping data for table `tb_orderitem`
--

LOCK TABLES `tb_orderitem` WRITE;
/*!40000 ALTER TABLE `tb_orderitem` DISABLE KEYS */;
INSERT INTO `tb_orderitem` VALUES ('1','0673d0a7814345e892d28c3ce9d1a586','1'),('2','9aada469eefd44b4bfc27b4f3fc81f6b','1'),('3','0673d0a7814345e892d28c3ce9d1a586','2'),('4','ddb62967f06c4f558dadff0c06dcafe9','2');
/*!40000 ALTER TABLE `tb_orderitem` ENABLE KEYS */;
UNLOCK TABLES;

--
-- Table structure for table `tb_pictures`
--

DROP TABLE IF EXISTS `tb_pictures`;
/*!40101 SET @saved_cs_client     = @@character_set_client */;
/*!40101 SET character_set_client = utf8 */;
CREATE TABLE `tb_pictures` (
  `PICTURES_ID` varchar(100) NOT NULL,
  `TITLE` varchar(255) DEFAULT NULL COMMENT '标题',
  `NAME` varchar(255) DEFAULT NULL COMMENT '文件名',
  `PATH` varchar(255) DEFAULT NULL COMMENT '路径',
  `CREATETIME` varchar(100) DEFAULT NULL COMMENT '创建时间',
  `MASTER_ID` varchar(255) DEFAULT NULL COMMENT '属于',
  `BZ` varchar(255) DEFAULT NULL COMMENT '备注',
  PRIMARY KEY (`PICTURES_ID`)
) ENGINE=InnoDB DEFAULT CHARSET=utf8;
/*!40101 SET character_set_client = @saved_cs_client */;

--
-- Dumping data for table `tb_pictures`
--

LOCK TABLES `tb_pictures` WRITE;
/*!40000 ALTER TABLE `tb_pictures` DISABLE KEYS */;
INSERT INTO `tb_pictures` VALUES ('b06010340ee54cfab49b8bfbe2387557','图片','5e6ba5ad3067482e9a8063b0627ee983.png','20160125/5e6ba5ad3067482e9a8063b0627ee983.png','2016-01-25 16:49:44','1','图片管理处上传'),('c9f1eca620c94c27bfa7028c66911f41','图片','928da750ec8542ceb7b2495f45ea6a9e.jpg','20160125/928da750ec8542ceb7b2495f45ea6a9e.jpg','2016-01-25 16:49:44','1','图片管理处上传');
/*!40000 ALTER TABLE `tb_pictures` ENABLE KEYS */;
UNLOCK TABLES;

--
-- Table structure for table `weixin_command`
--

DROP TABLE IF EXISTS `weixin_command`;
/*!40101 SET @saved_cs_client     = @@character_set_client */;
/*!40101 SET character_set_client = utf8 */;
CREATE TABLE `weixin_command` (
  `COMMAND_ID` varchar(100) NOT NULL,
  `KEYWORD` varchar(255) DEFAULT NULL COMMENT '关键词',
  `COMMANDCODE` varchar(255) DEFAULT NULL COMMENT '应用路径',
  `CREATETIME` varchar(255) DEFAULT NULL COMMENT '创建时间',
  `STATUS` int(1) NOT NULL COMMENT '状态',
  `BZ` varchar(255) DEFAULT NULL COMMENT '备注',
  PRIMARY KEY (`COMMAND_ID`)
) ENGINE=InnoDB DEFAULT CHARSET=utf8;
/*!40101 SET character_set_client = @saved_cs_client */;

--
-- Dumping data for table `weixin_command`
--

LOCK TABLES `weixin_command` WRITE;
/*!40000 ALTER TABLE `weixin_command` DISABLE KEYS */;
INSERT INTO `weixin_command` VALUES ('2636750f6978451b8330874c9be042c2','锁定服务器','rundll32.exe user32.dll,LockWorkStation','2015-05-10 21:25:06',1,'锁定计算机'),('46217c6d44354010823241ef484f7214','打开浏览器','C:/Program Files/Internet Explorer/iexplore.exe','2015-05-09 02:43:02',1,'打开浏览器操作'),('576adcecce504bf3bb34c6b4da79a177','关闭浏览器','taskkill /f /im iexplore.exe','2015-05-09 02:36:48',2,'关闭浏览器操作'),('854a157c6d99499493f4cc303674c01f','关闭QQ','taskkill /f /im qq.exe','2015-05-10 21:25:46',1,'关闭QQ'),('ab3a8c6310ca4dc8b803ecc547e55ae7','打开QQ','D:/SOFT/QQ/QQ/Bin/qq.exe','2015-05-10 21:25:25',1,'打开QQ');
/*!40000 ALTER TABLE `weixin_command` ENABLE KEYS */;
UNLOCK TABLES;

--
-- Table structure for table `weixin_imgmsg`
--

DROP TABLE IF EXISTS `weixin_imgmsg`;
/*!40101 SET @saved_cs_client     = @@character_set_client */;
/*!40101 SET character_set_client = utf8 */;
CREATE TABLE `weixin_imgmsg` (
  `IMGMSG_ID` varchar(100) NOT NULL,
  `KEYWORD` varchar(255) DEFAULT NULL COMMENT '关键词',
  `CREATETIME` varchar(100) DEFAULT NULL COMMENT '创建时间',
  `STATUS` int(11) NOT NULL COMMENT '状态',
  `BZ` varchar(255) DEFAULT NULL COMMENT '备注',
  `TITLE1` varchar(255) DEFAULT NULL COMMENT '标题1',
  `DESCRIPTION1` varchar(255) DEFAULT NULL COMMENT '描述1',
  `IMGURL1` varchar(255) DEFAULT NULL COMMENT '图片地址1',
  `TOURL1` varchar(255) DEFAULT NULL COMMENT '超链接1',
  `TITLE2` varchar(255) DEFAULT NULL COMMENT '标题2',
  `DESCRIPTION2` varchar(255) DEFAULT NULL COMMENT '描述2',
  `IMGURL2` varchar(255) DEFAULT NULL COMMENT '图片地址2',
  `TOURL2` varchar(255) DEFAULT NULL COMMENT '超链接2',
  `TITLE3` varchar(255) DEFAULT NULL COMMENT '标题3',
  `DESCRIPTION3` varchar(255) DEFAULT NULL COMMENT '描述3',
  `IMGURL3` varchar(255) DEFAULT NULL COMMENT '图片地址3',
  `TOURL3` varchar(255) DEFAULT NULL COMMENT '超链接3',
  `TITLE4` varchar(255) DEFAULT NULL COMMENT '标题4',
  `DESCRIPTION4` varchar(255) DEFAULT NULL COMMENT '描述4',
  `IMGURL4` varchar(255) DEFAULT NULL COMMENT '图片地址4',
  `TOURL4` varchar(255) DEFAULT NULL COMMENT '超链接4',
  `TITLE5` varchar(255) DEFAULT NULL COMMENT '标题5',
  `DESCRIPTION5` varchar(255) DEFAULT NULL COMMENT '描述5',
  `IMGURL5` varchar(255) DEFAULT NULL COMMENT '图片地址5',
  `TOURL5` varchar(255) DEFAULT NULL COMMENT '超链接5',
  `TITLE6` varchar(255) DEFAULT NULL COMMENT '标题6',
  `DESCRIPTION6` varchar(255) DEFAULT NULL COMMENT '描述6',
  `IMGURL6` varchar(255) DEFAULT NULL COMMENT '图片地址6',
  `TOURL6` varchar(255) DEFAULT NULL COMMENT '超链接6',
  `TITLE7` varchar(255) DEFAULT NULL COMMENT '标题7',
  `DESCRIPTION7` varchar(255) DEFAULT NULL COMMENT '描述7',
  `IMGURL7` varchar(255) DEFAULT NULL COMMENT '图片地址7',
  `TOURL7` varchar(255) DEFAULT NULL COMMENT '超链接7',
  `TITLE8` varchar(255) DEFAULT NULL COMMENT '标题8',
  `DESCRIPTION8` varchar(255) DEFAULT NULL COMMENT '描述8',
  `IMGURL8` varchar(255) DEFAULT NULL COMMENT '图片地址8',
  `TOURL8` varchar(255) DEFAULT NULL COMMENT '超链接8',
  PRIMARY KEY (`IMGMSG_ID`)
) ENGINE=InnoDB DEFAULT CHARSET=utf8;
/*!40101 SET character_set_client = @saved_cs_client */;

--
-- Dumping data for table `weixin_imgmsg`
--

LOCK TABLES `weixin_imgmsg` WRITE;
/*!40000 ALTER TABLE `weixin_imgmsg` DISABLE KEYS */;
INSERT INTO `weixin_imgmsg` VALUES ('380b2cb1f4954315b0e20618f7b5bd8f','首页','2015-05-10 20:51:09',1,'图文回复','图文回复标题','图文回复描述','http://a.hiphotos.baidu.com/image/h%3D360/sign=c6c7e73ebc389b5027ffe654b535e5f1/a686c9177f3e6709392bb8df3ec79f3df8dc55e3.jpg','www.baidu.com','','','','','','','','','','','','','','','','','','','','','','','','','','','','');
/*!40000 ALTER TABLE `weixin_imgmsg` ENABLE KEYS */;
UNLOCK TABLES;

--
-- Table structure for table `weixin_textmsg`
--

DROP TABLE IF EXISTS `weixin_textmsg`;
/*!40101 SET @saved_cs_client     = @@character_set_client */;
/*!40101 SET character_set_client = utf8 */;
CREATE TABLE `weixin_textmsg` (
  `TEXTMSG_ID` varchar(100) NOT NULL,
  `KEYWORD` varchar(255) DEFAULT NULL COMMENT '关键词',
  `CONTENT` varchar(255) DEFAULT NULL COMMENT '内容',
  `CREATETIME` varchar(100) DEFAULT NULL COMMENT '创建时间',
  `STATUS` int(2) DEFAULT NULL COMMENT '状态',
  `BZ` varchar(255) DEFAULT NULL COMMENT '备注',
  PRIMARY KEY (`TEXTMSG_ID`)
) ENGINE=InnoDB DEFAULT CHARSET=utf8;
/*!40101 SET character_set_client = @saved_cs_client */;

--
-- Dumping data for table `weixin_textmsg`
--

LOCK TABLES `weixin_textmsg` WRITE;
/*!40000 ALTER TABLE `weixin_textmsg` DISABLE KEYS */;
INSERT INTO `weixin_textmsg` VALUES ('63681adbe7144f10b66d6863e07f23c2','你好','你也好','2015-05-09 02:39:23',1,'文本回复'),('695cd74779734231928a253107ab0eeb','吃饭','吃了噢噢噢噢','2015-05-10 22:52:27',1,'文本回复'),('d4738af7aea74a6ca1a5fb25a98f9acb','关注','这里是关注后回复的内容','2015-05-11 02:12:36',1,'关注回复');
/*!40000 ALTER TABLE `weixin_textmsg` ENABLE KEYS */;
UNLOCK TABLES;
/*!40103 SET TIME_ZONE=@OLD_TIME_ZONE */;

/*!40101 SET SQL_MODE=@OLD_SQL_MODE */;
/*!40014 SET FOREIGN_KEY_CHECKS=@OLD_FOREIGN_KEY_CHECKS */;
/*!40014 SET UNIQUE_CHECKS=@OLD_UNIQUE_CHECKS */;
/*!40101 SET CHARACTER_SET_CLIENT=@OLD_CHARACTER_SET_CLIENT */;
/*!40101 SET CHARACTER_SET_RESULTS=@OLD_CHARACTER_SET_RESULTS */;
/*!40101 SET COLLATION_CONNECTION=@OLD_COLLATION_CONNECTION */;
/*!40111 SET SQL_NOTES=@OLD_SQL_NOTES */;

-- Dump completed on 2016-06-19 17:50:35
